python: can't open file 'train_ma.py': [Errno 2] No such file or directory
Generating 1 envs per character matchup:
hello
hello

Duel: ego=2timescale(Guile, head=0) vs adv=2timescale(Ryu, head=0)  matchup=GuileVsRyu  rounds=100
Recording duel video to: main/videos/duel_2timescale_Guile_vs_2timescale_Ryu.mp4
Generating 1 envs per character matchup:
too many threads/slices (14), reducing to 13
  round 1/100: ego_won=False  ego_hp=72  adv_hp=176
  round 2/100: ego_won=False  ego_hp=58  adv_hp=176
  round 3/100: ego_won=False  ego_hp=94  adv_hp=176
  round 4/100: ego_won=False  ego_hp=81  adv_hp=176
  round 5/100: ego_won=False  ego_hp=74  adv_hp=176
  round 6/100: ego_won=False  ego_hp=71  adv_hp=176
  round 7/100: ego_won=False  ego_hp=75  adv_hp=176
  round 8/100: ego_won=False  ego_hp=81  adv_hp=176
  round 9/100: ego_won=False  ego_hp=79  adv_hp=176
  round 10/100: ego_won=False  ego_hp=70  adv_hp=176
  round 11/100: ego_won=False  ego_hp=74  adv_hp=176
  round 12/100: ego_won=False  ego_hp=79  adv_hp=176
  round 13/100: ego_won=False  ego_hp=69  adv_hp=176
  round 14/100: ego_won=False  ego_hp=78  adv_hp=176
  round 15/100: ego_won=False  ego_hp=82  adv_hp=176
  round 16/100: ego_won=False  ego_hp=72  adv_hp=176
  round 17/100: ego_won=False  ego_hp=78  adv_hp=176
  round 18/100: ego_won=False  ego_hp=52  adv_hp=176
  round 19/100: ego_won=False  ego_hp=71  adv_hp=176
  round 20/100: ego_won=False  ego_hp=56  adv_hp=176
  round 21/100: ego_won=False  ego_hp=76  adv_hp=145
  round 22/100: ego_won=False  ego_hp=71  adv_hp=176
  round 23/100: ego_won=False  ego_hp=54  adv_hp=176
  round 24/100: ego_won=False  ego_hp=78  adv_hp=176
  round 25/100: ego_won=False  ego_hp=77  adv_hp=176
  round 26/100: ego_won=False  ego_hp=68  adv_hp=176
  round 27/100: ego_won=False  ego_hp=87  adv_hp=176
  round 28/100: ego_won=False  ego_hp=82  adv_hp=176
  round 29/100: ego_won=False  ego_hp=75  adv_hp=176
  round 30/100: ego_won=False  ego_hp=70  adv_hp=176
  round 31/100: ego_won=False  ego_hp=74  adv_hp=176
  round 32/100: ego_won=False  ego_hp=72  adv_hp=176
  round 33/100: ego_won=False  ego_hp=42  adv_hp=176
  round 34/100: ego_won=False  ego_hp=79  adv_hp=176
  round 35/100: ego_won=False  ego_hp=79  adv_hp=176
  round 36/100: ego_won=False  ego_hp=78  adv_hp=176
  round 37/100: ego_won=False  ego_hp=75  adv_hp=176
  round 38/100: ego_won=False  ego_hp=91  adv_hp=176
  round 39/100: ego_won=False  ego_hp=74  adv_hp=176
  round 40/100: ego_won=False  ego_hp=24  adv_hp=176
  round 41/100: ego_won=False  ego_hp=82  adv_hp=176
  round 42/100: ego_won=False  ego_hp=81  adv_hp=176
  round 43/100: ego_won=False  ego_hp=71  adv_hp=176
  round 44/100: ego_won=False  ego_hp=63  adv_hp=176
  round 45/100: ego_won=False  ego_hp=81  adv_hp=176
  round 46/100: ego_won=False  ego_hp=82  adv_hp=176
  round 47/100: ego_won=False  ego_hp=76  adv_hp=176
  round 48/100: ego_won=False  ego_hp=74  adv_hp=176
  round 49/100: ego_won=False  ego_hp=73  adv_hp=176
  round 50/100: ego_won=False  ego_hp=73  adv_hp=176
  round 51/100: ego_won=False  ego_hp=74  adv_hp=176
  round 52/100: ego_won=False  ego_hp=68  adv_hp=176
  round 53/100: ego_won=False  ego_hp=72  adv_hp=176
  round 54/100: ego_won=False  ego_hp=72  adv_hp=176
  round 55/100: ego_won=False  ego_hp=75  adv_hp=176
  round 56/100: ego_won=False  ego_hp=76  adv_hp=176
  round 57/100: ego_won=False  ego_hp=44  adv_hp=176
  round 58/100: ego_won=False  ego_hp=81  adv_hp=176
  round 59/100: ego_won=False  ego_hp=80  adv_hp=176
  round 60/100: ego_won=False  ego_hp=75  adv_hp=176
  round 61/100: ego_won=False  ego_hp=82  adv_hp=176
  round 62/100: ego_won=False  ego_hp=65  adv_hp=176
  round 63/100: ego_won=False  ego_hp=84  adv_hp=176
  round 64/100: ego_won=False  ego_hp=72  adv_hp=176
  round 65/100: ego_won=False  ego_hp=78  adv_hp=176
  round 66/100: ego_won=False  ego_hp=78  adv_hp=176
  round 67/100: ego_won=False  ego_hp=76  adv_hp=176
  round 68/100: ego_won=False  ego_hp=71  adv_hp=176
  round 69/100: ego_won=False  ego_hp=52  adv_hp=176
  round 70/100: ego_won=False  ego_hp=81  adv_hp=176
  round 71/100: ego_won=False  ego_hp=73  adv_hp=176
  round 72/100: ego_won=False  ego_hp=79  adv_hp=176
  round 73/100: ego_won=False  ego_hp=76  adv_hp=176
  round 74/100: ego_won=False  ego_hp=73  adv_hp=176
  round 75/100: ego_won=False  ego_hp=72  adv_hp=176
  round 76/100: ego_won=False  ego_hp=81  adv_hp=176
  round 77/100: ego_won=False  ego_hp=83  adv_hp=176
  round 78/100: ego_won=False  ego_hp=81  adv_hp=176
  round 79/100: ego_won=False  ego_hp=79  adv_hp=176
  round 80/100: ego_won=False  ego_hp=77  adv_hp=176
  round 81/100: ego_won=False  ego_hp=73  adv_hp=176
  round 82/100: ego_won=False  ego_hp=71  adv_hp=176
  round 83/100: ego_won=False  ego_hp=81  adv_hp=176
  round 84/100: ego_won=False  ego_hp=82  adv_hp=176
  round 85/100: ego_won=False  ego_hp=77  adv_hp=176
  round 86/100: ego_won=False  ego_hp=65  adv_hp=176
  round 87/100: ego_won=False  ego_hp=76  adv_hp=176
  round 88/100: ego_won=False  ego_hp=78  adv_hp=176
  round 89/100: ego_won=False  ego_hp=76  adv_hp=176
  round 90/100: ego_won=False  ego_hp=92  adv_hp=176
  round 91/100: ego_won=False  ego_hp=78  adv_hp=176
  round 92/100: ego_won=False  ego_hp=67  adv_hp=176
  round 93/100: ego_won=False  ego_hp=89  adv_hp=176
  round 94/100: ego_won=False  ego_hp=71  adv_hp=176
  round 95/100: ego_won=False  ego_hp=74  adv_hp=176
  round 96/100: ego_won=False  ego_hp=73  adv_hp=176
  round 97/100: ego_won=False  ego_hp=86  adv_hp=176
  round 98/100: ego_won=False  ego_hp=81  adv_hp=176
  round 99/100: ego_won=False  ego_hp=74  adv_hp=146
  round 100/100: ego_won=False  ego_hp=73  adv_hp=176
final: ego_win_rate=0.0000  (0/100)  matchup=GuileVsRyu

Duel: ego=2timescale(Guile, head=2) vs adv=2timescale(Sagat, head=1)  matchup=GuileVsSagat  rounds=100
Recording duel video to: main/videos/duel_2timescale_Guile_vs_2timescale_Sagat.mp4
Generating 1 envs per character matchup:
too many threads/slices (14), reducing to 13
  round 1/100: ego_won=False  ego_hp=5  adv_hp=176
  round 2/100: ego_won=False  ego_hp=19  adv_hp=176
  round 3/100: ego_won=False  ego_hp=30  adv_hp=176
  round 4/100: ego_won=False  ego_hp=3  adv_hp=176
  round 5/100: ego_won=False  ego_hp=20  adv_hp=176
  round 6/100: ego_won=False  ego_hp=-1  adv_hp=176
  round 7/100: ego_won=False  ego_hp=28  adv_hp=176
  round 8/100: ego_won=False  ego_hp=15  adv_hp=176
  round 9/100: ego_won=False  ego_hp=3  adv_hp=176
  round 10/100: ego_won=False  ego_hp=-1  adv_hp=176
  round 11/100: ego_won=False  ego_hp=59  adv_hp=176
  round 12/100: ego_won=False  ego_hp=28  adv_hp=176
  round 13/100: ego_won=False  ego_hp=42  adv_hp=176
  round 14/100: ego_won=False  ego_hp=3  adv_hp=176
  round 15/100: ego_won=False  ego_hp=39  adv_hp=176
  round 16/100: ego_won=False  ego_hp=24  adv_hp=176
  round 17/100: ego_won=False  ego_hp=10  adv_hp=176
  round 18/100: ego_won=False  ego_hp=28  adv_hp=176
  round 19/100: ego_won=False  ego_hp=33  adv_hp=176
  round 20/100: ego_won=False  ego_hp=3  adv_hp=176
  round 21/100: ego_won=False  ego_hp=38  adv_hp=176
  round 22/100: ego_won=False  ego_hp=-1  adv_hp=176
  round 23/100: ego_won=False  ego_hp=2  adv_hp=176
  round 24/100: ego_won=False  ego_hp=8  adv_hp=176
  round 25/100: ego_won=False  ego_hp=-1  adv_hp=176
  round 26/100: ego_won=False  ego_hp=20  adv_hp=176
  round 27/100: ego_won=False  ego_hp=17  adv_hp=176
  round 28/100: ego_won=False  ego_hp=3  adv_hp=176
  round 29/100: ego_won=False  ego_hp=6  adv_hp=176
  round 30/100: ego_won=False  ego_hp=2  adv_hp=176
  round 31/100: ego_won=False  ego_hp=3  adv_hp=176
  round 32/100: ego_won=False  ego_hp=29  adv_hp=176
  round 33/100: ego_won=False  ego_hp=8  adv_hp=176
  round 34/100: ego_won=False  ego_hp=47  adv_hp=176
  round 35/100: ego_won=False  ego_hp=33  adv_hp=176
  round 36/100: ego_won=False  ego_hp=3  adv_hp=176
  round 37/100: ego_won=False  ego_hp=10  adv_hp=176
  round 38/100: ego_won=False  ego_hp=12  adv_hp=176
  round 39/100: ego_won=False  ego_hp=1  adv_hp=176
  round 40/100: ego_won=False  ego_hp=-1  adv_hp=176
  round 41/100: ego_won=False  ego_hp=10  adv_hp=176
  round 42/100: ego_won=False  ego_hp=3  adv_hp=176
  round 43/100: ego_won=False  ego_hp=43  adv_hp=176
  round 44/100: ego_won=False  ego_hp=1  adv_hp=176
  round 45/100: ego_won=False  ego_hp=-1  adv_hp=176
  round 46/100: ego_won=False  ego_hp=7  adv_hp=176
  round 47/100: ego_won=False  ego_hp=2  adv_hp=176
  round 48/100: ego_won=False  ego_hp=1  adv_hp=176
  round 49/100: ego_won=False  ego_hp=4  adv_hp=176
  round 50/100: ego_won=False  ego_hp=-1  adv_hp=176
  round 51/100: ego_won=False  ego_hp=50  adv_hp=176
  round 52/100: ego_won=False  ego_hp=32  adv_hp=176
  round 53/100: ego_won=False  ego_hp=17  adv_hp=176
  round 54/100: ego_won=False  ego_hp=8  adv_hp=176
  round 55/100: ego_won=False  ego_hp=42  adv_hp=176
  round 56/100: ego_won=False  ego_hp=4  adv_hp=176
  round 57/100: ego_won=False  ego_hp=13  adv_hp=176
  round 58/100: ego_won=False  ego_hp=0  adv_hp=176
  round 59/100: ego_won=False  ego_hp=32  adv_hp=176
  round 60/100: ego_won=False  ego_hp=7  adv_hp=176
  round 61/100: ego_won=False  ego_hp=13  adv_hp=176
  round 62/100: ego_won=False  ego_hp=18  adv_hp=176
  round 63/100: ego_won=False  ego_hp=7  adv_hp=176
  round 64/100: ego_won=False  ego_hp=3  adv_hp=176
  round 65/100: ego_won=False  ego_hp=21  adv_hp=176
  round 66/100: ego_won=False  ego_hp=36  adv_hp=176
  round 67/100: ego_won=False  ego_hp=12  adv_hp=176
  round 68/100: ego_won=False  ego_hp=0  adv_hp=176
  round 69/100: ego_won=False  ego_hp=-1  adv_hp=176
  round 70/100: ego_won=False  ego_hp=4  adv_hp=176
  round 71/100: ego_won=False  ego_hp=29  adv_hp=176
  round 72/100: ego_won=False  ego_hp=9  adv_hp=176
  round 73/100: ego_won=False  ego_hp=18  adv_hp=176
  round 74/100: ego_won=False  ego_hp=1  adv_hp=176
  round 75/100: ego_won=False  ego_hp=-1  adv_hp=176
  round 76/100: ego_won=False  ego_hp=11  adv_hp=176
  round 77/100: ego_won=False  ego_hp=32  adv_hp=176
  round 78/100: ego_won=False  ego_hp=3  adv_hp=176
  round 79/100: ego_won=False  ego_hp=26  adv_hp=176
  round 80/100: ego_won=False  ego_hp=0  adv_hp=176
  round 81/100: ego_won=False  ego_hp=25  adv_hp=176
  round 82/100: ego_won=False  ego_hp=35  adv_hp=176
  round 83/100: ego_won=False  ego_hp=23  adv_hp=176
  round 84/100: ego_won=False  ego_hp=24  adv_hp=176
  round 85/100: ego_won=False  ego_hp=13  adv_hp=176
  round 86/100: ego_won=False  ego_hp=2  adv_hp=176
  round 87/100: ego_won=False  ego_hp=6  adv_hp=176
  round 88/100: ego_won=False  ego_hp=-1  adv_hp=176
  round 89/100: ego_won=False  ego_hp=8  adv_hp=176
  round 90/100: ego_won=False  ego_hp=7  adv_hp=176
  round 91/100: ego_won=False  ego_hp=5  adv_hp=176
  round 92/100: ego_won=False  ego_hp=9  adv_hp=176
  round 93/100: ego_won=False  ego_hp=47  adv_hp=176
  round 94/100: ego_won=False  ego_hp=54  adv_hp=176
  round 95/100: ego_won=False  ego_hp=23  adv_hp=176
  round 96/100: ego_won=False  ego_hp=6  adv_hp=176
  round 97/100: ego_won=False  ego_hp=21  adv_hp=176
  round 98/100: ego_won=False  ego_hp=63  adv_hp=176
  round 99/100: ego_won=False  ego_hp=32  adv_hp=176
  round 100/100: ego_won=False  ego_hp=47  adv_hp=176
final: ego_win_rate=0.0000  (0/100)  matchup=GuileVsSagat

Duel: ego=2timescale(Guile, head=4) vs adv=2timescale(Ken, head=2)  matchup=GuileVsKen  rounds=100
Recording duel video to: main/videos/duel_2timescale_Guile_vs_2timescale_Ken.mp4
Generating 1 envs per character matchup:
too many threads/slices (14), reducing to 13
  round 1/100: ego_won=True  ego_hp=27  adv_hp=-1
  round 2/100: ego_won=True  ego_hp=11  adv_hp=-1
  round 3/100: ego_won=False  ego_hp=86  adv_hp=176
  round 4/100: ego_won=True  ego_hp=23  adv_hp=-1
  round 5/100: ego_won=True  ego_hp=13  adv_hp=-1
  round 6/100: ego_won=True  ego_hp=47  adv_hp=-1
  round 7/100: ego_won=True  ego_hp=19  adv_hp=-1
  round 8/100: ego_won=True  ego_hp=90  adv_hp=-1
  round 9/100: ego_won=True  ego_hp=3  adv_hp=-1
  round 10/100: ego_won=True  ego_hp=6  adv_hp=-1
  round 11/100: ego_won=True  ego_hp=1  adv_hp=-1
  round 12/100: ego_won=True  ego_hp=46  adv_hp=-1
  round 13/100: ego_won=True  ego_hp=21  adv_hp=-1
  round 14/100: ego_won=True  ego_hp=13  adv_hp=-1
  round 15/100: ego_won=True  ego_hp=155  adv_hp=-1
  round 16/100: ego_won=False  ego_hp=-1  adv_hp=29
  round 17/100: ego_won=True  ego_hp=80  adv_hp=-1
  round 18/100: ego_won=False  ego_hp=-1  adv_hp=54
  round 19/100: ego_won=True  ego_hp=4  adv_hp=-1
  round 20/100: ego_won=True  ego_hp=46  adv_hp=-1
  round 21/100: ego_won=True  ego_hp=39  adv_hp=-1
  round 22/100: ego_won=True  ego_hp=28  adv_hp=-1
  round 23/100: ego_won=True  ego_hp=143  adv_hp=-1
  round 24/100: ego_won=True  ego_hp=106  adv_hp=-1
  round 25/100: ego_won=True  ego_hp=57  adv_hp=-1
  round 26/100: ego_won=True  ego_hp=22  adv_hp=-1
  round 27/100: ego_won=True  ego_hp=62  adv_hp=-1
  round 28/100: ego_won=True  ego_hp=7  adv_hp=-1
  round 29/100: ego_won=True  ego_hp=104  adv_hp=-1
  round 30/100: ego_won=False  ego_hp=-1  adv_hp=110
  round 31/100: ego_won=True  ego_hp=7  adv_hp=-1
  round 32/100: ego_won=True  ego_hp=83  adv_hp=-1
  round 33/100: ego_won=True  ego_hp=59  adv_hp=-1
  round 34/100: ego_won=True  ego_hp=29  adv_hp=-1
  round 35/100: ego_won=True  ego_hp=27  adv_hp=-1
  round 36/100: ego_won=True  ego_hp=71  adv_hp=-1
  round 37/100: ego_won=True  ego_hp=56  adv_hp=-1
  round 38/100: ego_won=True  ego_hp=92  adv_hp=-1
  round 39/100: ego_won=True  ego_hp=11  adv_hp=-1
  round 40/100: ego_won=True  ego_hp=45  adv_hp=-1
  round 41/100: ego_won=True  ego_hp=67  adv_hp=-1
  round 42/100: ego_won=True  ego_hp=96  adv_hp=-1
  round 43/100: ego_won=True  ego_hp=43  adv_hp=-1
  round 44/100: ego_won=True  ego_hp=35  adv_hp=-1
  round 45/100: ego_won=False  ego_hp=-1  adv_hp=111
  round 46/100: ego_won=True  ego_hp=48  adv_hp=-1
  round 47/100: ego_won=True  ego_hp=0  adv_hp=-1
  round 48/100: ego_won=False  ego_hp=-1  adv_hp=102
  round 49/100: ego_won=True  ego_hp=24  adv_hp=-1
  round 50/100: ego_won=True  ego_hp=77  adv_hp=-1
  round 51/100: ego_won=False  ego_hp=-1  adv_hp=1
  round 52/100: ego_won=True  ego_hp=87  adv_hp=-1
  round 53/100: ego_won=False  ego_hp=-1  adv_hp=50
  round 54/100: ego_won=True  ego_hp=75  adv_hp=-1
  round 55/100: ego_won=True  ego_hp=91  adv_hp=-1
  round 56/100: ego_won=True  ego_hp=105  adv_hp=-1
  round 57/100: ego_won=True  ego_hp=28  adv_hp=-1
  round 58/100: ego_won=True  ego_hp=26  adv_hp=-1
  round 59/100: ego_won=False  ego_hp=-1  adv_hp=117
  round 60/100: ego_won=True  ego_hp=39  adv_hp=-1
  round 61/100: ego_won=True  ego_hp=28  adv_hp=-1
  round 62/100: ego_won=True  ego_hp=24  adv_hp=-1
  round 63/100: ego_won=True  ego_hp=11  adv_hp=-1
  round 64/100: ego_won=True  ego_hp=64  adv_hp=-1
  round 65/100: ego_won=False  ego_hp=-1  adv_hp=100
  round 66/100: ego_won=True  ego_hp=57  adv_hp=-1
  round 67/100: ego_won=False  ego_hp=62  adv_hp=132
  round 68/100: ego_won=False  ego_hp=-1  adv_hp=34
  round 69/100: ego_won=True  ego_hp=11  adv_hp=-1
  round 70/100: ego_won=True  ego_hp=56  adv_hp=-1
  round 71/100: ego_won=True  ego_hp=11  adv_hp=-1
  round 72/100: ego_won=False  ego_hp=-1  adv_hp=9
  round 73/100: ego_won=True  ego_hp=9  adv_hp=-1
  round 74/100: ego_won=True  ego_hp=37  adv_hp=-1
  round 75/100: ego_won=True  ego_hp=24  adv_hp=-1
  round 76/100: ego_won=True  ego_hp=73  adv_hp=-1
  round 77/100: ego_won=True  ego_hp=49  adv_hp=-1
  round 78/100: ego_won=True  ego_hp=24  adv_hp=-1
  round 79/100: ego_won=False  ego_hp=-1  adv_hp=10
  round 80/100: ego_won=True  ego_hp=66  adv_hp=-1
  round 81/100: ego_won=False  ego_hp=-1  adv_hp=78
  round 82/100: ego_won=True  ego_hp=2  adv_hp=-1
  round 83/100: ego_won=False  ego_hp=46  adv_hp=132
  round 84/100: ego_won=True  ego_hp=104  adv_hp=-1
  round 85/100: ego_won=True  ego_hp=2  adv_hp=-1
  round 86/100: ego_won=True  ego_hp=28  adv_hp=-1
  round 87/100: ego_won=True  ego_hp=16  adv_hp=-1
  round 88/100: ego_won=False  ego_hp=29  adv_hp=146
  round 89/100: ego_won=True  ego_hp=155  adv_hp=-1
  round 90/100: ego_won=True  ego_hp=31  adv_hp=-1
  round 91/100: ego_won=True  ego_hp=23  adv_hp=-1
  round 92/100: ego_won=True  ego_hp=6  adv_hp=-1
  round 93/100: ego_won=True  ego_hp=4  adv_hp=-1
  round 94/100: ego_won=True  ego_hp=114  adv_hp=-1
  round 95/100: ego_won=True  ego_hp=19  adv_hp=-1
  round 96/100: ego_won=True  ego_hp=13  adv_hp=-1
  round 97/100: ego_won=True  ego_hp=29  adv_hp=-1
  round 98/100: ego_won=True  ego_hp=4  adv_hp=-1
  round 99/100: ego_won=False  ego_hp=-1  adv_hp=73
  round 100/100: ego_won=False  ego_hp=-1  adv_hp=58
final: ego_win_rate=0.8100  (81/100)  matchup=GuileVsKen

Duel: ego=2timescale(Guile, head=6) vs adv=2timescale(Dhalsim, head=3)  matchup=GuileVsDhalsim  rounds=100
Recording duel video to: main/videos/duel_2timescale_Guile_vs_2timescale_Dhalsim.mp4
Generating 1 envs per character matchup:
too many threads/slices (14), reducing to 13
  round 1/100: ego_won=False  ego_hp=131  adv_hp=176
  round 2/100: ego_won=False  ego_hp=101  adv_hp=176
  round 3/100: ego_won=False  ego_hp=171  adv_hp=176
  round 4/100: ego_won=False  ego_hp=109  adv_hp=176
  round 5/100: ego_won=False  ego_hp=87  adv_hp=176
  round 6/100: ego_won=False  ego_hp=94  adv_hp=176
  round 7/100: ego_won=False  ego_hp=92  adv_hp=176
  round 8/100: ego_won=False  ego_hp=81  adv_hp=176
  round 9/100: ego_won=False  ego_hp=128  adv_hp=176
  round 10/100: ego_won=False  ego_hp=101  adv_hp=176
  round 11/100: ego_won=False  ego_hp=77  adv_hp=176
  round 12/100: ego_won=False  ego_hp=81  adv_hp=176
  round 13/100: ego_won=False  ego_hp=111  adv_hp=176
  round 14/100: ego_won=False  ego_hp=84  adv_hp=176
  round 15/100: ego_won=False  ego_hp=84  adv_hp=176
  round 16/100: ego_won=False  ego_hp=107  adv_hp=176
  round 17/100: ego_won=False  ego_hp=109  adv_hp=176
  round 18/100: ego_won=False  ego_hp=80  adv_hp=176
  round 19/100: ego_won=False  ego_hp=72  adv_hp=176
  round 20/100: ego_won=False  ego_hp=111  adv_hp=176
  round 21/100: ego_won=False  ego_hp=116  adv_hp=176
  round 22/100: ego_won=False  ego_hp=106  adv_hp=176
  round 23/100: ego_won=False  ego_hp=82  adv_hp=176
  round 24/100: ego_won=False  ego_hp=91  adv_hp=176
  round 25/100: ego_won=False  ego_hp=82  adv_hp=176
  round 26/100: ego_won=False  ego_hp=156  adv_hp=176
  round 27/100: ego_won=False  ego_hp=133  adv_hp=176
  round 28/100: ego_won=False  ego_hp=91  adv_hp=176
  round 29/100: ego_won=False  ego_hp=106  adv_hp=176
  round 30/100: ego_won=False  ego_hp=82  adv_hp=176
  round 31/100: ego_won=False  ego_hp=86  adv_hp=176
  round 32/100: ego_won=False  ego_hp=94  adv_hp=176
  round 33/100: ego_won=False  ego_hp=136  adv_hp=176
  round 34/100: ego_won=False  ego_hp=89  adv_hp=176
  round 35/100: ego_won=False  ego_hp=92  adv_hp=176
  round 36/100: ego_won=False  ego_hp=83  adv_hp=176
  round 37/100: ego_won=False  ego_hp=94  adv_hp=176
  round 38/100: ego_won=False  ego_hp=96  adv_hp=176
  round 39/100: ego_won=False  ego_hp=119  adv_hp=176
  round 40/100: ego_won=False  ego_hp=73  adv_hp=176
  round 41/100: ego_won=False  ego_hp=52  adv_hp=176
  round 42/100: ego_won=False  ego_hp=91  adv_hp=176
  round 43/100: ego_won=False  ego_hp=82  adv_hp=176
  round 44/100: ego_won=False  ego_hp=81  adv_hp=176
  round 45/100: ego_won=False  ego_hp=94  adv_hp=176
  round 46/100: ego_won=False  ego_hp=89  adv_hp=176
  round 47/100: ego_won=False  ego_hp=86  adv_hp=176
  round 48/100: ego_won=False  ego_hp=114  adv_hp=176
  round 49/100: ego_won=False  ego_hp=103  adv_hp=176
  round 50/100: ego_won=False  ego_hp=91  adv_hp=176
  round 51/100: ego_won=False  ego_hp=81  adv_hp=176
  round 52/100: ego_won=False  ego_hp=74  adv_hp=176
  round 53/100: ego_won=False  ego_hp=74  adv_hp=176
  round 54/100: ego_won=False  ego_hp=95  adv_hp=176
  round 55/100: ego_won=False  ego_hp=96  adv_hp=176
  round 56/100: ego_won=False  ego_hp=82  adv_hp=176
  round 57/100: ego_won=False  ego_hp=89  adv_hp=176
  round 58/100: ego_won=False  ego_hp=75  adv_hp=176
  round 59/100: ego_won=False  ego_hp=98  adv_hp=176
  round 60/100: ego_won=False  ego_hp=87  adv_hp=176
  round 61/100: ego_won=False  ego_hp=96  adv_hp=176
  round 62/100: ego_won=False  ego_hp=99  adv_hp=176
  round 63/100: ego_won=False  ego_hp=109  adv_hp=176
  round 64/100: ego_won=False  ego_hp=97  adv_hp=176
  round 65/100: ego_won=False  ego_hp=114  adv_hp=154
  round 66/100: ego_won=False  ego_hp=91  adv_hp=176
  round 67/100: ego_won=False  ego_hp=94  adv_hp=176
  round 68/100: ego_won=False  ego_hp=91  adv_hp=176
  round 69/100: ego_won=False  ego_hp=116  adv_hp=176
  round 70/100: ego_won=False  ego_hp=101  adv_hp=176
  round 71/100: ego_won=False  ego_hp=84  adv_hp=176
  round 72/100: ego_won=False  ego_hp=120  adv_hp=145
  round 73/100: ego_won=False  ego_hp=91  adv_hp=176
  round 74/100: ego_won=False  ego_hp=79  adv_hp=176
  round 75/100: ego_won=True  ego_hp=156  adv_hp=153
  round 76/100: ego_won=False  ego_hp=116  adv_hp=176
  round 77/100: ego_won=False  ego_hp=122  adv_hp=176
  round 78/100: ego_won=False  ego_hp=69  adv_hp=176
  round 79/100: ego_won=False  ego_hp=96  adv_hp=176
  round 80/100: ego_won=False  ego_hp=91  adv_hp=176
  round 81/100: ego_won=False  ego_hp=129  adv_hp=176
  round 82/100: ego_won=False  ego_hp=94  adv_hp=176
  round 83/100: ego_won=True  ego_hp=158  adv_hp=145
  round 84/100: ego_won=False  ego_hp=114  adv_hp=176
  round 85/100: ego_won=False  ego_hp=96  adv_hp=176
  round 86/100: ego_won=False  ego_hp=94  adv_hp=176
  round 87/100: ego_won=False  ego_hp=134  adv_hp=176
  round 88/100: ego_won=False  ego_hp=91  adv_hp=176
  round 89/100: ego_won=False  ego_hp=81  adv_hp=176
  round 90/100: ego_won=False  ego_hp=58  adv_hp=176
  round 91/100: ego_won=False  ego_hp=132  adv_hp=176
  round 92/100: ego_won=False  ego_hp=91  adv_hp=176
  round 93/100: ego_won=False  ego_hp=78  adv_hp=176
  round 94/100: ego_won=False  ego_hp=84  adv_hp=176
  round 95/100: ego_won=False  ego_hp=66  adv_hp=176
  round 96/100: ego_won=False  ego_hp=104  adv_hp=176
  round 97/100: ego_won=False  ego_hp=106  adv_hp=176
  round 98/100: ego_won=False  ego_hp=79  adv_hp=176
  round 99/100: ego_won=False  ego_hp=50  adv_hp=176
  round 100/100: ego_won=False  ego_hp=91  adv_hp=176
final: ego_win_rate=0.0200  (2/100)  matchup=GuileVsDhalsim
[duel] SKIP GuileVsBlanka: Model has no head trained for matchup 'GuileVsBlanka'. Available matchups: ['GuileVsRyu', 'GuileVsRyu', 'GuileVsSagat', 'GuileVsSagat', 'GuileVsKen', 'GuileVsKen', 'GuileVsDhalsim', 'GuileVsDhalsim', 'GuileVsBalrog', 'GuileVsBalrog', 'GuileVsMBison', 'GuileVsMBison', 'VegaVsRyu', 'VegaVsRyu', 'VegaVsSagat', 'VegaVsSagat', 'VegaVsKen', 'VegaVsKen', 'VegaVsDhalsim', 'VegaVsDhalsim', 'VegaVsBalrog', 'VegaVsBalrog', 'VegaVsMBison', 'VegaVsMBison', 'BlankaVsRyu', 'BlankaVsRyu', 'BlankaVsSagat', 'BlankaVsSagat', 'BlankaVsKen', 'BlankaVsKen', 'BlankaVsDhalsim', 'BlankaVsDhalsim', 'BlankaVsBalrog', 'BlankaVsBalrog', 'BlankaVsMBison', 'BlankaVsMBison', 'ChunLiVsRyu', 'ChunLiVsRyu', 'ChunLiVsSagat', 'ChunLiVsSagat', 'ChunLiVsKen', 'ChunLiVsKen', 'ChunLiVsDhalsim', 'ChunLiVsDhalsim', 'ChunLiVsBalrog', 'ChunLiVsBalrog', 'ChunLiVsMBison', 'ChunLiVsMBison', 'ZangiefVsRyu', 'ZangiefVsRyu', 'ZangiefVsSagat', 'ZangiefVsSagat', 'ZangiefVsKen', 'ZangiefVsKen', 'ZangiefVsDhalsim', 'ZangiefVsDhalsim', 'ZangiefVsBalrog', 'ZangiefVsBalrog', 'ZangiefVsMBison', 'ZangiefVsMBison', 'EHondaVsRyu', 'EHondaVsRyu', 'EHondaVsSagat', 'EHondaVsSagat', 'EHondaVsKen', 'EHondaVsKen', 'EHondaVsDhalsim', 'EHondaVsDhalsim', 'EHondaVsBalrog', 'EHondaVsBalrog', 'EHondaVsMBison', 'EHondaVsMBison']

Duel: ego=2timescale(Guile, head=10) vs adv=2timescale(MBison, head=5)  matchup=GuileVsMBison  rounds=100
Recording duel video to: main/videos/duel_2timescale_Guile_vs_2timescale_MBison.mp4
Generating 1 envs per character matchup:
too many threads/slices (14), reducing to 13
  round 1/100: ego_won=True  ego_hp=93  adv_hp=-1
  round 2/100: ego_won=False  ego_hp=-1  adv_hp=43
  round 3/100: ego_won=False  ego_hp=-1  adv_hp=81
  round 4/100: ego_won=True  ego_hp=53  adv_hp=-1
  round 5/100: ego_won=True  ego_hp=68  adv_hp=-1
  round 6/100: ego_won=True  ego_hp=107  adv_hp=-1
  round 7/100: ego_won=True  ego_hp=78  adv_hp=-1
  round 8/100: ego_won=True  ego_hp=6  adv_hp=-1
  round 9/100: ego_won=True  ego_hp=80  adv_hp=-1
  round 10/100: ego_won=True  ego_hp=12  adv_hp=-1
  round 11/100: ego_won=True  ego_hp=83  adv_hp=-1
  round 12/100: ego_won=True  ego_hp=125  adv_hp=-1
  round 13/100: ego_won=True  ego_hp=81  adv_hp=-1
  round 14/100: ego_won=True  ego_hp=176  adv_hp=-1
  round 15/100: ego_won=True  ego_hp=59  adv_hp=-1
  round 16/100: ego_won=True  ego_hp=55  adv_hp=-1
  round 17/100: ego_won=True  ego_hp=100  adv_hp=-1
  round 18/100: ego_won=True  ego_hp=176  adv_hp=-1
  round 19/100: ego_won=True  ego_hp=23  adv_hp=-1
  round 20/100: ego_won=True  ego_hp=57  adv_hp=-1
  round 21/100: ego_won=True  ego_hp=21  adv_hp=-1
  round 22/100: ego_won=True  ego_hp=147  adv_hp=-1
  round 23/100: ego_won=True  ego_hp=11  adv_hp=-1
  round 24/100: ego_won=True  ego_hp=89  adv_hp=-1
  round 25/100: ego_won=True  ego_hp=0  adv_hp=-1
  round 26/100: ego_won=True  ego_hp=104  adv_hp=-1
  round 27/100: ego_won=True  ego_hp=68  adv_hp=-1
  round 28/100: ego_won=True  ego_hp=46  adv_hp=-1
  round 29/100: ego_won=True  ego_hp=117  adv_hp=-1
  round 30/100: ego_won=True  ego_hp=7  adv_hp=-1
  round 31/100: ego_won=True  ego_hp=121  adv_hp=-1
  round 32/100: ego_won=True  ego_hp=59  adv_hp=-1
  round 33/100: ego_won=True  ego_hp=115  adv_hp=-1
  round 34/100: ego_won=True  ego_hp=67  adv_hp=-1
  round 35/100: ego_won=True  ego_hp=60  adv_hp=-1
  round 36/100: ego_won=True  ego_hp=14  adv_hp=-1
  round 37/100: ego_won=True  ego_hp=135  adv_hp=-1
  round 38/100: ego_won=True  ego_hp=66  adv_hp=-1
  round 39/100: ego_won=True  ego_hp=82  adv_hp=-1
  round 40/100: ego_won=True  ego_hp=36  adv_hp=-1
  round 41/100: ego_won=True  ego_hp=176  adv_hp=-1
  round 42/100: ego_won=True  ego_hp=90  adv_hp=-1
  round 43/100: ego_won=True  ego_hp=142  adv_hp=-1
  round 44/100: ego_won=True  ego_hp=124  adv_hp=-1
  round 45/100: ego_won=True  ego_hp=133  adv_hp=-1
  round 46/100: ego_won=True  ego_hp=46  adv_hp=-1
  round 47/100: ego_won=True  ego_hp=110  adv_hp=-1
  round 48/100: ego_won=True  ego_hp=125  adv_hp=-1
  round 49/100: ego_won=True  ego_hp=35  adv_hp=-1
  round 50/100: ego_won=True  ego_hp=97  adv_hp=-1
  round 51/100: ego_won=True  ego_hp=32  adv_hp=-1
  round 52/100: ego_won=True  ego_hp=17  adv_hp=-1
  round 53/100: ego_won=True  ego_hp=89  adv_hp=-1
  round 54/100: ego_won=True  ego_hp=135  adv_hp=-1
  round 55/100: ego_won=True  ego_hp=105  adv_hp=-1
  round 56/100: ego_won=True  ego_hp=29  adv_hp=-1
  round 57/100: ego_won=True  ego_hp=121  adv_hp=-1
  round 58/100: ego_won=True  ego_hp=147  adv_hp=-1
  round 59/100: ego_won=True  ego_hp=86  adv_hp=-1
  round 60/100: ego_won=True  ego_hp=96  adv_hp=-1
  round 61/100: ego_won=True  ego_hp=7  adv_hp=-1
  round 62/100: ego_won=True  ego_hp=126  adv_hp=-1
  round 63/100: ego_won=True  ego_hp=27  adv_hp=-1
  round 64/100: ego_won=True  ego_hp=45  adv_hp=-1
  round 65/100: ego_won=True  ego_hp=64  adv_hp=-1
  round 66/100: ego_won=True  ego_hp=11  adv_hp=-1
  round 67/100: ego_won=True  ego_hp=65  adv_hp=-1
  round 68/100: ego_won=True  ego_hp=59  adv_hp=-1
  round 69/100: ego_won=True  ego_hp=22  adv_hp=-1
  round 70/100: ego_won=True  ego_hp=43  adv_hp=-1
  round 71/100: ego_won=True  ego_hp=135  adv_hp=-1
  round 72/100: ego_won=True  ego_hp=65  adv_hp=-1
  round 73/100: ego_won=True  ego_hp=114  adv_hp=-1
  round 74/100: ego_won=True  ego_hp=17  adv_hp=-1
  round 75/100: ego_won=True  ego_hp=102  adv_hp=-1
  round 76/100: ego_won=True  ego_hp=35  adv_hp=-1
  round 77/100: ego_won=True  ego_hp=164  adv_hp=-1
  round 78/100: ego_won=True  ego_hp=34  adv_hp=-1
  round 79/100: ego_won=True  ego_hp=75  adv_hp=-1
  round 80/100: ego_won=True  ego_hp=87  adv_hp=-1
  round 81/100: ego_won=True  ego_hp=38  adv_hp=-1
  round 82/100: ego_won=True  ego_hp=102  adv_hp=-1
  round 83/100: ego_won=False  ego_hp=-1  adv_hp=17
  round 84/100: ego_won=True  ego_hp=107  adv_hp=-1
  round 85/100: ego_won=True  ego_hp=16  adv_hp=-1
  round 86/100: ego_won=True  ego_hp=136  adv_hp=-1
  round 87/100: ego_won=True  ego_hp=89  adv_hp=-1
  round 88/100: ego_won=True  ego_hp=154  adv_hp=-1
  round 89/100: ego_won=True  ego_hp=98  adv_hp=-1
  round 90/100: ego_won=True  ego_hp=105  adv_hp=-1
  round 91/100: ego_won=True  ego_hp=135  adv_hp=-1
  round 92/100: ego_won=True  ego_hp=74  adv_hp=-1
  round 93/100: ego_won=True  ego_hp=134  adv_hp=-1
  round 94/100: ego_won=True  ego_hp=102  adv_hp=-1
  round 95/100: ego_won=True  ego_hp=84  adv_hp=-1
  round 96/100: ego_won=True  ego_hp=135  adv_hp=-1
  round 97/100: ego_won=True  ego_hp=36  adv_hp=7
  round 98/100: ego_won=True  ego_hp=176  adv_hp=-1
  round 99/100: ego_won=True  ego_hp=115  adv_hp=-1
  round 100/100: ego_won=True  ego_hp=64  adv_hp=-1
final: ego_win_rate=0.9700  (97/100)  matchup=GuileVsMBison

Duel: ego=2timescale(Vega, head=12) vs adv=2timescale(Ryu, head=6)  matchup=VegaVsRyu  rounds=100
Recording duel video to: main/videos/duel_2timescale_Vega_vs_2timescale_Ryu.mp4
Generating 1 envs per character matchup:
too many threads/slices (14), reducing to 13
Process ForkServerProcess-78:
Traceback (most recent call last):
  File "/home/jw4406/anaconda3/envs/fightladder/lib/python3.8/multiprocessing/process.py", line 315, in _bootstrap
    self.run()
  File "/home/jw4406/anaconda3/envs/fightladder/lib/python3.8/multiprocessing/process.py", line 108, in run
    self._target(*self._args, **self._kwargs)
  File "/home/jw4406/codebase/FightLadder/main/common/utils.py", line 86, in _worker2p
    cmd, data = remote.recv()
  File "/home/jw4406/anaconda3/envs/fightladder/lib/python3.8/multiprocessing/connection.py", line 250, in recv
    buf = self._recv_bytes()
  File "/home/jw4406/anaconda3/envs/fightladder/lib/python3.8/multiprocessing/connection.py", line 414, in _recv_bytes
    buf = self._recv(4)
  File "/home/jw4406/anaconda3/envs/fightladder/lib/python3.8/multiprocessing/connection.py", line 379, in _recv
    chunk = read(handle, remaining)
ConnectionResetError: [Errno 104] Connection reset by peer
Generating 1 envs per character matchup:
hello
hello

Duel: ego=2timescale(Guile, head=0) vs adv=2timescale(Ryu, head=0)  matchup=GuileVsRyu  rounds=100
Recording duel video to: main/videos/duel_2timescale_Guile_vs_2timescale_Ryu.mp4
Generating 1 envs per character matchup:
too many threads/slices (14), reducing to 13
  round 1/100: ego_won=False  ego_hp=72  adv_hp=176
  round 2/100: ego_won=False  ego_hp=58  adv_hp=176
  round 3/100: ego_won=False  ego_hp=94  adv_hp=176
  round 4/100: ego_won=False  ego_hp=81  adv_hp=176
  round 5/100: ego_won=False  ego_hp=74  adv_hp=176
  round 6/100: ego_won=False  ego_hp=71  adv_hp=176
  round 7/100: ego_won=False  ego_hp=75  adv_hp=176
  round 8/100: ego_won=False  ego_hp=81  adv_hp=176
  round 9/100: ego_won=False  ego_hp=79  adv_hp=176
  round 10/100: ego_won=False  ego_hp=70  adv_hp=176
  round 11/100: ego_won=False  ego_hp=74  adv_hp=176
  round 12/100: ego_won=False  ego_hp=79  adv_hp=176
  round 13/100: ego_won=False  ego_hp=69  adv_hp=176
  round 14/100: ego_won=False  ego_hp=78  adv_hp=176
  round 15/100: ego_won=False  ego_hp=82  adv_hp=176
  round 16/100: ego_won=False  ego_hp=72  adv_hp=176
  round 17/100: ego_won=False  ego_hp=78  adv_hp=176
  round 18/100: ego_won=False  ego_hp=52  adv_hp=176
  round 19/100: ego_won=False  ego_hp=71  adv_hp=176
  round 20/100: ego_won=False  ego_hp=56  adv_hp=176
  round 21/100: ego_won=False  ego_hp=76  adv_hp=145
  round 22/100: ego_won=False  ego_hp=71  adv_hp=176
  round 23/100: ego_won=False  ego_hp=54  adv_hp=176
  round 24/100: ego_won=False  ego_hp=78  adv_hp=176
  round 25/100: ego_won=False  ego_hp=77  adv_hp=176
  round 26/100: ego_won=False  ego_hp=68  adv_hp=176
  round 27/100: ego_won=False  ego_hp=87  adv_hp=176
  round 28/100: ego_won=False  ego_hp=82  adv_hp=176
  round 29/100: ego_won=False  ego_hp=75  adv_hp=176
  round 30/100: ego_won=False  ego_hp=70  adv_hp=176
  round 31/100: ego_won=False  ego_hp=74  adv_hp=176
  round 32/100: ego_won=False  ego_hp=72  adv_hp=176
  round 33/100: ego_won=False  ego_hp=42  adv_hp=176
  round 34/100: ego_won=False  ego_hp=79  adv_hp=176
  round 35/100: ego_won=False  ego_hp=79  adv_hp=176
  round 36/100: ego_won=False  ego_hp=78  adv_hp=176
  round 37/100: ego_won=False  ego_hp=75  adv_hp=176
  round 38/100: ego_won=False  ego_hp=91  adv_hp=176
  round 39/100: ego_won=False  ego_hp=74  adv_hp=176
  round 40/100: ego_won=False  ego_hp=24  adv_hp=176
  round 41/100: ego_won=False  ego_hp=82  adv_hp=176
  round 42/100: ego_won=False  ego_hp=81  adv_hp=176
  round 43/100: ego_won=False  ego_hp=71  adv_hp=176
  round 44/100: ego_won=False  ego_hp=63  adv_hp=176
  round 45/100: ego_won=False  ego_hp=81  adv_hp=176
  round 46/100: ego_won=False  ego_hp=82  adv_hp=176
  round 47/100: ego_won=False  ego_hp=76  adv_hp=176
  round 48/100: ego_won=False  ego_hp=74  adv_hp=176
  round 49/100: ego_won=False  ego_hp=73  adv_hp=176
  round 50/100: ego_won=False  ego_hp=73  adv_hp=176
  round 51/100: ego_won=False  ego_hp=74  adv_hp=176
  round 52/100: ego_won=False  ego_hp=68  adv_hp=176
  round 53/100: ego_won=False  ego_hp=72  adv_hp=176
  round 54/100: ego_won=False  ego_hp=72  adv_hp=176
  round 55/100: ego_won=False  ego_hp=75  adv_hp=176
  round 56/100: ego_won=False  ego_hp=76  adv_hp=176
  round 57/100: ego_won=False  ego_hp=44  adv_hp=176
  round 58/100: ego_won=False  ego_hp=81  adv_hp=176
  round 59/100: ego_won=False  ego_hp=80  adv_hp=176
  round 60/100: ego_won=False  ego_hp=75  adv_hp=176
  round 61/100: ego_won=False  ego_hp=82  adv_hp=176
  round 62/100: ego_won=False  ego_hp=65  adv_hp=176
  round 63/100: ego_won=False  ego_hp=84  adv_hp=176
  round 64/100: ego_won=False  ego_hp=72  adv_hp=176
  round 65/100: ego_won=False  ego_hp=78  adv_hp=176
  round 66/100: ego_won=False  ego_hp=78  adv_hp=176
  round 67/100: ego_won=False  ego_hp=76  adv_hp=176
  round 68/100: ego_won=False  ego_hp=71  adv_hp=176
  round 69/100: ego_won=False  ego_hp=52  adv_hp=176
  round 70/100: ego_won=False  ego_hp=81  adv_hp=176
  round 71/100: ego_won=False  ego_hp=73  adv_hp=176
  round 72/100: ego_won=False  ego_hp=79  adv_hp=176
  round 73/100: ego_won=False  ego_hp=76  adv_hp=176
  round 74/100: ego_won=False  ego_hp=73  adv_hp=176
  round 75/100: ego_won=False  ego_hp=72  adv_hp=176
  round 76/100: ego_won=False  ego_hp=81  adv_hp=176
  round 77/100: ego_won=False  ego_hp=83  adv_hp=176
  round 78/100: ego_won=False  ego_hp=81  adv_hp=176
  round 79/100: ego_won=False  ego_hp=79  adv_hp=176
  round 80/100: ego_won=False  ego_hp=77  adv_hp=176
  round 81/100: ego_won=False  ego_hp=73  adv_hp=176
  round 82/100: ego_won=False  ego_hp=71  adv_hp=176
  round 83/100: ego_won=False  ego_hp=81  adv_hp=176
  round 84/100: ego_won=False  ego_hp=82  adv_hp=176
  round 85/100: ego_won=False  ego_hp=77  adv_hp=176
  round 86/100: ego_won=False  ego_hp=65  adv_hp=176
  round 87/100: ego_won=False  ego_hp=76  adv_hp=176
  round 88/100: ego_won=False  ego_hp=78  adv_hp=176
  round 89/100: ego_won=False  ego_hp=76  adv_hp=176
  round 90/100: ego_won=False  ego_hp=92  adv_hp=176
  round 91/100: ego_won=False  ego_hp=78  adv_hp=176
  round 92/100: ego_won=False  ego_hp=67  adv_hp=176
  round 93/100: ego_won=False  ego_hp=89  adv_hp=176
  round 94/100: ego_won=False  ego_hp=71  adv_hp=176
  round 95/100: ego_won=False  ego_hp=74  adv_hp=176
  round 96/100: ego_won=False  ego_hp=73  adv_hp=176
  round 97/100: ego_won=False  ego_hp=86  adv_hp=176
  round 98/100: ego_won=False  ego_hp=81  adv_hp=176
  round 99/100: ego_won=False  ego_hp=74  adv_hp=146
  round 100/100: ego_won=False  ego_hp=73  adv_hp=176
final: ego_win_rate=0.0000  (0/100)  matchup=GuileVsRyu

Duel: ego=2timescale(Guile, head=2) vs adv=2timescale(Sagat, head=1)  matchup=GuileVsSagat  rounds=100
Recording duel video to: main/videos/duel_2timescale_Guile_vs_2timescale_Sagat.mp4
Generating 1 envs per character matchup:
too many threads/slices (14), reducing to 13
  round 1/100: ego_won=False  ego_hp=5  adv_hp=176
  round 2/100: ego_won=False  ego_hp=19  adv_hp=176
  round 3/100: ego_won=False  ego_hp=30  adv_hp=176
  round 4/100: ego_won=False  ego_hp=3  adv_hp=176
  round 5/100: ego_won=False  ego_hp=20  adv_hp=176
  round 6/100: ego_won=False  ego_hp=-1  adv_hp=176
  round 7/100: ego_won=False  ego_hp=28  adv_hp=176
  round 8/100: ego_won=False  ego_hp=15  adv_hp=176
  round 9/100: ego_won=False  ego_hp=3  adv_hp=176
  round 10/100: ego_won=False  ego_hp=-1  adv_hp=176
  round 11/100: ego_won=False  ego_hp=59  adv_hp=176
  round 12/100: ego_won=False  ego_hp=28  adv_hp=176
  round 13/100: ego_won=False  ego_hp=42  adv_hp=176
  round 14/100: ego_won=False  ego_hp=3  adv_hp=176
  round 15/100: ego_won=False  ego_hp=39  adv_hp=176
  round 16/100: ego_won=False  ego_hp=24  adv_hp=176
  round 17/100: ego_won=False  ego_hp=10  adv_hp=176
  round 18/100: ego_won=False  ego_hp=28  adv_hp=176
  round 19/100: ego_won=False  ego_hp=33  adv_hp=176
  round 20/100: ego_won=False  ego_hp=3  adv_hp=176
  round 21/100: ego_won=False  ego_hp=38  adv_hp=176
  round 22/100: ego_won=False  ego_hp=-1  adv_hp=176
  round 23/100: ego_won=False  ego_hp=2  adv_hp=176
  round 24/100: ego_won=False  ego_hp=8  adv_hp=176
  round 25/100: ego_won=False  ego_hp=-1  adv_hp=176
  round 26/100: ego_won=False  ego_hp=20  adv_hp=176
  round 27/100: ego_won=False  ego_hp=17  adv_hp=176
  round 28/100: ego_won=False  ego_hp=3  adv_hp=176
  round 29/100: ego_won=False  ego_hp=6  adv_hp=176
  round 30/100: ego_won=False  ego_hp=2  adv_hp=176
  round 31/100: ego_won=False  ego_hp=3  adv_hp=176
  round 32/100: ego_won=False  ego_hp=29  adv_hp=176
  round 33/100: ego_won=False  ego_hp=8  adv_hp=176
  round 34/100: ego_won=False  ego_hp=47  adv_hp=176
  round 35/100: ego_won=False  ego_hp=33  adv_hp=176
  round 36/100: ego_won=False  ego_hp=3  adv_hp=176
  round 37/100: ego_won=False  ego_hp=10  adv_hp=176
  round 38/100: ego_won=False  ego_hp=12  adv_hp=176
  round 39/100: ego_won=False  ego_hp=1  adv_hp=176
  round 40/100: ego_won=False  ego_hp=-1  adv_hp=176
  round 41/100: ego_won=False  ego_hp=10  adv_hp=176
  round 42/100: ego_won=False  ego_hp=3  adv_hp=176
  round 43/100: ego_won=False  ego_hp=43  adv_hp=176
  round 44/100: ego_won=False  ego_hp=1  adv_hp=176
  round 45/100: ego_won=False  ego_hp=-1  adv_hp=176
  round 46/100: ego_won=False  ego_hp=7  adv_hp=176
  round 47/100: ego_won=False  ego_hp=2  adv_hp=176
  round 48/100: ego_won=False  ego_hp=1  adv_hp=176
  round 49/100: ego_won=False  ego_hp=4  adv_hp=176
  round 50/100: ego_won=False  ego_hp=-1  adv_hp=176
  round 51/100: ego_won=False  ego_hp=50  adv_hp=176
  round 52/100: ego_won=False  ego_hp=32  adv_hp=176
  round 53/100: ego_won=False  ego_hp=17  adv_hp=176
  round 54/100: ego_won=False  ego_hp=8  adv_hp=176
  round 55/100: ego_won=False  ego_hp=42  adv_hp=176
  round 56/100: ego_won=False  ego_hp=4  adv_hp=176
  round 57/100: ego_won=False  ego_hp=13  adv_hp=176
  round 58/100: ego_won=False  ego_hp=0  adv_hp=176
  round 59/100: ego_won=False  ego_hp=32  adv_hp=176
  round 60/100: ego_won=False  ego_hp=7  adv_hp=176
  round 61/100: ego_won=False  ego_hp=13  adv_hp=176
  round 62/100: ego_won=False  ego_hp=18  adv_hp=176
  round 63/100: ego_won=False  ego_hp=7  adv_hp=176
  round 64/100: ego_won=False  ego_hp=3  adv_hp=176
  round 65/100: ego_won=False  ego_hp=21  adv_hp=176
  round 66/100: ego_won=False  ego_hp=36  adv_hp=176
  round 67/100: ego_won=False  ego_hp=12  adv_hp=176
  round 68/100: ego_won=False  ego_hp=0  adv_hp=176
  round 69/100: ego_won=False  ego_hp=-1  adv_hp=176
  round 70/100: ego_won=False  ego_hp=4  adv_hp=176
  round 71/100: ego_won=False  ego_hp=29  adv_hp=176
  round 72/100: ego_won=False  ego_hp=9  adv_hp=176
  round 73/100: ego_won=False  ego_hp=18  adv_hp=176
  round 74/100: ego_won=False  ego_hp=1  adv_hp=176
  round 75/100: ego_won=False  ego_hp=-1  adv_hp=176
  round 76/100: ego_won=False  ego_hp=11  adv_hp=176
  round 77/100: ego_won=False  ego_hp=32  adv_hp=176
  round 78/100: ego_won=False  ego_hp=3  adv_hp=176
  round 79/100: ego_won=False  ego_hp=26  adv_hp=176
  round 80/100: ego_won=False  ego_hp=0  adv_hp=176
  round 81/100: ego_won=False  ego_hp=25  adv_hp=176
  round 82/100: ego_won=False  ego_hp=35  adv_hp=176
  round 83/100: ego_won=False  ego_hp=23  adv_hp=176
  round 84/100: ego_won=False  ego_hp=24  adv_hp=176
  round 85/100: ego_won=False  ego_hp=13  adv_hp=176
  round 86/100: ego_won=False  ego_hp=2  adv_hp=176
  round 87/100: ego_won=False  ego_hp=6  adv_hp=176
  round 88/100: ego_won=False  ego_hp=-1  adv_hp=176
  round 89/100: ego_won=False  ego_hp=8  adv_hp=176
  round 90/100: ego_won=False  ego_hp=7  adv_hp=176
  round 91/100: ego_won=False  ego_hp=5  adv_hp=176
  round 92/100: ego_won=False  ego_hp=9  adv_hp=176
  round 93/100: ego_won=False  ego_hp=47  adv_hp=176
  round 94/100: ego_won=False  ego_hp=54  adv_hp=176
  round 95/100: ego_won=False  ego_hp=23  adv_hp=176
  round 96/100: ego_won=False  ego_hp=6  adv_hp=176
  round 97/100: ego_won=False  ego_hp=21  adv_hp=176
  round 98/100: ego_won=False  ego_hp=63  adv_hp=176
  round 99/100: ego_won=False  ego_hp=32  adv_hp=176
  round 100/100: ego_won=False  ego_hp=47  adv_hp=176
final: ego_win_rate=0.0000  (0/100)  matchup=GuileVsSagat

Duel: ego=2timescale(Guile, head=4) vs adv=2timescale(Ken, head=2)  matchup=GuileVsKen  rounds=100
Recording duel video to: main/videos/duel_2timescale_Guile_vs_2timescale_Ken.mp4
Generating 1 envs per character matchup:
too many threads/slices (14), reducing to 13
  round 1/100: ego_won=True  ego_hp=27  adv_hp=-1
  round 2/100: ego_won=True  ego_hp=11  adv_hp=-1
  round 3/100: ego_won=False  ego_hp=86  adv_hp=176
  round 4/100: ego_won=True  ego_hp=23  adv_hp=-1
  round 5/100: ego_won=True  ego_hp=13  adv_hp=-1
  round 6/100: ego_won=True  ego_hp=47  adv_hp=-1
  round 7/100: ego_won=True  ego_hp=19  adv_hp=-1
  round 8/100: ego_won=True  ego_hp=90  adv_hp=-1
  round 9/100: ego_won=True  ego_hp=3  adv_hp=-1
  round 10/100: ego_won=True  ego_hp=6  adv_hp=-1
  round 11/100: ego_won=True  ego_hp=1  adv_hp=-1
  round 12/100: ego_won=True  ego_hp=46  adv_hp=-1
  round 13/100: ego_won=True  ego_hp=21  adv_hp=-1
  round 14/100: ego_won=True  ego_hp=13  adv_hp=-1
  round 15/100: ego_won=True  ego_hp=155  adv_hp=-1
  round 16/100: ego_won=False  ego_hp=-1  adv_hp=29
  round 17/100: ego_won=True  ego_hp=80  adv_hp=-1
  round 18/100: ego_won=False  ego_hp=-1  adv_hp=54
  round 19/100: ego_won=True  ego_hp=4  adv_hp=-1
  round 20/100: ego_won=True  ego_hp=46  adv_hp=-1
  round 21/100: ego_won=True  ego_hp=39  adv_hp=-1
  round 22/100: ego_won=True  ego_hp=28  adv_hp=-1
  round 23/100: ego_won=True  ego_hp=143  adv_hp=-1
  round 24/100: ego_won=True  ego_hp=106  adv_hp=-1
  round 25/100: ego_won=True  ego_hp=57  adv_hp=-1
  round 26/100: ego_won=True  ego_hp=22  adv_hp=-1
  round 27/100: ego_won=True  ego_hp=62  adv_hp=-1
  round 28/100: ego_won=True  ego_hp=7  adv_hp=-1
  round 29/100: ego_won=True  ego_hp=104  adv_hp=-1
  round 30/100: ego_won=False  ego_hp=-1  adv_hp=110
  round 31/100: ego_won=True  ego_hp=7  adv_hp=-1
  round 32/100: ego_won=True  ego_hp=83  adv_hp=-1
  round 33/100: ego_won=True  ego_hp=59  adv_hp=-1
  round 34/100: ego_won=True  ego_hp=29  adv_hp=-1
  round 35/100: ego_won=True  ego_hp=27  adv_hp=-1
  round 36/100: ego_won=True  ego_hp=71  adv_hp=-1
  round 37/100: ego_won=True  ego_hp=56  adv_hp=-1
  round 38/100: ego_won=True  ego_hp=92  adv_hp=-1
  round 39/100: ego_won=True  ego_hp=11  adv_hp=-1
  round 40/100: ego_won=True  ego_hp=45  adv_hp=-1
  round 41/100: ego_won=True  ego_hp=67  adv_hp=-1
  round 42/100: ego_won=True  ego_hp=96  adv_hp=-1
  round 43/100: ego_won=True  ego_hp=43  adv_hp=-1
  round 44/100: ego_won=True  ego_hp=35  adv_hp=-1
  round 45/100: ego_won=False  ego_hp=-1  adv_hp=111
  round 46/100: ego_won=True  ego_hp=48  adv_hp=-1
  round 47/100: ego_won=True  ego_hp=0  adv_hp=-1
  round 48/100: ego_won=False  ego_hp=-1  adv_hp=102
  round 49/100: ego_won=True  ego_hp=24  adv_hp=-1
  round 50/100: ego_won=True  ego_hp=77  adv_hp=-1
  round 51/100: ego_won=False  ego_hp=-1  adv_hp=1
  round 52/100: ego_won=True  ego_hp=87  adv_hp=-1
  round 53/100: ego_won=False  ego_hp=-1  adv_hp=50
  round 54/100: ego_won=True  ego_hp=75  adv_hp=-1
  round 55/100: ego_won=True  ego_hp=91  adv_hp=-1
  round 56/100: ego_won=True  ego_hp=105  adv_hp=-1
  round 57/100: ego_won=True  ego_hp=28  adv_hp=-1
  round 58/100: ego_won=True  ego_hp=26  adv_hp=-1
  round 59/100: ego_won=False  ego_hp=-1  adv_hp=117
  round 60/100: ego_won=True  ego_hp=39  adv_hp=-1
  round 61/100: ego_won=True  ego_hp=28  adv_hp=-1
  round 62/100: ego_won=True  ego_hp=24  adv_hp=-1
  round 63/100: ego_won=True  ego_hp=11  adv_hp=-1
  round 64/100: ego_won=True  ego_hp=64  adv_hp=-1
  round 65/100: ego_won=False  ego_hp=-1  adv_hp=100
  round 66/100: ego_won=True  ego_hp=57  adv_hp=-1
  round 67/100: ego_won=False  ego_hp=62  adv_hp=132
  round 68/100: ego_won=False  ego_hp=-1  adv_hp=34
  round 69/100: ego_won=True  ego_hp=11  adv_hp=-1
  round 70/100: ego_won=True  ego_hp=56  adv_hp=-1
  round 71/100: ego_won=True  ego_hp=11  adv_hp=-1
  round 72/100: ego_won=False  ego_hp=-1  adv_hp=9
  round 73/100: ego_won=True  ego_hp=9  adv_hp=-1
  round 74/100: ego_won=True  ego_hp=37  adv_hp=-1
  round 75/100: ego_won=True  ego_hp=24  adv_hp=-1
  round 76/100: ego_won=True  ego_hp=73  adv_hp=-1
  round 77/100: ego_won=True  ego_hp=49  adv_hp=-1
  round 78/100: ego_won=True  ego_hp=24  adv_hp=-1
  round 79/100: ego_won=False  ego_hp=-1  adv_hp=10
  round 80/100: ego_won=True  ego_hp=66  adv_hp=-1
  round 81/100: ego_won=False  ego_hp=-1  adv_hp=78
  round 82/100: ego_won=True  ego_hp=2  adv_hp=-1
  round 83/100: ego_won=False  ego_hp=46  adv_hp=132
  round 84/100: ego_won=True  ego_hp=104  adv_hp=-1
  round 85/100: ego_won=True  ego_hp=2  adv_hp=-1
  round 86/100: ego_won=True  ego_hp=28  adv_hp=-1
  round 87/100: ego_won=True  ego_hp=16  adv_hp=-1
  round 88/100: ego_won=False  ego_hp=29  adv_hp=146
  round 89/100: ego_won=True  ego_hp=155  adv_hp=-1
  round 90/100: ego_won=True  ego_hp=31  adv_hp=-1
  round 91/100: ego_won=True  ego_hp=23  adv_hp=-1
  round 92/100: ego_won=True  ego_hp=6  adv_hp=-1
  round 93/100: ego_won=True  ego_hp=4  adv_hp=-1
  round 94/100: ego_won=True  ego_hp=114  adv_hp=-1
  round 95/100: ego_won=True  ego_hp=19  adv_hp=-1
  round 96/100: ego_won=True  ego_hp=13  adv_hp=-1
  round 97/100: ego_won=True  ego_hp=29  adv_hp=-1
  round 98/100: ego_won=True  ego_hp=4  adv_hp=-1
  round 99/100: ego_won=False  ego_hp=-1  adv_hp=73
  round 100/100: ego_won=False  ego_hp=-1  adv_hp=58
final: ego_win_rate=0.8100  (81/100)  matchup=GuileVsKen

Duel: ego=2timescale(Guile, head=6) vs adv=2timescale(Dhalsim, head=3)  matchup=GuileVsDhalsim  rounds=100
Recording duel video to: main/videos/duel_2timescale_Guile_vs_2timescale_Dhalsim.mp4
Generating 1 envs per character matchup:
too many threads/slices (14), reducing to 13
  round 1/100: ego_won=False  ego_hp=131  adv_hp=176
  round 2/100: ego_won=False  ego_hp=101  adv_hp=176
  round 3/100: ego_won=False  ego_hp=171  adv_hp=176
  round 4/100: ego_won=False  ego_hp=109  adv_hp=176
  round 5/100: ego_won=False  ego_hp=87  adv_hp=176
  round 6/100: ego_won=False  ego_hp=94  adv_hp=176
  round 7/100: ego_won=False  ego_hp=92  adv_hp=176
  round 8/100: ego_won=False  ego_hp=81  adv_hp=176
  round 9/100: ego_won=False  ego_hp=128  adv_hp=176
  round 10/100: ego_won=False  ego_hp=101  adv_hp=176
  round 11/100: ego_won=False  ego_hp=77  adv_hp=176
  round 12/100: ego_won=False  ego_hp=81  adv_hp=176
  round 13/100: ego_won=False  ego_hp=111  adv_hp=176
  round 14/100: ego_won=False  ego_hp=84  adv_hp=176
  round 15/100: ego_won=False  ego_hp=84  adv_hp=176
  round 16/100: ego_won=False  ego_hp=107  adv_hp=176
  round 17/100: ego_won=False  ego_hp=109  adv_hp=176
  round 18/100: ego_won=False  ego_hp=80  adv_hp=176
  round 19/100: ego_won=False  ego_hp=72  adv_hp=176
  round 20/100: ego_won=False  ego_hp=111  adv_hp=176
  round 21/100: ego_won=False  ego_hp=116  adv_hp=176
  round 22/100: ego_won=False  ego_hp=106  adv_hp=176
  round 23/100: ego_won=False  ego_hp=82  adv_hp=176
  round 24/100: ego_won=False  ego_hp=91  adv_hp=176
  round 25/100: ego_won=False  ego_hp=82  adv_hp=176
  round 26/100: ego_won=False  ego_hp=156  adv_hp=176
  round 27/100: ego_won=False  ego_hp=133  adv_hp=176
  round 28/100: ego_won=False  ego_hp=91  adv_hp=176
  round 29/100: ego_won=False  ego_hp=106  adv_hp=176
  round 30/100: ego_won=False  ego_hp=82  adv_hp=176
  round 31/100: ego_won=False  ego_hp=86  adv_hp=176
  round 32/100: ego_won=False  ego_hp=94  adv_hp=176
  round 33/100: ego_won=False  ego_hp=136  adv_hp=176
  round 34/100: ego_won=False  ego_hp=89  adv_hp=176
  round 35/100: ego_won=False  ego_hp=92  adv_hp=176
  round 36/100: ego_won=False  ego_hp=83  adv_hp=176
  round 37/100: ego_won=False  ego_hp=94  adv_hp=176
  round 38/100: ego_won=False  ego_hp=96  adv_hp=176
  round 39/100: ego_won=False  ego_hp=119  adv_hp=176
  round 40/100: ego_won=False  ego_hp=73  adv_hp=176
  round 41/100: ego_won=False  ego_hp=52  adv_hp=176
  round 42/100: ego_won=False  ego_hp=91  adv_hp=176
  round 43/100: ego_won=False  ego_hp=82  adv_hp=176
  round 44/100: ego_won=False  ego_hp=81  adv_hp=176
  round 45/100: ego_won=False  ego_hp=94  adv_hp=176
  round 46/100: ego_won=False  ego_hp=89  adv_hp=176
  round 47/100: ego_won=False  ego_hp=86  adv_hp=176
  round 48/100: ego_won=False  ego_hp=114  adv_hp=176
  round 49/100: ego_won=False  ego_hp=103  adv_hp=176
  round 50/100: ego_won=False  ego_hp=91  adv_hp=176
  round 51/100: ego_won=False  ego_hp=81  adv_hp=176
  round 52/100: ego_won=False  ego_hp=74  adv_hp=176
  round 53/100: ego_won=False  ego_hp=74  adv_hp=176
  round 54/100: ego_won=False  ego_hp=95  adv_hp=176
  round 55/100: ego_won=False  ego_hp=96  adv_hp=176
  round 56/100: ego_won=False  ego_hp=82  adv_hp=176
  round 57/100: ego_won=False  ego_hp=89  adv_hp=176
  round 58/100: ego_won=False  ego_hp=75  adv_hp=176
  round 59/100: ego_won=False  ego_hp=98  adv_hp=176
  round 60/100: ego_won=False  ego_hp=87  adv_hp=176
  round 61/100: ego_won=False  ego_hp=96  adv_hp=176
  round 62/100: ego_won=False  ego_hp=99  adv_hp=176
  round 63/100: ego_won=False  ego_hp=109  adv_hp=176
  round 64/100: ego_won=False  ego_hp=97  adv_hp=176
  round 65/100: ego_won=False  ego_hp=114  adv_hp=154
  round 66/100: ego_won=False  ego_hp=91  adv_hp=176
  round 67/100: ego_won=False  ego_hp=94  adv_hp=176
  round 68/100: ego_won=False  ego_hp=91  adv_hp=176
  round 69/100: ego_won=False  ego_hp=116  adv_hp=176
  round 70/100: ego_won=False  ego_hp=101  adv_hp=176
  round 71/100: ego_won=False  ego_hp=84  adv_hp=176
  round 72/100: ego_won=False  ego_hp=120  adv_hp=145
  round 73/100: ego_won=False  ego_hp=91  adv_hp=176
  round 74/100: ego_won=False  ego_hp=79  adv_hp=176
  round 75/100: ego_won=True  ego_hp=156  adv_hp=153
  round 76/100: ego_won=False  ego_hp=116  adv_hp=176
  round 77/100: ego_won=False  ego_hp=122  adv_hp=176
  round 78/100: ego_won=False  ego_hp=69  adv_hp=176
  round 79/100: ego_won=False  ego_hp=96  adv_hp=176
  round 80/100: ego_won=False  ego_hp=91  adv_hp=176
  round 81/100: ego_won=False  ego_hp=129  adv_hp=176
  round 82/100: ego_won=False  ego_hp=94  adv_hp=176
  round 83/100: ego_won=True  ego_hp=158  adv_hp=145
  round 84/100: ego_won=False  ego_hp=114  adv_hp=176
  round 85/100: ego_won=False  ego_hp=96  adv_hp=176
  round 86/100: ego_won=False  ego_hp=94  adv_hp=176
  round 87/100: ego_won=False  ego_hp=134  adv_hp=176
  round 88/100: ego_won=False  ego_hp=91  adv_hp=176
  round 89/100: ego_won=False  ego_hp=81  adv_hp=176
  round 90/100: ego_won=False  ego_hp=58  adv_hp=176
  round 91/100: ego_won=False  ego_hp=132  adv_hp=176
  round 92/100: ego_won=False  ego_hp=91  adv_hp=176
  round 93/100: ego_won=False  ego_hp=78  adv_hp=176
  round 94/100: ego_won=False  ego_hp=84  adv_hp=176
  round 95/100: ego_won=False  ego_hp=66  adv_hp=176
  round 96/100: ego_won=False  ego_hp=104  adv_hp=176
  round 97/100: ego_won=False  ego_hp=106  adv_hp=176
  round 98/100: ego_won=False  ego_hp=79  adv_hp=176
  round 99/100: ego_won=False  ego_hp=50  adv_hp=176
  round 100/100: ego_won=False  ego_hp=91  adv_hp=176
final: ego_win_rate=0.0200  (2/100)  matchup=GuileVsDhalsim

Duel: ego=2timescale(Guile, head=8) vs adv=2timescale(Balrog, head=4)  matchup=GuileVsBalrog  rounds=100
Recording duel video to: main/videos/duel_2timescale_Guile_vs_2timescale_Balrog.mp4
Generating 1 envs per character matchup:
too many threads/slices (14), reducing to 13
  round 1/100: ego_won=False  ego_hp=176  adv_hp=176
  round 2/100: ego_won=False  ego_hp=176  adv_hp=176
  round 3/100: ego_won=False  ego_hp=176  adv_hp=176
  round 4/100: ego_won=False  ego_hp=176  adv_hp=176
  round 5/100: ego_won=False  ego_hp=176  adv_hp=176
  round 6/100: ego_won=False  ego_hp=176  adv_hp=176
  round 7/100: ego_won=False  ego_hp=176  adv_hp=176
  round 8/100: ego_won=False  ego_hp=176  adv_hp=176
  round 9/100: ego_won=False  ego_hp=176  adv_hp=176
  round 10/100: ego_won=False  ego_hp=176  adv_hp=176
  round 11/100: ego_won=False  ego_hp=176  adv_hp=176
  round 12/100: ego_won=False  ego_hp=176  adv_hp=176
  round 13/100: ego_won=False  ego_hp=176  adv_hp=176
  round 14/100: ego_won=False  ego_hp=176  adv_hp=176
  round 15/100: ego_won=False  ego_hp=176  adv_hp=176
  round 16/100: ego_won=False  ego_hp=176  adv_hp=176
  round 17/100: ego_won=False  ego_hp=176  adv_hp=176
  round 18/100: ego_won=False  ego_hp=176  adv_hp=176
  round 19/100: ego_won=False  ego_hp=176  adv_hp=176
  round 20/100: ego_won=False  ego_hp=176  adv_hp=176
  round 21/100: ego_won=False  ego_hp=176  adv_hp=176
  round 22/100: ego_won=False  ego_hp=176  adv_hp=176
  round 23/100: ego_won=False  ego_hp=176  adv_hp=176
  round 24/100: ego_won=False  ego_hp=176  adv_hp=176
  round 25/100: ego_won=False  ego_hp=176  adv_hp=176
  round 26/100: ego_won=False  ego_hp=176  adv_hp=176
  round 27/100: ego_won=False  ego_hp=176  adv_hp=176
  round 28/100: ego_won=False  ego_hp=176  adv_hp=176
  round 29/100: ego_won=False  ego_hp=176  adv_hp=176
  round 30/100: ego_won=False  ego_hp=176  adv_hp=176
  round 31/100: ego_won=False  ego_hp=176  adv_hp=176
  round 32/100: ego_won=False  ego_hp=176  adv_hp=176
  round 33/100: ego_won=False  ego_hp=176  adv_hp=176
  round 34/100: ego_won=False  ego_hp=176  adv_hp=176
  round 35/100: ego_won=False  ego_hp=176  adv_hp=176
  round 36/100: ego_won=False  ego_hp=176  adv_hp=176
  round 37/100: ego_won=False  ego_hp=176  adv_hp=176
  round 38/100: ego_won=False  ego_hp=176  adv_hp=176
  round 39/100: ego_won=False  ego_hp=176  adv_hp=176
  round 40/100: ego_won=False  ego_hp=176  adv_hp=176
  round 41/100: ego_won=False  ego_hp=176  adv_hp=176
  round 42/100: ego_won=False  ego_hp=176  adv_hp=176
  round 43/100: ego_won=False  ego_hp=176  adv_hp=176
  round 44/100: ego_won=False  ego_hp=176  adv_hp=176
  round 45/100: ego_won=False  ego_hp=176  adv_hp=176
  round 46/100: ego_won=False  ego_hp=176  adv_hp=176
  round 47/100: ego_won=False  ego_hp=176  adv_hp=176
  round 48/100: ego_won=False  ego_hp=176  adv_hp=176
  round 49/100: ego_won=False  ego_hp=176  adv_hp=176
  round 50/100: ego_won=False  ego_hp=176  adv_hp=176
  round 51/100: ego_won=False  ego_hp=176  adv_hp=176
  round 52/100: ego_won=False  ego_hp=176  adv_hp=176
  round 53/100: ego_won=False  ego_hp=176  adv_hp=176
  round 54/100: ego_won=False  ego_hp=176  adv_hp=176
  round 55/100: ego_won=False  ego_hp=176  adv_hp=176
  round 56/100: ego_won=False  ego_hp=176  adv_hp=176
  round 57/100: ego_won=False  ego_hp=176  adv_hp=176
  round 58/100: ego_won=False  ego_hp=176  adv_hp=176
  round 59/100: ego_won=False  ego_hp=176  adv_hp=176
  round 60/100: ego_won=False  ego_hp=176  adv_hp=176
  round 61/100: ego_won=False  ego_hp=176  adv_hp=176
  round 62/100: ego_won=False  ego_hp=176  adv_hp=176
  round 63/100: ego_won=False  ego_hp=176  adv_hp=176
  round 64/100: ego_won=False  ego_hp=176  adv_hp=176
  round 65/100: ego_won=False  ego_hp=176  adv_hp=176
  round 66/100: ego_won=False  ego_hp=176  adv_hp=176
  round 67/100: ego_won=False  ego_hp=176  adv_hp=176
  round 68/100: ego_won=False  ego_hp=176  adv_hp=176
  round 69/100: ego_won=False  ego_hp=176  adv_hp=176
  round 70/100: ego_won=False  ego_hp=176  adv_hp=176
  round 71/100: ego_won=False  ego_hp=176  adv_hp=176
  round 72/100: ego_won=False  ego_hp=176  adv_hp=176
  round 73/100: ego_won=False  ego_hp=176  adv_hp=176
  round 74/100: ego_won=False  ego_hp=176  adv_hp=176
  round 75/100: ego_won=False  ego_hp=176  adv_hp=176
  round 76/100: ego_won=False  ego_hp=176  adv_hp=176
  round 77/100: ego_won=False  ego_hp=176  adv_hp=176
  round 78/100: ego_won=False  ego_hp=176  adv_hp=176
  round 79/100: ego_won=False  ego_hp=176  adv_hp=176
  round 80/100: ego_won=False  ego_hp=176  adv_hp=176
  round 81/100: ego_won=False  ego_hp=176  adv_hp=176
  round 82/100: ego_won=False  ego_hp=176  adv_hp=176
  round 83/100: ego_won=False  ego_hp=176  adv_hp=176
  round 84/100: ego_won=False  ego_hp=176  adv_hp=176
  round 85/100: ego_won=False  ego_hp=176  adv_hp=176
  round 86/100: ego_won=False  ego_hp=176  adv_hp=176
  round 87/100: ego_won=False  ego_hp=176  adv_hp=176
  round 88/100: ego_won=False  ego_hp=176  adv_hp=176
  round 89/100: ego_won=False  ego_hp=176  adv_hp=176
  round 90/100: ego_won=False  ego_hp=176  adv_hp=176
  round 91/100: ego_won=False  ego_hp=176  adv_hp=176
  round 92/100: ego_won=False  ego_hp=176  adv_hp=176
  round 93/100: ego_won=False  ego_hp=176  adv_hp=176
  round 94/100: ego_won=False  ego_hp=176  adv_hp=176
  round 95/100: ego_won=False  ego_hp=176  adv_hp=176
  round 96/100: ego_won=False  ego_hp=176  adv_hp=176
  round 97/100: ego_won=False  ego_hp=176  adv_hp=176
  round 98/100: ego_won=False  ego_hp=176  adv_hp=176
  round 99/100: ego_won=False  ego_hp=176  adv_hp=176
  round 100/100: ego_won=False  ego_hp=176  adv_hp=176
final: ego_win_rate=0.0000  (0/100)  matchup=GuileVsBalrog

Duel: ego=2timescale(Guile, head=10) vs adv=2timescale(MBison, head=5)  matchup=GuileVsMBison  rounds=100
Recording duel video to: main/videos/duel_2timescale_Guile_vs_2timescale_MBison.mp4
Generating 1 envs per character matchup:
too many threads/slices (14), reducing to 13
  round 1/100: ego_won=True  ego_hp=75  adv_hp=-1
  round 2/100: ego_won=True  ego_hp=64  adv_hp=-1
  round 3/100: ego_won=True  ego_hp=38  adv_hp=-1
  round 4/100: ego_won=True  ego_hp=84  adv_hp=-1
  round 5/100: ego_won=True  ego_hp=132  adv_hp=-1
  round 6/100: ego_won=True  ego_hp=147  adv_hp=-1
  round 7/100: ego_won=True  ego_hp=165  adv_hp=-1
  round 8/100: ego_won=True  ego_hp=147  adv_hp=-1
  round 9/100: ego_won=True  ego_hp=62  adv_hp=-1
  round 10/100: ego_won=True  ego_hp=50  adv_hp=-1
  round 11/100: ego_won=True  ego_hp=55  adv_hp=-1
  round 12/100: ego_won=True  ego_hp=76  adv_hp=-1
  round 13/100: ego_won=True  ego_hp=22  adv_hp=-1
  round 14/100: ego_won=True  ego_hp=176  adv_hp=-1
  round 15/100: ego_won=True  ego_hp=5  adv_hp=-1
  round 16/100: ego_won=True  ego_hp=95  adv_hp=-1
  round 17/100: ego_won=True  ego_hp=165  adv_hp=-1
  round 18/100: ego_won=True  ego_hp=67  adv_hp=-1
  round 19/100: ego_won=True  ego_hp=43  adv_hp=-1
  round 20/100: ego_won=True  ego_hp=64  adv_hp=-1
  round 21/100: ego_won=True  ego_hp=78  adv_hp=-1
  round 22/100: ego_won=True  ego_hp=24  adv_hp=-1
  round 23/100: ego_won=True  ego_hp=124  adv_hp=-1
  round 24/100: ego_won=True  ego_hp=149  adv_hp=-1
  round 25/100: ego_won=True  ego_hp=71  adv_hp=-1
  round 26/100: ego_won=True  ego_hp=154  adv_hp=-1
  round 27/100: ego_won=True  ego_hp=123  adv_hp=-1
  round 28/100: ego_won=True  ego_hp=91  adv_hp=-1
  round 29/100: ego_won=True  ego_hp=108  adv_hp=-1
  round 30/100: ego_won=True  ego_hp=55  adv_hp=-1
  round 31/100: ego_won=True  ego_hp=147  adv_hp=-1
  round 32/100: ego_won=True  ego_hp=27  adv_hp=-1
  round 33/100: ego_won=True  ego_hp=89  adv_hp=-1
  round 34/100: ego_won=True  ego_hp=103  adv_hp=-1
  round 35/100: ego_won=True  ego_hp=146  adv_hp=-1
  round 36/100: ego_won=True  ego_hp=4  adv_hp=-1
  round 37/100: ego_won=True  ego_hp=113  adv_hp=-1
  round 38/100: ego_won=True  ego_hp=94  adv_hp=-1
  round 39/100: ego_won=True  ego_hp=31  adv_hp=-1
  round 40/100: ego_won=True  ego_hp=7  adv_hp=-1
  round 41/100: ego_won=True  ego_hp=65  adv_hp=-1
  round 42/100: ego_won=True  ego_hp=82  adv_hp=-1
  round 43/100: ego_won=True  ego_hp=159  adv_hp=-1
  round 44/100: ego_won=True  ego_hp=17  adv_hp=-1
  round 45/100: ego_won=True  ego_hp=96  adv_hp=-1
  round 46/100: ego_won=True  ego_hp=85  adv_hp=-1
  round 47/100: ego_won=False  ego_hp=-1  adv_hp=49
  round 48/100: ego_won=True  ego_hp=107  adv_hp=-1
  round 49/100: ego_won=True  ego_hp=146  adv_hp=-1
  round 50/100: ego_won=True  ego_hp=118  adv_hp=-1
  round 51/100: ego_won=True  ego_hp=31  adv_hp=-1
  round 52/100: ego_won=True  ego_hp=27  adv_hp=-1
  round 53/100: ego_won=True  ego_hp=53  adv_hp=-1
  round 54/100: ego_won=True  ego_hp=152  adv_hp=-1
  round 55/100: ego_won=True  ego_hp=76  adv_hp=-1
  round 56/100: ego_won=True  ego_hp=66  adv_hp=-1
  round 57/100: ego_won=False  ego_hp=-1  adv_hp=40
  round 58/100: ego_won=True  ego_hp=35  adv_hp=-1
  round 59/100: ego_won=True  ego_hp=94  adv_hp=-1
  round 60/100: ego_won=True  ego_hp=164  adv_hp=-1
  round 61/100: ego_won=True  ego_hp=12  adv_hp=-1
  round 62/100: ego_won=True  ego_hp=147  adv_hp=-1
  round 63/100: ego_won=True  ego_hp=31  adv_hp=-1
  round 64/100: ego_won=True  ego_hp=39  adv_hp=-1
  round 65/100: ego_won=True  ego_hp=31  adv_hp=-1
  round 66/100: ego_won=True  ego_hp=78  adv_hp=-1
  round 67/100: ego_won=True  ego_hp=19  adv_hp=-1
  round 68/100: ego_won=True  ego_hp=165  adv_hp=-1
  round 69/100: ego_won=True  ego_hp=0  adv_hp=-1
  round 70/100: ego_won=True  ego_hp=78  adv_hp=-1
  round 71/100: ego_won=True  ego_hp=165  adv_hp=-1
  round 72/100: ego_won=True  ego_hp=27  adv_hp=-1
  round 73/100: ego_won=True  ego_hp=43  adv_hp=-1
  round 74/100: ego_won=True  ego_hp=95  adv_hp=-1
  round 75/100: ego_won=True  ego_hp=12  adv_hp=-1
  round 76/100: ego_won=True  ego_hp=88  adv_hp=-1
  round 77/100: ego_won=True  ego_hp=147  adv_hp=-1
  round 78/100: ego_won=True  ego_hp=136  adv_hp=-1
  round 79/100: ego_won=True  ego_hp=69  adv_hp=-1
  round 80/100: ego_won=True  ego_hp=65  adv_hp=-1
  round 81/100: ego_won=True  ego_hp=1  adv_hp=-1
  round 82/100: ego_won=True  ego_hp=5  adv_hp=-1
  round 83/100: ego_won=True  ego_hp=141  adv_hp=-1
  round 84/100: ego_won=True  ego_hp=90  adv_hp=-1
  round 85/100: ego_won=True  ego_hp=176  adv_hp=-1
  round 86/100: ego_won=True  ego_hp=136  adv_hp=-1
  round 87/100: ego_won=True  ego_hp=20  adv_hp=-1
  round 88/100: ego_won=True  ego_hp=90  adv_hp=-1
  round 89/100: ego_won=True  ego_hp=136  adv_hp=-1
  round 90/100: ego_won=True  ego_hp=94  adv_hp=-1
  round 91/100: ego_won=True  ego_hp=33  adv_hp=-1
  round 92/100: ego_won=True  ego_hp=50  adv_hp=-1
  round 93/100: ego_won=True  ego_hp=176  adv_hp=-1
  round 94/100: ego_won=True  ego_hp=65  adv_hp=-1
  round 95/100: ego_won=True  ego_hp=11  adv_hp=-1
  round 96/100: ego_won=True  ego_hp=36  adv_hp=-1
  round 97/100: ego_won=True  ego_hp=79  adv_hp=-1
  round 98/100: ego_won=True  ego_hp=10  adv_hp=-1
  round 99/100: ego_won=True  ego_hp=145  adv_hp=-1
  round 100/100: ego_won=True  ego_hp=3  adv_hp=-1
final: ego_win_rate=0.9800  (98/100)  matchup=GuileVsMBison

Duel: ego=2timescale(Vega, head=12) vs adv=2timescale(Ryu, head=6)  matchup=VegaVsRyu  rounds=100
Recording duel video to: main/videos/duel_2timescale_Vega_vs_2timescale_Ryu.mp4
Generating 1 envs per character matchup:
too many threads/slices (14), reducing to 13
  round 1/100: ego_won=True  ego_hp=118  adv_hp=49
  round 2/100: ego_won=False  ego_hp=-1  adv_hp=176
  round 3/100: ego_won=True  ego_hp=112  adv_hp=106
  round 4/100: ego_won=True  ego_hp=104  adv_hp=89
  round 5/100: ego_won=False  ego_hp=94  adv_hp=98
  round 6/100: ego_won=False  ego_hp=106  adv_hp=137
  round 7/100: ego_won=False  ego_hp=-1  adv_hp=151
  round 8/100: ego_won=False  ego_hp=-1  adv_hp=176
  round 9/100: ego_won=False  ego_hp=-1  adv_hp=132
  round 10/100: ego_won=True  ego_hp=112  adv_hp=76
  round 11/100: ego_won=False  ego_hp=-1  adv_hp=103
  round 12/100: ego_won=False  ego_hp=-1  adv_hp=115
  round 13/100: ego_won=True  ego_hp=104  adv_hp=27
  round 14/100: ego_won=False  ego_hp=-1  adv_hp=89
  round 15/100: ego_won=False  ego_hp=112  adv_hp=159
  round 16/100: ego_won=False  ego_hp=112  adv_hp=137
  round 17/100: ego_won=False  ego_hp=-1  adv_hp=140
  round 18/100: ego_won=False  ego_hp=-1  adv_hp=145
  round 19/100: ego_won=False  ego_hp=112  adv_hp=166
  round 20/100: ego_won=False  ego_hp=-1  adv_hp=154
  round 21/100: ego_won=False  ego_hp=-1  adv_hp=176
  round 22/100: ego_won=False  ego_hp=-1  adv_hp=103
  round 23/100: ego_won=False  ego_hp=-1  adv_hp=115
  round 24/100: ego_won=False  ego_hp=-1  adv_hp=123
  round 25/100: ego_won=False  ego_hp=-1  adv_hp=142
  round 26/100: ego_won=False  ego_hp=-1  adv_hp=151
  round 27/100: ego_won=False  ego_hp=-1  adv_hp=107
  round 28/100: ego_won=True  ego_hp=112  adv_hp=58
  round 29/100: ego_won=True  ego_hp=112  adv_hp=82
  round 30/100: ego_won=False  ego_hp=-1  adv_hp=76
  round 31/100: ego_won=True  ego_hp=112  adv_hp=111
  round 32/100: ego_won=True  ego_hp=112  adv_hp=76
  round 33/100: ego_won=False  ego_hp=-1  adv_hp=176
  round 34/100: ego_won=False  ego_hp=-1  adv_hp=120
  round 35/100: ego_won=True  ego_hp=112  adv_hp=90
  round 36/100: ego_won=False  ego_hp=-1  adv_hp=110
  round 37/100: ego_won=True  ego_hp=120  adv_hp=115
  round 38/100: ego_won=False  ego_hp=69  adv_hp=139
  round 39/100: ego_won=False  ego_hp=-1  adv_hp=105
  round 40/100: ego_won=True  ego_hp=112  adv_hp=71
  round 41/100: ego_won=False  ego_hp=-1  adv_hp=63
  round 42/100: ego_won=False  ego_hp=-1  adv_hp=123
  round 43/100: ego_won=False  ego_hp=-1  adv_hp=137
  round 44/100: ego_won=False  ego_hp=-1  adv_hp=176
  round 45/100: ego_won=False  ego_hp=-1  adv_hp=166
  round 46/100: ego_won=False  ego_hp=104  adv_hp=120
  round 47/100: ego_won=True  ego_hp=133  adv_hp=112
  round 48/100: ego_won=False  ego_hp=-1  adv_hp=129
  round 49/100: ego_won=True  ego_hp=112  adv_hp=75
  round 50/100: ego_won=False  ego_hp=-1  adv_hp=72
  round 51/100: ego_won=False  ego_hp=-1  adv_hp=54
  round 52/100: ego_won=False  ego_hp=-1  adv_hp=112
  round 53/100: ego_won=False  ego_hp=-1  adv_hp=176
  round 54/100: ego_won=True  ego_hp=107  adv_hp=59
  round 55/100: ego_won=True  ego_hp=100  adv_hp=98
  round 56/100: ego_won=False  ego_hp=-1  adv_hp=120
  round 57/100: ego_won=False  ego_hp=-1  adv_hp=98
  round 58/100: ego_won=False  ego_hp=-1  adv_hp=98
  round 59/100: ego_won=False  ego_hp=-1  adv_hp=154
  round 60/100: ego_won=False  ego_hp=-1  adv_hp=142
  round 61/100: ego_won=True  ego_hp=100  adv_hp=71
  round 62/100: ego_won=False  ego_hp=-1  adv_hp=120
  round 63/100: ego_won=False  ego_hp=-1  adv_hp=137
  round 64/100: ego_won=False  ego_hp=-1  adv_hp=93
  round 65/100: ego_won=False  ego_hp=-1  adv_hp=115
  round 66/100: ego_won=False  ego_hp=-1  adv_hp=115
  round 67/100: ego_won=False  ego_hp=-1  adv_hp=176
  round 68/100: ego_won=False  ego_hp=5  adv_hp=142
  round 69/100: ego_won=True  ego_hp=112  adv_hp=107
  round 70/100: ego_won=False  ego_hp=112  adv_hp=120
  round 71/100: ego_won=False  ego_hp=-1  adv_hp=120
  round 72/100: ego_won=False  ego_hp=-1  adv_hp=98
  round 73/100: ego_won=False  ego_hp=-1  adv_hp=176
  round 74/100: ego_won=False  ego_hp=-1  adv_hp=115
  round 75/100: ego_won=False  ego_hp=-1  adv_hp=159
  round 76/100: ego_won=False  ego_hp=-1  adv_hp=103
  round 77/100: ego_won=True  ego_hp=112  adv_hp=98
  round 78/100: ego_won=False  ego_hp=-1  adv_hp=125
  round 79/100: ego_won=False  ego_hp=-1  adv_hp=98
  round 80/100: ego_won=False  ego_hp=-1  adv_hp=159
  round 81/100: ego_won=False  ego_hp=-1  adv_hp=145
  round 82/100: ego_won=False  ego_hp=-1  adv_hp=53
  round 83/100: ego_won=True  ego_hp=98  adv_hp=64
  round 84/100: ego_won=False  ego_hp=-1  adv_hp=142
  round 85/100: ego_won=False  ego_hp=-1  adv_hp=75
  round 86/100: ego_won=False  ego_hp=-1  adv_hp=154
  round 87/100: ego_won=False  ego_hp=-1  adv_hp=142
  round 88/100: ego_won=False  ego_hp=-1  adv_hp=154
  round 89/100: ego_won=False  ego_hp=39  adv_hp=110
  round 90/100: ego_won=False  ego_hp=-1  adv_hp=159
  round 91/100: ego_won=False  ego_hp=-1  adv_hp=125
  round 92/100: ego_won=False  ego_hp=104  adv_hp=123
  round 93/100: ego_won=False  ego_hp=112  adv_hp=154
  round 94/100: ego_won=False  ego_hp=-1  adv_hp=85
  round 95/100: ego_won=False  ego_hp=-1  adv_hp=142
  round 96/100: ego_won=False  ego_hp=-1  adv_hp=142
  round 97/100: ego_won=True  ego_hp=93  adv_hp=23
  round 98/100: ego_won=True  ego_hp=112  adv_hp=103
  round 99/100: ego_won=False  ego_hp=-1  adv_hp=159
  round 100/100: ego_won=True  ego_hp=112  adv_hp=98
final: ego_win_rate=0.2300  (23/100)  matchup=VegaVsRyu

Duel: ego=2timescale(Vega, head=14) vs adv=2timescale(Sagat, head=7)  matchup=VegaVsSagat  rounds=100
Recording duel video to: main/videos/duel_2timescale_Vega_vs_2timescale_Sagat.mp4
Generating 1 envs per character matchup:
too many threads/slices (14), reducing to 13
  round 1/100: ego_won=True  ego_hp=129  adv_hp=89
  round 2/100: ego_won=False  ego_hp=149  adv_hp=176
  round 3/100: ego_won=True  ego_hp=176  adv_hp=137
  round 4/100: ego_won=False  ego_hp=171  adv_hp=176
  round 5/100: ego_won=False  ego_hp=101  adv_hp=135
  round 6/100: ego_won=False  ego_hp=171  adv_hp=176
  round 7/100: ego_won=False  ego_hp=171  adv_hp=176
  round 8/100: ego_won=False  ego_hp=153  adv_hp=176
  round 9/100: ego_won=False  ego_hp=154  adv_hp=176
  round 10/100: ego_won=False  ego_hp=171  adv_hp=176
  round 11/100: ego_won=False  ego_hp=176  adv_hp=176
  round 12/100: ego_won=False  ego_hp=90  adv_hp=122
  round 13/100: ego_won=False  ego_hp=97  adv_hp=139
  round 14/100: ego_won=False  ego_hp=101  adv_hp=102
  round 15/100: ego_won=True  ego_hp=149  adv_hp=107
  round 16/100: ego_won=True  ego_hp=72  adv_hp=55
  round 17/100: ego_won=False  ego_hp=171  adv_hp=176
  round 18/100: ego_won=False  ego_hp=171  adv_hp=176
  round 19/100: ego_won=False  ego_hp=154  adv_hp=176
  round 20/100: ego_won=False  ego_hp=119  adv_hp=131
  round 21/100: ego_won=False  ego_hp=154  adv_hp=176
  round 22/100: ego_won=True  ego_hp=147  adv_hp=-1
  round 23/100: ego_won=False  ego_hp=176  adv_hp=176
  round 24/100: ego_won=False  ego_hp=176  adv_hp=176
  round 25/100: ego_won=False  ego_hp=149  adv_hp=176
  round 26/100: ego_won=False  ego_hp=176  adv_hp=176
  round 27/100: ego_won=False  ego_hp=112  adv_hp=137
  round 28/100: ego_won=True  ego_hp=72  adv_hp=56
  round 29/100: ego_won=False  ego_hp=154  adv_hp=176
  round 30/100: ego_won=True  ego_hp=113  adv_hp=44
  round 31/100: ego_won=False  ego_hp=153  adv_hp=176
  round 32/100: ego_won=False  ego_hp=7  adv_hp=122
  round 33/100: ego_won=False  ego_hp=176  adv_hp=176
  round 34/100: ego_won=True  ego_hp=130  adv_hp=119
  round 35/100: ego_won=False  ego_hp=128  adv_hp=149
  round 36/100: ego_won=False  ego_hp=15  adv_hp=83
  round 37/100: ego_won=True  ego_hp=176  adv_hp=159
  round 38/100: ego_won=False  ego_hp=84  adv_hp=144
  round 39/100: ego_won=False  ego_hp=92  adv_hp=116
  round 40/100: ego_won=True  ego_hp=64  adv_hp=57
  round 41/100: ego_won=False  ego_hp=171  adv_hp=176
  round 42/100: ego_won=False  ego_hp=171  adv_hp=176
  round 43/100: ego_won=False  ego_hp=176  adv_hp=176
  round 44/100: ego_won=False  ego_hp=86  adv_hp=116
  round 45/100: ego_won=False  ego_hp=154  adv_hp=176
  round 46/100: ego_won=False  ego_hp=171  adv_hp=176
  round 47/100: ego_won=False  ego_hp=143  adv_hp=154
  round 48/100: ego_won=False  ego_hp=176  adv_hp=176
  round 49/100: ego_won=True  ego_hp=130  adv_hp=128
  round 50/100: ego_won=False  ego_hp=154  adv_hp=176
  round 51/100: ego_won=False  ego_hp=154  adv_hp=176
  round 52/100: ego_won=True  ego_hp=131  adv_hp=76
  round 53/100: ego_won=False  ego_hp=154  adv_hp=176
  round 54/100: ego_won=False  ego_hp=176  adv_hp=176
  round 55/100: ego_won=False  ego_hp=67  adv_hp=82
  round 56/100: ego_won=False  ego_hp=147  adv_hp=176
  round 57/100: ego_won=True  ego_hp=88  adv_hp=66
  round 58/100: ego_won=False  ego_hp=176  adv_hp=176
  round 59/100: ego_won=False  ego_hp=154  adv_hp=176
  round 60/100: ego_won=False  ego_hp=154  adv_hp=176
  round 61/100: ego_won=True  ego_hp=144  adv_hp=102
  round 62/100: ego_won=False  ego_hp=171  adv_hp=176
  round 63/100: ego_won=True  ego_hp=93  adv_hp=79
  round 64/100: ego_won=True  ego_hp=112  adv_hp=68
  round 65/100: ego_won=False  ego_hp=153  adv_hp=176
  round 66/100: ego_won=True  ego_hp=166  adv_hp=138
  round 67/100: ego_won=True  ego_hp=97  adv_hp=-1
  round 68/100: ego_won=False  ego_hp=176  adv_hp=176
  round 69/100: ego_won=True  ego_hp=85  adv_hp=77
  round 70/100: ego_won=True  ego_hp=136  adv_hp=108
  round 71/100: ego_won=True  ego_hp=176  adv_hp=159
  round 72/100: ego_won=False  ego_hp=176  adv_hp=176
  round 73/100: ego_won=False  ego_hp=1  adv_hp=89
  round 74/100: ego_won=True  ego_hp=98  adv_hp=37
  round 75/100: ego_won=False  ego_hp=145  adv_hp=159
  round 76/100: ego_won=False  ego_hp=25  adv_hp=126
  round 77/100: ego_won=False  ego_hp=171  adv_hp=176
  round 78/100: ego_won=True  ego_hp=59  adv_hp=40
  round 79/100: ego_won=True  ego_hp=88  adv_hp=85
  round 80/100: ego_won=True  ego_hp=139  adv_hp=137
  round 81/100: ego_won=False  ego_hp=171  adv_hp=176
  round 82/100: ego_won=False  ego_hp=154  adv_hp=176
  round 83/100: ego_won=True  ego_hp=116  adv_hp=115
  round 84/100: ego_won=True  ego_hp=48  adv_hp=0
  round 85/100: ego_won=False  ego_hp=153  adv_hp=176
  round 86/100: ego_won=False  ego_hp=171  adv_hp=176
  round 87/100: ego_won=False  ego_hp=154  adv_hp=176
  round 88/100: ego_won=True  ego_hp=145  adv_hp=139
  round 89/100: ego_won=True  ego_hp=107  adv_hp=90
  round 90/100: ego_won=True  ego_hp=118  adv_hp=90
  round 91/100: ego_won=True  ego_hp=139  adv_hp=134
  round 92/100: ego_won=False  ego_hp=176  adv_hp=176
  round 93/100: ego_won=False  ego_hp=139  adv_hp=154
  round 94/100: ego_won=False  ego_hp=149  adv_hp=176
  round 95/100: ego_won=False  ego_hp=176  adv_hp=176
  round 96/100: ego_won=False  ego_hp=170  adv_hp=176
  round 97/100: ego_won=True  ego_hp=128  adv_hp=103
  round 98/100: ego_won=True  ego_hp=154  adv_hp=145
  round 99/100: ego_won=False  ego_hp=53  adv_hp=123
  round 100/100: ego_won=False  ego_hp=176  adv_hp=176
final: ego_win_rate=0.3300  (33/100)  matchup=VegaVsSagat

Duel: ego=2timescale(Vega, head=16) vs adv=2timescale(Ken, head=8)  matchup=VegaVsKen  rounds=100
Recording duel video to: main/videos/duel_2timescale_Vega_vs_2timescale_Ken.mp4
Generating 1 envs per character matchup:
too many threads/slices (14), reducing to 13
  round 1/100: ego_won=True  ego_hp=176  adv_hp=159
  round 2/100: ego_won=True  ego_hp=176  adv_hp=120
  round 3/100: ego_won=True  ego_hp=176  adv_hp=120
  round 4/100: ego_won=True  ego_hp=176  adv_hp=127
  round 5/100: ego_won=True  ego_hp=176  adv_hp=127
  round 6/100: ego_won=True  ego_hp=176  adv_hp=159
  round 7/100: ego_won=True  ego_hp=176  adv_hp=154
  round 8/100: ego_won=True  ego_hp=176  adv_hp=159
  round 9/100: ego_won=True  ego_hp=176  adv_hp=95
  round 10/100: ego_won=True  ego_hp=176  adv_hp=159
  round 11/100: ego_won=True  ego_hp=176  adv_hp=159
  round 12/100: ego_won=True  ego_hp=176  adv_hp=159
  round 13/100: ego_won=True  ego_hp=176  adv_hp=137
  round 14/100: ego_won=True  ego_hp=176  adv_hp=159
  round 15/100: ego_won=True  ego_hp=176  adv_hp=137
  round 16/100: ego_won=True  ego_hp=176  adv_hp=159
  round 17/100: ego_won=True  ego_hp=176  adv_hp=159
  round 18/100: ego_won=False  ego_hp=143  adv_hp=176
  round 19/100: ego_won=True  ego_hp=176  adv_hp=159
  round 20/100: ego_won=True  ego_hp=176  adv_hp=94
  round 21/100: ego_won=True  ego_hp=176  adv_hp=159
  round 22/100: ego_won=True  ego_hp=176  adv_hp=159
  round 23/100: ego_won=False  ego_hp=147  adv_hp=149
  round 24/100: ego_won=True  ego_hp=147  adv_hp=117
  round 25/100: ego_won=True  ego_hp=176  adv_hp=159
  round 26/100: ego_won=False  ego_hp=118  adv_hp=159
  round 27/100: ego_won=True  ego_hp=176  adv_hp=159
  round 28/100: ego_won=True  ego_hp=176  adv_hp=145
  round 29/100: ego_won=True  ego_hp=176  adv_hp=159
  round 30/100: ego_won=True  ego_hp=171  adv_hp=142
  round 31/100: ego_won=False  ego_hp=147  adv_hp=159
  round 32/100: ego_won=False  ego_hp=117  adv_hp=120
  round 33/100: ego_won=True  ego_hp=176  adv_hp=159
  round 34/100: ego_won=True  ego_hp=176  adv_hp=137
  round 35/100: ego_won=True  ego_hp=176  adv_hp=159
  round 36/100: ego_won=True  ego_hp=176  adv_hp=139
  round 37/100: ego_won=True  ego_hp=176  adv_hp=137
  round 38/100: ego_won=True  ego_hp=176  adv_hp=159
  round 39/100: ego_won=True  ego_hp=176  adv_hp=159
  round 40/100: ego_won=True  ego_hp=147  adv_hp=61
  round 41/100: ego_won=False  ego_hp=143  adv_hp=176
  round 42/100: ego_won=True  ego_hp=176  adv_hp=137
  round 43/100: ego_won=True  ego_hp=176  adv_hp=137
  round 44/100: ego_won=True  ego_hp=176  adv_hp=159
  round 45/100: ego_won=False  ego_hp=176  adv_hp=176
  round 46/100: ego_won=False  ego_hp=147  adv_hp=159
  round 47/100: ego_won=True  ego_hp=176  adv_hp=159
  round 48/100: ego_won=True  ego_hp=146  adv_hp=115
  round 49/100: ego_won=True  ego_hp=176  adv_hp=137
  round 50/100: ego_won=False  ego_hp=145  adv_hp=176
  round 51/100: ego_won=True  ego_hp=176  adv_hp=95
  round 52/100: ego_won=False  ego_hp=143  adv_hp=176
  round 53/100: ego_won=True  ego_hp=176  adv_hp=127
  round 54/100: ego_won=True  ego_hp=176  adv_hp=159
  round 55/100: ego_won=True  ego_hp=147  adv_hp=122
  round 56/100: ego_won=True  ego_hp=176  adv_hp=159
  round 57/100: ego_won=False  ego_hp=143  adv_hp=176
  round 58/100: ego_won=True  ego_hp=176  adv_hp=159
  round 59/100: ego_won=True  ego_hp=176  adv_hp=137
  round 60/100: ego_won=True  ego_hp=176  adv_hp=127
  round 61/100: ego_won=True  ego_hp=176  adv_hp=159
  round 62/100: ego_won=True  ego_hp=176  adv_hp=137
  round 63/100: ego_won=True  ego_hp=176  adv_hp=137
  round 64/100: ego_won=True  ego_hp=147  adv_hp=137
  round 65/100: ego_won=False  ego_hp=147  adv_hp=159
  round 66/100: ego_won=True  ego_hp=176  adv_hp=159
  round 67/100: ego_won=True  ego_hp=176  adv_hp=159
  round 68/100: ego_won=False  ego_hp=143  adv_hp=176
  round 69/100: ego_won=True  ego_hp=176  adv_hp=142
  round 70/100: ego_won=True  ego_hp=176  adv_hp=95
  round 71/100: ego_won=True  ego_hp=176  adv_hp=159
  round 72/100: ego_won=False  ego_hp=147  adv_hp=159
  round 73/100: ego_won=True  ego_hp=176  adv_hp=127
  round 74/100: ego_won=False  ego_hp=143  adv_hp=159
  round 75/100: ego_won=False  ego_hp=143  adv_hp=176
  round 76/100: ego_won=True  ego_hp=176  adv_hp=137
  round 77/100: ego_won=True  ego_hp=176  adv_hp=104
  round 78/100: ego_won=True  ego_hp=176  adv_hp=137
  round 79/100: ego_won=True  ego_hp=176  adv_hp=120
  round 80/100: ego_won=False  ego_hp=143  adv_hp=176
  round 81/100: ego_won=True  ego_hp=176  adv_hp=122
  round 82/100: ego_won=True  ego_hp=147  adv_hp=137
  round 83/100: ego_won=False  ego_hp=147  adv_hp=159
  round 84/100: ego_won=True  ego_hp=176  adv_hp=159
  round 85/100: ego_won=True  ego_hp=176  adv_hp=137
  round 86/100: ego_won=True  ego_hp=147  adv_hp=117
  round 87/100: ego_won=False  ego_hp=147  adv_hp=159
  round 88/100: ego_won=True  ego_hp=176  adv_hp=137
  round 89/100: ego_won=True  ego_hp=176  adv_hp=159
  round 90/100: ego_won=True  ego_hp=176  adv_hp=117
  round 91/100: ego_won=False  ego_hp=143  adv_hp=176
  round 92/100: ego_won=True  ego_hp=176  adv_hp=159
  round 93/100: ego_won=True  ego_hp=147  adv_hp=117
  round 94/100: ego_won=True  ego_hp=176  adv_hp=137
  round 95/100: ego_won=True  ego_hp=176  adv_hp=159
  round 96/100: ego_won=False  ego_hp=117  adv_hp=176
  round 97/100: ego_won=True  ego_hp=176  adv_hp=106
  round 98/100: ego_won=False  ego_hp=143  adv_hp=176
  round 99/100: ego_won=True  ego_hp=176  adv_hp=159
  round 100/100: ego_won=True  ego_hp=176  adv_hp=137
final: ego_win_rate=0.7800  (78/100)  matchup=VegaVsKen

Duel: ego=2timescale(Vega, head=18) vs adv=2timescale(Dhalsim, head=9)  matchup=VegaVsDhalsim  rounds=100
Recording duel video to: main/videos/duel_2timescale_Vega_vs_2timescale_Dhalsim.mp4
Generating 1 envs per character matchup:
too many threads/slices (14), reducing to 13
  round 1/100: ego_won=True  ego_hp=63  adv_hp=-1
  round 2/100: ego_won=True  ego_hp=9  adv_hp=-1
  round 3/100: ego_won=True  ego_hp=97  adv_hp=-1
  round 4/100: ego_won=True  ego_hp=3  adv_hp=-1
  round 5/100: ego_won=True  ego_hp=77  adv_hp=57
  round 6/100: ego_won=True  ego_hp=57  adv_hp=-1
  round 7/100: ego_won=True  ego_hp=30  adv_hp=-1
  round 8/100: ego_won=True  ego_hp=104  adv_hp=-1
  round 9/100: ego_won=True  ego_hp=0  adv_hp=-1
  round 10/100: ego_won=True  ego_hp=7  adv_hp=-1
  round 11/100: ego_won=True  ego_hp=32  adv_hp=-1
  round 12/100: ego_won=True  ego_hp=42  adv_hp=-1
  round 13/100: ego_won=True  ego_hp=100  adv_hp=-1
  round 14/100: ego_won=True  ego_hp=24  adv_hp=-1
  round 15/100: ego_won=True  ego_hp=59  adv_hp=27
  round 16/100: ego_won=True  ego_hp=19  adv_hp=1
  round 17/100: ego_won=False  ego_hp=-1  adv_hp=1
  round 18/100: ego_won=True  ego_hp=33  adv_hp=-1
  round 19/100: ego_won=True  ego_hp=85  adv_hp=-1
  round 20/100: ego_won=True  ego_hp=34  adv_hp=-1
  round 21/100: ego_won=True  ego_hp=12  adv_hp=-1
  round 22/100: ego_won=True  ego_hp=12  adv_hp=-1
  round 23/100: ego_won=True  ego_hp=9  adv_hp=-1
  round 24/100: ego_won=True  ego_hp=3  adv_hp=-1
  round 25/100: ego_won=True  ego_hp=59  adv_hp=-1
  round 26/100: ego_won=False  ego_hp=-1  adv_hp=0
  round 27/100: ego_won=True  ego_hp=113  adv_hp=-1
  round 28/100: ego_won=True  ego_hp=12  adv_hp=-1
  round 29/100: ego_won=True  ego_hp=100  adv_hp=4
  round 30/100: ego_won=True  ego_hp=57  adv_hp=-1
  round 31/100: ego_won=True  ego_hp=51  adv_hp=-1
  round 32/100: ego_won=True  ego_hp=24  adv_hp=-1
  round 33/100: ego_won=True  ego_hp=9  adv_hp=-1
  round 34/100: ego_won=True  ego_hp=109  adv_hp=-1
  round 35/100: ego_won=False  ego_hp=-1  adv_hp=35
  round 36/100: ego_won=True  ego_hp=12  adv_hp=-1
  round 37/100: ego_won=False  ego_hp=-1  adv_hp=8
  round 38/100: ego_won=True  ego_hp=21  adv_hp=-1
  round 39/100: ego_won=False  ego_hp=-1  adv_hp=21
  round 40/100: ego_won=True  ego_hp=11  adv_hp=-1
  round 41/100: ego_won=True  ego_hp=60  adv_hp=-1
  round 42/100: ego_won=True  ego_hp=25  adv_hp=-1
  round 43/100: ego_won=True  ego_hp=11  adv_hp=-1
  round 44/100: ego_won=True  ego_hp=69  adv_hp=-1
  round 45/100: ego_won=True  ego_hp=18  adv_hp=-1
  round 46/100: ego_won=True  ego_hp=16  adv_hp=-1
  round 47/100: ego_won=True  ego_hp=25  adv_hp=-1
  round 48/100: ego_won=True  ego_hp=39  adv_hp=1
  round 49/100: ego_won=True  ego_hp=100  adv_hp=-1
  round 50/100: ego_won=False  ego_hp=-1  adv_hp=27
  round 51/100: ego_won=True  ego_hp=50  adv_hp=-1
  round 52/100: ego_won=True  ego_hp=66  adv_hp=-1
  round 53/100: ego_won=True  ego_hp=64  adv_hp=-1
  round 54/100: ego_won=True  ego_hp=25  adv_hp=-1
  round 55/100: ego_won=True  ego_hp=29  adv_hp=-1
  round 56/100: ego_won=False  ego_hp=-1  adv_hp=1
  round 57/100: ego_won=True  ego_hp=7  adv_hp=-1
  round 58/100: ego_won=True  ego_hp=85  adv_hp=-1
  round 59/100: ego_won=True  ego_hp=3  adv_hp=-1
  round 60/100: ego_won=False  ego_hp=-1  adv_hp=30
  round 61/100: ego_won=True  ego_hp=4  adv_hp=-1
  round 62/100: ego_won=True  ego_hp=124  adv_hp=-1
  round 63/100: ego_won=True  ego_hp=44  adv_hp=-1
  round 64/100: ego_won=True  ego_hp=105  adv_hp=62
  round 65/100: ego_won=False  ego_hp=-1  adv_hp=8
  round 66/100: ego_won=True  ego_hp=102  adv_hp=-1
  round 67/100: ego_won=False  ego_hp=15  adv_hp=19
  round 68/100: ego_won=True  ego_hp=101  adv_hp=-1
  round 69/100: ego_won=True  ego_hp=47  adv_hp=-1
  round 70/100: ego_won=True  ego_hp=176  adv_hp=153
  round 71/100: ego_won=False  ego_hp=-1  adv_hp=4
  round 72/100: ego_won=False  ego_hp=-1  adv_hp=81
  round 73/100: ego_won=False  ego_hp=-1  adv_hp=21
  round 74/100: ego_won=True  ego_hp=114  adv_hp=-1
  round 75/100: ego_won=True  ego_hp=11  adv_hp=-1
  round 76/100: ego_won=True  ego_hp=18  adv_hp=-1
  round 77/100: ego_won=True  ego_hp=79  adv_hp=-1
  round 78/100: ego_won=True  ego_hp=21  adv_hp=-1
  round 79/100: ego_won=True  ego_hp=32  adv_hp=-1
  round 80/100: ego_won=True  ego_hp=74  adv_hp=-1
  round 81/100: ego_won=True  ego_hp=99  adv_hp=-1
  round 82/100: ego_won=True  ego_hp=7  adv_hp=-1
  round 83/100: ego_won=True  ego_hp=24  adv_hp=5
  round 84/100: ego_won=False  ego_hp=-1  adv_hp=37
  round 85/100: ego_won=True  ego_hp=94  adv_hp=37
  round 86/100: ego_won=True  ego_hp=31  adv_hp=-1
  round 87/100: ego_won=True  ego_hp=134  adv_hp=-1
  round 88/100: ego_won=False  ego_hp=-1  adv_hp=10
  round 89/100: ego_won=True  ego_hp=28  adv_hp=-1
  round 90/100: ego_won=True  ego_hp=53  adv_hp=-1
  round 91/100: ego_won=True  ego_hp=82  adv_hp=-1
  round 92/100: ego_won=False  ego_hp=-1  adv_hp=61
  round 93/100: ego_won=True  ego_hp=73  adv_hp=-1
  round 94/100: ego_won=True  ego_hp=104  adv_hp=37
  round 95/100: ego_won=True  ego_hp=9  adv_hp=-1
  round 96/100: ego_won=False  ego_hp=-1  adv_hp=42
  round 97/100: ego_won=True  ego_hp=149  adv_hp=-1
  round 98/100: ego_won=True  ego_hp=5  adv_hp=-1
  round 99/100: ego_won=False  ego_hp=-1  adv_hp=0
  round 100/100: ego_won=True  ego_hp=0  adv_hp=-1
final: ego_win_rate=0.8200  (82/100)  matchup=VegaVsDhalsim

Duel: ego=2timescale(Vega, head=20) vs adv=2timescale(Balrog, head=10)  matchup=VegaVsBalrog  rounds=100
Recording duel video to: main/videos/duel_2timescale_Vega_vs_2timescale_Balrog.mp4
Generating 1 envs per character matchup:
too many threads/slices (14), reducing to 13
  round 1/100: ego_won=False  ego_hp=176  adv_hp=176
  round 2/100: ego_won=False  ego_hp=176  adv_hp=176
  round 3/100: ego_won=False  ego_hp=176  adv_hp=176
  round 4/100: ego_won=False  ego_hp=176  adv_hp=176
  round 5/100: ego_won=False  ego_hp=176  adv_hp=176
  round 6/100: ego_won=False  ego_hp=176  adv_hp=176
  round 7/100: ego_won=False  ego_hp=176  adv_hp=176
  round 8/100: ego_won=False  ego_hp=176  adv_hp=176
  round 9/100: ego_won=False  ego_hp=170  adv_hp=176
  round 10/100: ego_won=False  ego_hp=176  adv_hp=176
  round 11/100: ego_won=False  ego_hp=176  adv_hp=176
  round 12/100: ego_won=False  ego_hp=176  adv_hp=176
  round 13/100: ego_won=False  ego_hp=176  adv_hp=176
  round 14/100: ego_won=False  ego_hp=176  adv_hp=176
  round 15/100: ego_won=False  ego_hp=176  adv_hp=176
  round 16/100: ego_won=False  ego_hp=176  adv_hp=176
  round 17/100: ego_won=False  ego_hp=176  adv_hp=176
  round 18/100: ego_won=False  ego_hp=176  adv_hp=176
  round 19/100: ego_won=False  ego_hp=176  adv_hp=176
  round 20/100: ego_won=True  ego_hp=176  adv_hp=154
  round 21/100: ego_won=False  ego_hp=176  adv_hp=176
  round 22/100: ego_won=False  ego_hp=176  adv_hp=176
  round 23/100: ego_won=False  ego_hp=176  adv_hp=176
  round 24/100: ego_won=False  ego_hp=176  adv_hp=176
  round 25/100: ego_won=False  ego_hp=176  adv_hp=176
  round 26/100: ego_won=False  ego_hp=176  adv_hp=176
  round 27/100: ego_won=False  ego_hp=176  adv_hp=176
  round 28/100: ego_won=False  ego_hp=176  adv_hp=176
  round 29/100: ego_won=False  ego_hp=176  adv_hp=176
  round 30/100: ego_won=False  ego_hp=176  adv_hp=176
  round 31/100: ego_won=False  ego_hp=176  adv_hp=176
  round 32/100: ego_won=False  ego_hp=176  adv_hp=176
  round 33/100: ego_won=False  ego_hp=176  adv_hp=176
  round 34/100: ego_won=False  ego_hp=176  adv_hp=176
  round 35/100: ego_won=False  ego_hp=176  adv_hp=176
  round 36/100: ego_won=False  ego_hp=176  adv_hp=176
  round 37/100: ego_won=False  ego_hp=176  adv_hp=176
  round 38/100: ego_won=False  ego_hp=176  adv_hp=176
  round 39/100: ego_won=False  ego_hp=176  adv_hp=176
  round 40/100: ego_won=False  ego_hp=176  adv_hp=176
  round 41/100: ego_won=False  ego_hp=176  adv_hp=176
  round 42/100: ego_won=False  ego_hp=176  adv_hp=176
  round 43/100: ego_won=False  ego_hp=176  adv_hp=176
  round 44/100: ego_won=False  ego_hp=176  adv_hp=176
  round 45/100: ego_won=False  ego_hp=176  adv_hp=176
  round 46/100: ego_won=False  ego_hp=176  adv_hp=176
  round 47/100: ego_won=False  ego_hp=176  adv_hp=176
  round 48/100: ego_won=False  ego_hp=176  adv_hp=176
  round 49/100: ego_won=False  ego_hp=176  adv_hp=176
  round 50/100: ego_won=False  ego_hp=170  adv_hp=176
  round 51/100: ego_won=True  ego_hp=170  adv_hp=132
  round 52/100: ego_won=False  ego_hp=176  adv_hp=176
  round 53/100: ego_won=False  ego_hp=176  adv_hp=176
  round 54/100: ego_won=False  ego_hp=176  adv_hp=176
  round 55/100: ego_won=False  ego_hp=176  adv_hp=176
  round 56/100: ego_won=False  ego_hp=176  adv_hp=176
  round 57/100: ego_won=False  ego_hp=176  adv_hp=176
  round 58/100: ego_won=False  ego_hp=176  adv_hp=176
  round 59/100: ego_won=False  ego_hp=176  adv_hp=176
  round 60/100: ego_won=True  ego_hp=176  adv_hp=154
  round 61/100: ego_won=False  ego_hp=176  adv_hp=176
  round 62/100: ego_won=False  ego_hp=176  adv_hp=176
  round 63/100: ego_won=False  ego_hp=176  adv_hp=176
  round 64/100: ego_won=False  ego_hp=176  adv_hp=176
  round 65/100: ego_won=True  ego_hp=158  adv_hp=154
  round 66/100: ego_won=False  ego_hp=176  adv_hp=176
  round 67/100: ego_won=False  ego_hp=176  adv_hp=176
  round 68/100: ego_won=False  ego_hp=176  adv_hp=176
  round 69/100: ego_won=False  ego_hp=176  adv_hp=176
  round 70/100: ego_won=False  ego_hp=176  adv_hp=176
  round 71/100: ego_won=False  ego_hp=176  adv_hp=176
  round 72/100: ego_won=False  ego_hp=176  adv_hp=176
  round 73/100: ego_won=False  ego_hp=176  adv_hp=176
  round 74/100: ego_won=False  ego_hp=176  adv_hp=176
  round 75/100: ego_won=False  ego_hp=149  adv_hp=154
  round 76/100: ego_won=False  ego_hp=176  adv_hp=176
  round 77/100: ego_won=False  ego_hp=176  adv_hp=176
  round 78/100: ego_won=False  ego_hp=176  adv_hp=176
  round 79/100: ego_won=False  ego_hp=176  adv_hp=176
  round 80/100: ego_won=False  ego_hp=176  adv_hp=176
  round 81/100: ego_won=False  ego_hp=176  adv_hp=176
  round 82/100: ego_won=False  ego_hp=176  adv_hp=176
  round 83/100: ego_won=False  ego_hp=176  adv_hp=176
  round 84/100: ego_won=True  ego_hp=176  adv_hp=154
  round 85/100: ego_won=True  ego_hp=176  adv_hp=154
  round 86/100: ego_won=True  ego_hp=176  adv_hp=154
  round 87/100: ego_won=False  ego_hp=176  adv_hp=176
  round 88/100: ego_won=False  ego_hp=176  adv_hp=176
  round 89/100: ego_won=False  ego_hp=176  adv_hp=176
  round 90/100: ego_won=False  ego_hp=176  adv_hp=176
  round 91/100: ego_won=False  ego_hp=176  adv_hp=176
  round 92/100: ego_won=False  ego_hp=176  adv_hp=176
  round 93/100: ego_won=False  ego_hp=176  adv_hp=176
  round 94/100: ego_won=False  ego_hp=176  adv_hp=176
  round 95/100: ego_won=False  ego_hp=170  adv_hp=176
  round 96/100: ego_won=False  ego_hp=176  adv_hp=176
  round 97/100: ego_won=False  ego_hp=176  adv_hp=176
  round 98/100: ego_won=False  ego_hp=176  adv_hp=176
  round 99/100: ego_won=False  ego_hp=176  adv_hp=176
  round 100/100: ego_won=False  ego_hp=176  adv_hp=176
final: ego_win_rate=0.0700  (7/100)  matchup=VegaVsBalrog

Duel: ego=2timescale(Vega, head=22) vs adv=2timescale(MBison, head=11)  matchup=VegaVsMBison  rounds=100
Recording duel video to: main/videos/duel_2timescale_Vega_vs_2timescale_MBison.mp4
Generating 1 envs per character matchup:
too many threads/slices (14), reducing to 13
  round 1/100: ego_won=False  ego_hp=-1  adv_hp=94
  round 2/100: ego_won=True  ego_hp=102  adv_hp=-1
  round 3/100: ego_won=False  ego_hp=-1  adv_hp=19
  round 4/100: ego_won=False  ego_hp=-1  adv_hp=4
  round 5/100: ego_won=False  ego_hp=-1  adv_hp=47
  round 6/100: ego_won=False  ego_hp=-1  adv_hp=79
  round 7/100: ego_won=True  ego_hp=6  adv_hp=-1
  round 8/100: ego_won=False  ego_hp=-1  adv_hp=6
  round 9/100: ego_won=False  ego_hp=22  adv_hp=62
  round 10/100: ego_won=True  ego_hp=64  adv_hp=-1
  round 11/100: ego_won=False  ego_hp=-1  adv_hp=115
  round 12/100: ego_won=True  ego_hp=98  adv_hp=-1
  round 13/100: ego_won=True  ego_hp=69  adv_hp=-1
  round 14/100: ego_won=False  ego_hp=-1  adv_hp=66
  round 15/100: ego_won=False  ego_hp=-1  adv_hp=110
  round 16/100: ego_won=False  ego_hp=-1  adv_hp=36
  round 17/100: ego_won=False  ego_hp=-1  adv_hp=1
  round 18/100: ego_won=True  ego_hp=28  adv_hp=-1
  round 19/100: ego_won=True  ego_hp=0  adv_hp=-1
  round 20/100: ego_won=False  ego_hp=-1  adv_hp=24
  round 21/100: ego_won=False  ego_hp=12  adv_hp=13
  round 22/100: ego_won=False  ego_hp=-1  adv_hp=12
  round 23/100: ego_won=False  ego_hp=-1  adv_hp=81
  round 24/100: ego_won=False  ego_hp=-1  adv_hp=115
  round 25/100: ego_won=False  ego_hp=-1  adv_hp=6
  round 26/100: ego_won=False  ego_hp=-1  adv_hp=84
  round 27/100: ego_won=False  ego_hp=-1  adv_hp=120
  round 28/100: ego_won=True  ego_hp=22  adv_hp=-1
  round 29/100: ego_won=False  ego_hp=-1  adv_hp=50
  round 30/100: ego_won=True  ego_hp=106  adv_hp=-1
  round 31/100: ego_won=False  ego_hp=-1  adv_hp=22
  round 32/100: ego_won=False  ego_hp=-1  adv_hp=61
  round 33/100: ego_won=False  ego_hp=-1  adv_hp=1
  round 34/100: ego_won=False  ego_hp=-1  adv_hp=94
  round 35/100: ego_won=False  ego_hp=-1  adv_hp=50
  round 36/100: ego_won=False  ego_hp=-1  adv_hp=9
  round 37/100: ego_won=True  ego_hp=26  adv_hp=22
  round 38/100: ego_won=True  ego_hp=33  adv_hp=-1
  round 39/100: ego_won=False  ego_hp=-1  adv_hp=58
  round 40/100: ego_won=False  ego_hp=-1  adv_hp=50
  round 41/100: ego_won=False  ego_hp=-1  adv_hp=53
  round 42/100: ego_won=False  ego_hp=-1  adv_hp=52
  round 43/100: ego_won=False  ego_hp=-1  adv_hp=115
  round 44/100: ego_won=False  ego_hp=-1  adv_hp=98
  round 45/100: ego_won=True  ego_hp=61  adv_hp=10
  round 46/100: ego_won=True  ego_hp=35  adv_hp=-1
  round 47/100: ego_won=False  ego_hp=-1  adv_hp=154
  round 48/100: ego_won=True  ego_hp=6  adv_hp=-1
  round 49/100: ego_won=False  ego_hp=-1  adv_hp=24
  round 50/100: ego_won=False  ego_hp=-1  adv_hp=97
  round 51/100: ego_won=False  ego_hp=-1  adv_hp=22
  round 52/100: ego_won=False  ego_hp=-1  adv_hp=4
  round 53/100: ego_won=False  ego_hp=-1  adv_hp=154
  round 54/100: ego_won=False  ego_hp=-1  adv_hp=98
  round 55/100: ego_won=True  ego_hp=16  adv_hp=-1
  round 56/100: ego_won=False  ego_hp=-1  adv_hp=18
  round 57/100: ego_won=True  ego_hp=54  adv_hp=-1
  round 58/100: ego_won=False  ego_hp=-1  adv_hp=9
  round 59/100: ego_won=False  ego_hp=-1  adv_hp=11
  round 60/100: ego_won=False  ego_hp=-1  adv_hp=42
  round 61/100: ego_won=False  ego_hp=-1  adv_hp=75
  round 62/100: ego_won=False  ego_hp=-1  adv_hp=176
  round 63/100: ego_won=True  ego_hp=56  adv_hp=38
  round 64/100: ego_won=True  ego_hp=2  adv_hp=-1
  round 65/100: ego_won=False  ego_hp=-1  adv_hp=93
  round 66/100: ego_won=False  ego_hp=-1  adv_hp=3
  round 67/100: ego_won=False  ego_hp=-1  adv_hp=117
  round 68/100: ego_won=True  ego_hp=29  adv_hp=-1
  round 69/100: ego_won=True  ego_hp=82  adv_hp=-1
  round 70/100: ego_won=True  ego_hp=3  adv_hp=2
  round 71/100: ego_won=False  ego_hp=-1  adv_hp=99
  round 72/100: ego_won=False  ego_hp=-1  adv_hp=12
  round 73/100: ego_won=False  ego_hp=-1  adv_hp=22
  round 74/100: ego_won=True  ego_hp=23  adv_hp=-1
  round 75/100: ego_won=False  ego_hp=-1  adv_hp=18
  round 76/100: ego_won=False  ego_hp=-1  adv_hp=142
  round 77/100: ego_won=False  ego_hp=-1  adv_hp=11
  round 78/100: ego_won=True  ego_hp=3  adv_hp=-1
  round 79/100: ego_won=False  ego_hp=-1  adv_hp=99
  round 80/100: ego_won=False  ego_hp=-1  adv_hp=50
  round 81/100: ego_won=False  ego_hp=-1  adv_hp=55
  round 82/100: ego_won=True  ego_hp=20  adv_hp=-1
  round 83/100: ego_won=False  ego_hp=-1  adv_hp=65
  round 84/100: ego_won=True  ego_hp=4  adv_hp=-1
  round 85/100: ego_won=True  ego_hp=4  adv_hp=0
  round 86/100: ego_won=False  ego_hp=-1  adv_hp=176
  round 87/100: ego_won=False  ego_hp=-1  adv_hp=6
  round 88/100: ego_won=True  ego_hp=83  adv_hp=-1
  round 89/100: ego_won=False  ego_hp=-1  adv_hp=92
  round 90/100: ego_won=False  ego_hp=-1  adv_hp=0
  round 91/100: ego_won=True  ego_hp=26  adv_hp=-1
  round 92/100: ego_won=False  ego_hp=-1  adv_hp=118
  round 93/100: ego_won=True  ego_hp=82  adv_hp=-1
  round 94/100: ego_won=False  ego_hp=-1  adv_hp=93
  round 95/100: ego_won=False  ego_hp=-1  adv_hp=1
  round 96/100: ego_won=False  ego_hp=-1  adv_hp=113
  round 97/100: ego_won=False  ego_hp=-1  adv_hp=1
  round 98/100: ego_won=False  ego_hp=-1  adv_hp=46
  round 99/100: ego_won=True  ego_hp=5  adv_hp=-1
  round 100/100: ego_won=False  ego_hp=1  adv_hp=71
final: ego_win_rate=0.3000  (30/100)  matchup=VegaVsMBison

Duel: ego=2timescale(Blanka, head=24) vs adv=2timescale(Ryu, head=12)  matchup=BlankaVsRyu  rounds=100
Recording duel video to: main/videos/duel_2timescale_Blanka_vs_2timescale_Ryu.mp4
Generating 1 envs per character matchup:
too many threads/slices (14), reducing to 13
  round 1/100: ego_won=True  ego_hp=121  adv_hp=-1
  round 2/100: ego_won=True  ego_hp=102  adv_hp=-1
  round 3/100: ego_won=False  ego_hp=-1  adv_hp=65
  round 4/100: ego_won=True  ego_hp=125  adv_hp=-1
  round 5/100: ego_won=False  ego_hp=-1  adv_hp=92
  round 6/100: ego_won=False  ego_hp=-1  adv_hp=35
  round 7/100: ego_won=True  ego_hp=23  adv_hp=-1
  round 8/100: ego_won=True  ego_hp=54  adv_hp=-1
  round 9/100: ego_won=False  ego_hp=-1  adv_hp=12
  round 10/100: ego_won=True  ego_hp=94  adv_hp=-1
  round 11/100: ego_won=False  ego_hp=-1  adv_hp=129
  round 12/100: ego_won=True  ego_hp=115  adv_hp=-1
  round 13/100: ego_won=True  ego_hp=47  adv_hp=-1
  round 14/100: ego_won=True  ego_hp=6  adv_hp=-1
  round 15/100: ego_won=True  ego_hp=40  adv_hp=-1
  round 16/100: ego_won=True  ego_hp=126  adv_hp=-1
  round 17/100: ego_won=False  ego_hp=0  adv_hp=4
  round 18/100: ego_won=True  ego_hp=13  adv_hp=-1
  round 19/100: ego_won=False  ego_hp=-1  adv_hp=41
  round 20/100: ego_won=True  ego_hp=86  adv_hp=-1
  round 21/100: ego_won=True  ego_hp=137  adv_hp=-1
  round 22/100: ego_won=True  ego_hp=69  adv_hp=-1
  round 23/100: ego_won=True  ego_hp=114  adv_hp=-1
  round 24/100: ego_won=False  ego_hp=9  adv_hp=35
  round 25/100: ego_won=True  ego_hp=63  adv_hp=-1
  round 26/100: ego_won=False  ego_hp=-1  adv_hp=75
  round 27/100: ego_won=True  ego_hp=55  adv_hp=-1
  round 28/100: ego_won=True  ego_hp=111  adv_hp=-1
  round 29/100: ego_won=False  ego_hp=-1  adv_hp=102
  round 30/100: ego_won=True  ego_hp=31  adv_hp=1
  round 31/100: ego_won=False  ego_hp=-1  adv_hp=64
  round 32/100: ego_won=False  ego_hp=-1  adv_hp=121
  round 33/100: ego_won=True  ego_hp=53  adv_hp=-1
  round 34/100: ego_won=True  ego_hp=17  adv_hp=-1
  round 35/100: ego_won=True  ego_hp=94  adv_hp=-1
  round 36/100: ego_won=True  ego_hp=117  adv_hp=-1
  round 37/100: ego_won=True  ego_hp=16  adv_hp=-1
  round 38/100: ego_won=True  ego_hp=102  adv_hp=-1
  round 39/100: ego_won=True  ego_hp=90  adv_hp=-1
  round 40/100: ego_won=False  ego_hp=-1  adv_hp=88
  round 41/100: ego_won=True  ego_hp=59  adv_hp=-1
  round 42/100: ego_won=False  ego_hp=-1  adv_hp=148
  round 43/100: ego_won=False  ego_hp=-1  adv_hp=95
  round 44/100: ego_won=False  ego_hp=-1  adv_hp=107
  round 45/100: ego_won=False  ego_hp=-1  adv_hp=5
  round 46/100: ego_won=False  ego_hp=-1  adv_hp=64
  round 47/100: ego_won=True  ego_hp=127  adv_hp=-1
  round 48/100: ego_won=True  ego_hp=72  adv_hp=-1
  round 49/100: ego_won=True  ego_hp=25  adv_hp=-1
  round 50/100: ego_won=True  ego_hp=54  adv_hp=15
  round 51/100: ego_won=True  ego_hp=88  adv_hp=-1
  round 52/100: ego_won=True  ego_hp=59  adv_hp=-1
  round 53/100: ego_won=False  ego_hp=-1  adv_hp=20
  round 54/100: ego_won=False  ego_hp=8  adv_hp=43
  round 55/100: ego_won=True  ego_hp=140  adv_hp=-1
  round 56/100: ego_won=True  ego_hp=139  adv_hp=-1
  round 57/100: ego_won=False  ego_hp=2  adv_hp=39
  round 58/100: ego_won=True  ego_hp=22  adv_hp=4
  round 59/100: ego_won=True  ego_hp=166  adv_hp=36
  round 60/100: ego_won=False  ego_hp=-1  adv_hp=8
  round 61/100: ego_won=True  ego_hp=45  adv_hp=-1
  round 62/100: ego_won=True  ego_hp=2  adv_hp=-1
  round 63/100: ego_won=True  ego_hp=64  adv_hp=-1
  round 64/100: ego_won=True  ego_hp=4  adv_hp=1
  round 65/100: ego_won=False  ego_hp=-1  adv_hp=6
  round 66/100: ego_won=True  ego_hp=51  adv_hp=13
  round 67/100: ego_won=True  ego_hp=72  adv_hp=-1
  round 68/100: ego_won=True  ego_hp=33  adv_hp=-1
  round 69/100: ego_won=True  ego_hp=97  adv_hp=-1
  round 70/100: ego_won=True  ego_hp=61  adv_hp=-1
  round 71/100: ego_won=True  ego_hp=129  adv_hp=-1
  round 72/100: ego_won=True  ego_hp=46  adv_hp=29
  round 73/100: ego_won=True  ego_hp=136  adv_hp=-1
  round 74/100: ego_won=False  ego_hp=-1  adv_hp=34
  round 75/100: ego_won=True  ego_hp=94  adv_hp=-1
  round 76/100: ego_won=True  ego_hp=107  adv_hp=-1
  round 77/100: ego_won=True  ego_hp=52  adv_hp=-1
  round 78/100: ego_won=True  ego_hp=18  adv_hp=17
  round 79/100: ego_won=True  ego_hp=3  adv_hp=-1
  round 80/100: ego_won=True  ego_hp=114  adv_hp=-1
  round 81/100: ego_won=False  ego_hp=-1  adv_hp=2
  round 82/100: ego_won=True  ego_hp=60  adv_hp=-1
  round 83/100: ego_won=False  ego_hp=-1  adv_hp=128
  round 84/100: ego_won=True  ego_hp=102  adv_hp=-1
  round 85/100: ego_won=True  ego_hp=109  adv_hp=-1
  round 86/100: ego_won=True  ego_hp=68  adv_hp=-1
  round 87/100: ego_won=True  ego_hp=23  adv_hp=-1
  round 88/100: ego_won=False  ego_hp=-1  adv_hp=46
  round 89/100: ego_won=True  ego_hp=33  adv_hp=-1
  round 90/100: ego_won=False  ego_hp=-1  adv_hp=69
  round 91/100: ego_won=True  ego_hp=22  adv_hp=2
  round 92/100: ego_won=True  ego_hp=73  adv_hp=-1
  round 93/100: ego_won=False  ego_hp=-1  adv_hp=40
  round 94/100: ego_won=False  ego_hp=-1  adv_hp=10
  round 95/100: ego_won=False  ego_hp=-1  adv_hp=89
  round 96/100: ego_won=True  ego_hp=35  adv_hp=-1
  round 97/100: ego_won=True  ego_hp=57  adv_hp=2
  round 98/100: ego_won=False  ego_hp=-1  adv_hp=122
  round 99/100: ego_won=False  ego_hp=-1  adv_hp=9
  round 100/100: ego_won=False  ego_hp=-1  adv_hp=1
final: ego_win_rate=0.6600  (66/100)  matchup=BlankaVsRyu

Duel: ego=2timescale(Blanka, head=26) vs adv=2timescale(Sagat, head=13)  matchup=BlankaVsSagat  rounds=100
Recording duel video to: main/videos/duel_2timescale_Blanka_vs_2timescale_Sagat.mp4
Generating 1 envs per character matchup:
too many threads/slices (14), reducing to 13
  round 1/100: ego_won=False  ego_hp=3  adv_hp=176
  round 2/100: ego_won=False  ego_hp=-1  adv_hp=176
  round 3/100: ego_won=False  ego_hp=-1  adv_hp=176
  round 4/100: ego_won=False  ego_hp=5  adv_hp=150
  round 5/100: ego_won=False  ego_hp=-1  adv_hp=176
  round 6/100: ego_won=False  ego_hp=-1  adv_hp=176
  round 7/100: ego_won=False  ego_hp=30  adv_hp=176
  round 8/100: ego_won=True  ego_hp=14  adv_hp=-1
  round 9/100: ego_won=False  ego_hp=1  adv_hp=176
  round 10/100: ego_won=False  ego_hp=-1  adv_hp=131
  round 11/100: ego_won=False  ego_hp=-1  adv_hp=106
  round 12/100: ego_won=False  ego_hp=-1  adv_hp=176
  round 13/100: ego_won=False  ego_hp=-1  adv_hp=54
  round 14/100: ego_won=False  ego_hp=-1  adv_hp=149
  round 15/100: ego_won=False  ego_hp=11  adv_hp=176
  round 16/100: ego_won=False  ego_hp=-1  adv_hp=30
  round 17/100: ego_won=False  ego_hp=-1  adv_hp=25
  round 18/100: ego_won=False  ego_hp=-1  adv_hp=176
  round 19/100: ego_won=False  ego_hp=-1  adv_hp=13
  round 20/100: ego_won=False  ego_hp=-1  adv_hp=130
  round 21/100: ego_won=False  ego_hp=-1  adv_hp=176
  round 22/100: ego_won=False  ego_hp=-1  adv_hp=176
  round 23/100: ego_won=False  ego_hp=6  adv_hp=149
  round 24/100: ego_won=False  ego_hp=-1  adv_hp=176
  round 25/100: ego_won=True  ego_hp=2  adv_hp=-1
  round 26/100: ego_won=False  ego_hp=6  adv_hp=176
  round 27/100: ego_won=False  ego_hp=20  adv_hp=176
  round 28/100: ego_won=False  ego_hp=-1  adv_hp=176
  round 29/100: ego_won=False  ego_hp=-1  adv_hp=176
  round 30/100: ego_won=False  ego_hp=-1  adv_hp=8
  round 31/100: ego_won=False  ego_hp=8  adv_hp=176
  round 32/100: ego_won=False  ego_hp=-1  adv_hp=8
  round 33/100: ego_won=False  ego_hp=-1  adv_hp=176
  round 34/100: ego_won=True  ego_hp=110  adv_hp=-1
  round 35/100: ego_won=False  ego_hp=-1  adv_hp=176
  round 36/100: ego_won=False  ego_hp=-1  adv_hp=176
  round 37/100: ego_won=False  ego_hp=-1  adv_hp=176
  round 38/100: ego_won=False  ego_hp=-1  adv_hp=149
  round 39/100: ego_won=False  ego_hp=-1  adv_hp=6
  round 40/100: ego_won=False  ego_hp=-1  adv_hp=24
  round 41/100: ego_won=False  ego_hp=-1  adv_hp=176
  round 42/100: ego_won=True  ego_hp=11  adv_hp=-1
  round 43/100: ego_won=False  ego_hp=-1  adv_hp=153
  round 44/100: ego_won=False  ego_hp=-1  adv_hp=176
  round 45/100: ego_won=False  ego_hp=3  adv_hp=176
  round 46/100: ego_won=True  ego_hp=40  adv_hp=-1
  round 47/100: ego_won=False  ego_hp=-1  adv_hp=5
  round 48/100: ego_won=True  ego_hp=90  adv_hp=-1
  round 49/100: ego_won=True  ego_hp=69  adv_hp=-1
  round 50/100: ego_won=True  ego_hp=55  adv_hp=-1
  round 51/100: ego_won=False  ego_hp=11  adv_hp=176
  round 52/100: ego_won=False  ego_hp=-1  adv_hp=106
  round 53/100: ego_won=True  ego_hp=0  adv_hp=-1
  round 54/100: ego_won=True  ego_hp=63  adv_hp=-1
  round 55/100: ego_won=False  ego_hp=-1  adv_hp=176
  round 56/100: ego_won=False  ego_hp=-1  adv_hp=176
  round 57/100: ego_won=True  ego_hp=85  adv_hp=-1
  round 58/100: ego_won=False  ego_hp=0  adv_hp=10
  round 59/100: ego_won=False  ego_hp=9  adv_hp=176
  round 60/100: ego_won=False  ego_hp=-1  adv_hp=176
  round 61/100: ego_won=False  ego_hp=-1  adv_hp=176
  round 62/100: ego_won=False  ego_hp=-1  adv_hp=176
  round 63/100: ego_won=False  ego_hp=-1  adv_hp=176
  round 64/100: ego_won=False  ego_hp=-1  adv_hp=176
  round 65/100: ego_won=True  ego_hp=72  adv_hp=-1
  round 66/100: ego_won=False  ego_hp=0  adv_hp=176
  round 67/100: ego_won=False  ego_hp=-1  adv_hp=176
  round 68/100: ego_won=False  ego_hp=-1  adv_hp=176
  round 69/100: ego_won=False  ego_hp=7  adv_hp=176
  round 70/100: ego_won=False  ego_hp=-1  adv_hp=51
  round 71/100: ego_won=False  ego_hp=-1  adv_hp=22
  round 72/100: ego_won=True  ego_hp=60  adv_hp=-1
  round 73/100: ego_won=False  ego_hp=-1  adv_hp=5
  round 74/100: ego_won=False  ego_hp=-1  adv_hp=129
  round 75/100: ego_won=False  ego_hp=-1  adv_hp=26
  round 76/100: ego_won=False  ego_hp=-1  adv_hp=176
  round 77/100: ego_won=False  ego_hp=-1  adv_hp=176
  round 78/100: ego_won=True  ego_hp=29  adv_hp=-1
  round 79/100: ego_won=False  ego_hp=-1  adv_hp=176
  round 80/100: ego_won=False  ego_hp=-1  adv_hp=84
  round 81/100: ego_won=False  ego_hp=7  adv_hp=176
  round 82/100: ego_won=False  ego_hp=9  adv_hp=176
  round 83/100: ego_won=True  ego_hp=32  adv_hp=-1
  round 84/100: ego_won=False  ego_hp=-1  adv_hp=44
  round 85/100: ego_won=False  ego_hp=40  adv_hp=176
  round 86/100: ego_won=False  ego_hp=-1  adv_hp=21
  round 87/100: ego_won=False  ego_hp=-1  adv_hp=149
  round 88/100: ego_won=True  ego_hp=10  adv_hp=-1
  round 89/100: ego_won=False  ego_hp=-1  adv_hp=176
  round 90/100: ego_won=True  ego_hp=29  adv_hp=-1
  round 91/100: ego_won=False  ego_hp=-1  adv_hp=176
  round 92/100: ego_won=True  ego_hp=128  adv_hp=-1
  round 93/100: ego_won=False  ego_hp=9  adv_hp=176
  round 94/100: ego_won=False  ego_hp=-1  adv_hp=8
  round 95/100: ego_won=False  ego_hp=-1  adv_hp=176
  round 96/100: ego_won=False  ego_hp=-1  adv_hp=176
  round 97/100: ego_won=False  ego_hp=-1  adv_hp=176
  round 98/100: ego_won=False  ego_hp=-1  adv_hp=176
  round 99/100: ego_won=False  ego_hp=-1  adv_hp=176
  round 100/100: ego_won=False  ego_hp=-1  adv_hp=176
final: ego_win_rate=0.1800  (18/100)  matchup=BlankaVsSagat

Duel: ego=2timescale(Blanka, head=28) vs adv=2timescale(Ken, head=14)  matchup=BlankaVsKen  rounds=100
Recording duel video to: main/videos/duel_2timescale_Blanka_vs_2timescale_Ken.mp4
Generating 1 envs per character matchup:
too many threads/slices (14), reducing to 13
  round 1/100: ego_won=False  ego_hp=141  adv_hp=148
  round 2/100: ego_won=False  ego_hp=-1  adv_hp=80
  round 3/100: ego_won=False  ego_hp=-1  adv_hp=95
  round 4/100: ego_won=False  ego_hp=-1  adv_hp=67
  round 5/100: ego_won=False  ego_hp=125  adv_hp=176
  round 6/100: ego_won=False  ego_hp=-1  adv_hp=97
  round 7/100: ego_won=False  ego_hp=11  adv_hp=47
  round 8/100: ego_won=False  ego_hp=-1  adv_hp=85
  round 9/100: ego_won=False  ego_hp=-1  adv_hp=92
  round 10/100: ego_won=False  ego_hp=3  adv_hp=86
  round 11/100: ego_won=False  ego_hp=146  adv_hp=176
  round 12/100: ego_won=False  ego_hp=-1  adv_hp=146
  round 13/100: ego_won=False  ego_hp=-1  adv_hp=40
  round 14/100: ego_won=False  ego_hp=-1  adv_hp=47
  round 15/100: ego_won=False  ego_hp=-1  adv_hp=94
  round 16/100: ego_won=True  ego_hp=148  adv_hp=147
  round 17/100: ego_won=False  ego_hp=112  adv_hp=144
  round 18/100: ego_won=False  ego_hp=134  adv_hp=176
  round 19/100: ego_won=False  ego_hp=154  adv_hp=176
  round 20/100: ego_won=False  ego_hp=1  adv_hp=122
  round 21/100: ego_won=False  ego_hp=-1  adv_hp=68
  round 22/100: ego_won=False  ego_hp=-1  adv_hp=74
  round 23/100: ego_won=False  ego_hp=10  adv_hp=38
  round 24/100: ego_won=False  ego_hp=-1  adv_hp=95
  round 25/100: ego_won=False  ego_hp=2  adv_hp=67
  round 26/100: ego_won=False  ego_hp=156  adv_hp=176
  round 27/100: ego_won=False  ego_hp=3  adv_hp=76
  round 28/100: ego_won=False  ego_hp=-1  adv_hp=39
  round 29/100: ego_won=False  ego_hp=-1  adv_hp=54
  round 30/100: ego_won=False  ego_hp=6  adv_hp=38
  round 31/100: ego_won=False  ego_hp=150  adv_hp=176
  round 32/100: ego_won=True  ego_hp=153  adv_hp=148
  round 33/100: ego_won=False  ego_hp=127  adv_hp=176
  round 34/100: ego_won=False  ego_hp=-1  adv_hp=151
  round 35/100: ego_won=False  ego_hp=104  adv_hp=147
  round 36/100: ego_won=False  ego_hp=-1  adv_hp=99
  round 37/100: ego_won=False  ego_hp=143  adv_hp=176
  round 38/100: ego_won=False  ego_hp=1  adv_hp=72
  round 39/100: ego_won=False  ego_hp=11  adv_hp=20
  round 40/100: ego_won=False  ego_hp=-1  adv_hp=128
  round 41/100: ego_won=False  ego_hp=-1  adv_hp=74
  round 42/100: ego_won=False  ego_hp=87  adv_hp=120
  round 43/100: ego_won=False  ego_hp=-1  adv_hp=122
  round 44/100: ego_won=False  ego_hp=-1  adv_hp=122
  round 45/100: ego_won=False  ego_hp=-1  adv_hp=13
  round 46/100: ego_won=True  ego_hp=30  adv_hp=-1
  round 47/100: ego_won=False  ego_hp=144  adv_hp=146
  round 48/100: ego_won=False  ego_hp=146  adv_hp=176
  round 49/100: ego_won=False  ego_hp=135  adv_hp=147
  round 50/100: ego_won=False  ego_hp=-1  adv_hp=49
  round 51/100: ego_won=False  ego_hp=156  adv_hp=176
  round 52/100: ego_won=False  ego_hp=2  adv_hp=72
  round 53/100: ego_won=True  ego_hp=26  adv_hp=6
  round 54/100: ego_won=True  ego_hp=152  adv_hp=147
  round 55/100: ego_won=False  ego_hp=141  adv_hp=176
  round 56/100: ego_won=False  ego_hp=-1  adv_hp=100
  round 57/100: ego_won=False  ego_hp=151  adv_hp=176
  round 58/100: ego_won=False  ego_hp=-1  adv_hp=90
  round 59/100: ego_won=False  ego_hp=5  adv_hp=39
  round 60/100: ego_won=False  ego_hp=-1  adv_hp=122
  round 61/100: ego_won=False  ego_hp=-1  adv_hp=58
  round 62/100: ego_won=False  ego_hp=161  adv_hp=176
  round 63/100: ego_won=False  ego_hp=45  adv_hp=153
  round 64/100: ego_won=False  ego_hp=129  adv_hp=148
  round 65/100: ego_won=False  ego_hp=-1  adv_hp=102
  round 66/100: ego_won=True  ego_hp=130  adv_hp=-1
  round 67/100: ego_won=False  ego_hp=158  adv_hp=176
  round 68/100: ego_won=False  ego_hp=14  adv_hp=37
  round 69/100: ego_won=False  ego_hp=51  adv_hp=148
  round 70/100: ego_won=False  ego_hp=32  adv_hp=33
  round 71/100: ego_won=False  ego_hp=156  adv_hp=176
  round 72/100: ego_won=False  ego_hp=5  adv_hp=99
  round 73/100: ego_won=False  ego_hp=10  adv_hp=74
  round 74/100: ego_won=False  ego_hp=3  adv_hp=11
  round 75/100: ego_won=False  ego_hp=118  adv_hp=153
  round 76/100: ego_won=False  ego_hp=-1  adv_hp=67
  round 77/100: ego_won=False  ego_hp=13  adv_hp=99
  round 78/100: ego_won=True  ego_hp=83  adv_hp=61
  round 79/100: ego_won=True  ego_hp=15  adv_hp=5
  round 80/100: ego_won=False  ego_hp=123  adv_hp=176
  round 81/100: ego_won=False  ego_hp=21  adv_hp=149
  round 82/100: ego_won=False  ego_hp=10  adv_hp=29
  round 83/100: ego_won=False  ego_hp=151  adv_hp=176
  round 84/100: ego_won=False  ego_hp=27  adv_hp=66
  round 85/100: ego_won=False  ego_hp=135  adv_hp=176
  round 86/100: ego_won=False  ego_hp=151  adv_hp=176
  round 87/100: ego_won=False  ego_hp=44  adv_hp=74
  round 88/100: ego_won=False  ego_hp=-1  adv_hp=73
  round 89/100: ego_won=False  ego_hp=2  adv_hp=95
  round 90/100: ego_won=False  ego_hp=-1  adv_hp=122
  round 91/100: ego_won=False  ego_hp=131  adv_hp=148
  round 92/100: ego_won=False  ego_hp=-1  adv_hp=89
  round 93/100: ego_won=False  ego_hp=154  adv_hp=176
  round 94/100: ego_won=False  ego_hp=-1  adv_hp=52
  round 95/100: ego_won=False  ego_hp=-1  adv_hp=56
  round 96/100: ego_won=False  ego_hp=134  adv_hp=146
  round 97/100: ego_won=True  ego_hp=161  adv_hp=124
  round 98/100: ego_won=False  ego_hp=-1  adv_hp=83
  round 99/100: ego_won=True  ego_hp=154  adv_hp=144
  round 100/100: ego_won=False  ego_hp=-1  adv_hp=100
final: ego_win_rate=0.1000  (10/100)  matchup=BlankaVsKen

Duel: ego=2timescale(Blanka, head=30) vs adv=2timescale(Dhalsim, head=15)  matchup=BlankaVsDhalsim  rounds=100
Recording duel video to: main/videos/duel_2timescale_Blanka_vs_2timescale_Dhalsim.mp4
Generating 1 envs per character matchup:
too many threads/slices (14), reducing to 13
  round 1/100: ego_won=True  ego_hp=87  adv_hp=-1
  round 2/100: ego_won=True  ego_hp=53  adv_hp=-1
  round 3/100: ego_won=True  ego_hp=116  adv_hp=-1
  round 4/100: ego_won=True  ego_hp=98  adv_hp=-1
  round 5/100: ego_won=True  ego_hp=97  adv_hp=-1
  round 6/100: ego_won=True  ego_hp=56  adv_hp=-1
  round 7/100: ego_won=True  ego_hp=107  adv_hp=-1
  round 8/100: ego_won=True  ego_hp=110  adv_hp=-1
  round 9/100: ego_won=True  ego_hp=159  adv_hp=-1
  round 10/100: ego_won=True  ego_hp=67  adv_hp=-1
  round 11/100: ego_won=True  ego_hp=12  adv_hp=-1
  round 12/100: ego_won=True  ego_hp=49  adv_hp=-1
  round 13/100: ego_won=True  ego_hp=56  adv_hp=-1
  round 14/100: ego_won=True  ego_hp=133  adv_hp=-1
  round 15/100: ego_won=True  ego_hp=144  adv_hp=-1
  round 16/100: ego_won=True  ego_hp=109  adv_hp=-1
  round 17/100: ego_won=True  ego_hp=143  adv_hp=-1
  round 18/100: ego_won=True  ego_hp=130  adv_hp=-1
  round 19/100: ego_won=True  ego_hp=176  adv_hp=-1
  round 20/100: ego_won=True  ego_hp=53  adv_hp=-1
  round 21/100: ego_won=True  ego_hp=148  adv_hp=-1
  round 22/100: ego_won=True  ego_hp=158  adv_hp=-1
  round 23/100: ego_won=True  ego_hp=108  adv_hp=-1
  round 24/100: ego_won=True  ego_hp=165  adv_hp=-1
  round 25/100: ego_won=True  ego_hp=159  adv_hp=-1
  round 26/100: ego_won=True  ego_hp=113  adv_hp=-1
  round 27/100: ego_won=True  ego_hp=151  adv_hp=-1
  round 28/100: ego_won=True  ego_hp=118  adv_hp=-1
  round 29/100: ego_won=True  ego_hp=88  adv_hp=-1
  round 30/100: ego_won=True  ego_hp=133  adv_hp=-1
  round 31/100: ego_won=True  ego_hp=117  adv_hp=-1
  round 32/100: ego_won=True  ego_hp=137  adv_hp=-1
  round 33/100: ego_won=True  ego_hp=114  adv_hp=-1
  round 34/100: ego_won=True  ego_hp=145  adv_hp=-1
  round 35/100: ego_won=True  ego_hp=144  adv_hp=-1
  round 36/100: ego_won=True  ego_hp=159  adv_hp=-1
  round 37/100: ego_won=True  ego_hp=125  adv_hp=-1
  round 38/100: ego_won=True  ego_hp=46  adv_hp=-1
  round 39/100: ego_won=True  ego_hp=80  adv_hp=-1
  round 40/100: ego_won=True  ego_hp=36  adv_hp=-1
  round 41/100: ego_won=True  ego_hp=111  adv_hp=-1
  round 42/100: ego_won=True  ego_hp=123  adv_hp=-1
  round 43/100: ego_won=True  ego_hp=38  adv_hp=-1
  round 44/100: ego_won=True  ego_hp=62  adv_hp=-1
  round 45/100: ego_won=True  ego_hp=145  adv_hp=-1
  round 46/100: ego_won=True  ego_hp=64  adv_hp=-1
  round 47/100: ego_won=True  ego_hp=145  adv_hp=-1
  round 48/100: ego_won=True  ego_hp=51  adv_hp=-1
  round 49/100: ego_won=True  ego_hp=93  adv_hp=-1
  round 50/100: ego_won=True  ego_hp=136  adv_hp=-1
  round 51/100: ego_won=True  ego_hp=158  adv_hp=-1
  round 52/100: ego_won=True  ego_hp=143  adv_hp=-1
  round 53/100: ego_won=True  ego_hp=92  adv_hp=-1
  round 54/100: ego_won=True  ego_hp=64  adv_hp=-1
  round 55/100: ego_won=True  ego_hp=124  adv_hp=-1
  round 56/100: ego_won=True  ego_hp=35  adv_hp=-1
  round 57/100: ego_won=True  ego_hp=74  adv_hp=-1
  round 58/100: ego_won=True  ego_hp=159  adv_hp=-1
  round 59/100: ego_won=True  ego_hp=136  adv_hp=-1
  round 60/100: ego_won=True  ego_hp=110  adv_hp=-1
  round 61/100: ego_won=True  ego_hp=176  adv_hp=-1
  round 62/100: ego_won=True  ego_hp=102  adv_hp=-1
  round 63/100: ego_won=True  ego_hp=89  adv_hp=-1
  round 64/100: ego_won=True  ego_hp=127  adv_hp=-1
  round 65/100: ego_won=True  ego_hp=158  adv_hp=-1
  round 66/100: ego_won=True  ego_hp=76  adv_hp=-1
  round 67/100: ego_won=True  ego_hp=62  adv_hp=-1
  round 68/100: ego_won=True  ego_hp=90  adv_hp=-1
  round 69/100: ego_won=True  ego_hp=64  adv_hp=-1
  round 70/100: ego_won=True  ego_hp=91  adv_hp=-1
  round 71/100: ego_won=True  ego_hp=113  adv_hp=-1
  round 72/100: ego_won=True  ego_hp=153  adv_hp=-1
  round 73/100: ego_won=True  ego_hp=109  adv_hp=-1
  round 74/100: ego_won=True  ego_hp=79  adv_hp=-1
  round 75/100: ego_won=True  ego_hp=134  adv_hp=-1
  round 76/100: ego_won=True  ego_hp=90  adv_hp=-1
  round 77/100: ego_won=True  ego_hp=58  adv_hp=-1
  round 78/100: ego_won=True  ego_hp=71  adv_hp=-1
  round 79/100: ego_won=True  ego_hp=125  adv_hp=-1
  round 80/100: ego_won=True  ego_hp=159  adv_hp=-1
  round 81/100: ego_won=True  ego_hp=120  adv_hp=-1
  round 82/100: ego_won=True  ego_hp=108  adv_hp=-1
  round 83/100: ego_won=True  ego_hp=102  adv_hp=-1
  round 84/100: ego_won=True  ego_hp=32  adv_hp=-1
  round 85/100: ego_won=True  ego_hp=77  adv_hp=-1
  round 86/100: ego_won=True  ego_hp=94  adv_hp=-1
  round 87/100: ego_won=True  ego_hp=92  adv_hp=-1
  round 88/100: ego_won=True  ego_hp=127  adv_hp=-1
  round 89/100: ego_won=True  ego_hp=69  adv_hp=-1
  round 90/100: ego_won=True  ego_hp=47  adv_hp=-1
  round 91/100: ego_won=True  ego_hp=29  adv_hp=-1
  round 92/100: ego_won=True  ego_hp=159  adv_hp=-1
  round 93/100: ego_won=True  ego_hp=120  adv_hp=-1
  round 94/100: ego_won=True  ego_hp=71  adv_hp=-1
  round 95/100: ego_won=True  ego_hp=117  adv_hp=-1
  round 96/100: ego_won=True  ego_hp=73  adv_hp=-1
  round 97/100: ego_won=True  ego_hp=145  adv_hp=-1
  round 98/100: ego_won=True  ego_hp=12  adv_hp=-1
  round 99/100: ego_won=True  ego_hp=165  adv_hp=-1
  round 100/100: ego_won=True  ego_hp=145  adv_hp=-1
final: ego_win_rate=1.0000  (100/100)  matchup=BlankaVsDhalsim

Duel: ego=2timescale(Blanka, head=32) vs adv=2timescale(Balrog, head=16)  matchup=BlankaVsBalrog  rounds=100
Recording duel video to: main/videos/duel_2timescale_Blanka_vs_2timescale_Balrog.mp4
Generating 1 envs per character matchup:
too many threads/slices (14), reducing to 13
  round 1/100: ego_won=False  ego_hp=176  adv_hp=176
  round 2/100: ego_won=False  ego_hp=176  adv_hp=176
  round 3/100: ego_won=False  ego_hp=176  adv_hp=176
  round 4/100: ego_won=False  ego_hp=176  adv_hp=176
  round 5/100: ego_won=False  ego_hp=176  adv_hp=176
  round 6/100: ego_won=False  ego_hp=176  adv_hp=176
  round 7/100: ego_won=True  ego_hp=176  adv_hp=148
  round 8/100: ego_won=False  ego_hp=176  adv_hp=176
  round 9/100: ego_won=False  ego_hp=176  adv_hp=176
  round 10/100: ego_won=False  ego_hp=176  adv_hp=176
  round 11/100: ego_won=False  ego_hp=176  adv_hp=176
  round 12/100: ego_won=False  ego_hp=176  adv_hp=176
  round 13/100: ego_won=False  ego_hp=176  adv_hp=176
  round 14/100: ego_won=False  ego_hp=176  adv_hp=176
  round 15/100: ego_won=False  ego_hp=176  adv_hp=176
  round 16/100: ego_won=False  ego_hp=176  adv_hp=176
  round 17/100: ego_won=False  ego_hp=176  adv_hp=176
  round 18/100: ego_won=False  ego_hp=176  adv_hp=176
  round 19/100: ego_won=False  ego_hp=176  adv_hp=176
  round 20/100: ego_won=False  ego_hp=176  adv_hp=176
  round 21/100: ego_won=False  ego_hp=176  adv_hp=176
  round 22/100: ego_won=False  ego_hp=176  adv_hp=176
  round 23/100: ego_won=False  ego_hp=176  adv_hp=176
  round 24/100: ego_won=False  ego_hp=176  adv_hp=176
  round 25/100: ego_won=False  ego_hp=176  adv_hp=176
  round 26/100: ego_won=False  ego_hp=176  adv_hp=176
  round 27/100: ego_won=False  ego_hp=176  adv_hp=176
  round 28/100: ego_won=False  ego_hp=176  adv_hp=176
  round 29/100: ego_won=False  ego_hp=176  adv_hp=176
  round 30/100: ego_won=False  ego_hp=176  adv_hp=176
  round 31/100: ego_won=False  ego_hp=176  adv_hp=176
  round 32/100: ego_won=False  ego_hp=176  adv_hp=176
  round 33/100: ego_won=False  ego_hp=176  adv_hp=176
  round 34/100: ego_won=False  ego_hp=176  adv_hp=176
  round 35/100: ego_won=False  ego_hp=176  adv_hp=176
  round 36/100: ego_won=False  ego_hp=176  adv_hp=176
  round 37/100: ego_won=False  ego_hp=176  adv_hp=176
  round 38/100: ego_won=True  ego_hp=176  adv_hp=148
  round 39/100: ego_won=False  ego_hp=176  adv_hp=176
  round 40/100: ego_won=False  ego_hp=176  adv_hp=176
  round 41/100: ego_won=False  ego_hp=176  adv_hp=176
  round 42/100: ego_won=False  ego_hp=176  adv_hp=176
  round 43/100: ego_won=False  ego_hp=176  adv_hp=176
  round 44/100: ego_won=False  ego_hp=176  adv_hp=176
  round 45/100: ego_won=False  ego_hp=171  adv_hp=176
  round 46/100: ego_won=False  ego_hp=176  adv_hp=176
  round 47/100: ego_won=False  ego_hp=176  adv_hp=176
  round 48/100: ego_won=False  ego_hp=176  adv_hp=176
  round 49/100: ego_won=False  ego_hp=176  adv_hp=176
  round 50/100: ego_won=False  ego_hp=176  adv_hp=176
  round 51/100: ego_won=False  ego_hp=176  adv_hp=176
  round 52/100: ego_won=False  ego_hp=176  adv_hp=176
  round 53/100: ego_won=False  ego_hp=171  adv_hp=176
  round 54/100: ego_won=False  ego_hp=176  adv_hp=176
  round 55/100: ego_won=False  ego_hp=176  adv_hp=176
  round 56/100: ego_won=False  ego_hp=176  adv_hp=176
  round 57/100: ego_won=False  ego_hp=176  adv_hp=176
  round 58/100: ego_won=False  ego_hp=176  adv_hp=176
  round 59/100: ego_won=False  ego_hp=176  adv_hp=176
  round 60/100: ego_won=False  ego_hp=176  adv_hp=176
  round 61/100: ego_won=False  ego_hp=176  adv_hp=176
  round 62/100: ego_won=False  ego_hp=176  adv_hp=176
  round 63/100: ego_won=False  ego_hp=176  adv_hp=176
  round 64/100: ego_won=False  ego_hp=176  adv_hp=176
  round 65/100: ego_won=False  ego_hp=176  adv_hp=176
  round 66/100: ego_won=False  ego_hp=176  adv_hp=176
  round 67/100: ego_won=False  ego_hp=176  adv_hp=176
  round 68/100: ego_won=True  ego_hp=176  adv_hp=147
  round 69/100: ego_won=False  ego_hp=176  adv_hp=176
  round 70/100: ego_won=False  ego_hp=176  adv_hp=176
  round 71/100: ego_won=False  ego_hp=176  adv_hp=176
  round 72/100: ego_won=False  ego_hp=171  adv_hp=176
  round 73/100: ego_won=False  ego_hp=176  adv_hp=176
  round 74/100: ego_won=False  ego_hp=176  adv_hp=176
  round 75/100: ego_won=False  ego_hp=176  adv_hp=176
  round 76/100: ego_won=False  ego_hp=176  adv_hp=176
  round 77/100: ego_won=False  ego_hp=176  adv_hp=176
  round 78/100: ego_won=False  ego_hp=176  adv_hp=176
  round 79/100: ego_won=False  ego_hp=176  adv_hp=176
  round 80/100: ego_won=False  ego_hp=176  adv_hp=176
  round 81/100: ego_won=False  ego_hp=176  adv_hp=176
  round 82/100: ego_won=False  ego_hp=176  adv_hp=176
  round 83/100: ego_won=False  ego_hp=176  adv_hp=176
  round 84/100: ego_won=False  ego_hp=176  adv_hp=176
  round 85/100: ego_won=False  ego_hp=176  adv_hp=176
  round 86/100: ego_won=False  ego_hp=171  adv_hp=176
  round 87/100: ego_won=False  ego_hp=171  adv_hp=176
  round 88/100: ego_won=False  ego_hp=176  adv_hp=176
  round 89/100: ego_won=False  ego_hp=176  adv_hp=176
  round 90/100: ego_won=False  ego_hp=176  adv_hp=176
  round 91/100: ego_won=True  ego_hp=176  adv_hp=148
  round 92/100: ego_won=False  ego_hp=176  adv_hp=176
  round 93/100: ego_won=False  ego_hp=176  adv_hp=176
  round 94/100: ego_won=False  ego_hp=176  adv_hp=176
  round 95/100: ego_won=False  ego_hp=176  adv_hp=176
  round 96/100: ego_won=False  ego_hp=176  adv_hp=176
  round 97/100: ego_won=False  ego_hp=176  adv_hp=176
  round 98/100: ego_won=False  ego_hp=176  adv_hp=176
  round 99/100: ego_won=False  ego_hp=170  adv_hp=176
  round 100/100: ego_won=False  ego_hp=176  adv_hp=176
final: ego_win_rate=0.0400  (4/100)  matchup=BlankaVsBalrog

Duel: ego=2timescale(Blanka, head=34) vs adv=2timescale(MBison, head=17)  matchup=BlankaVsMBison  rounds=100
Recording duel video to: main/videos/duel_2timescale_Blanka_vs_2timescale_MBison.mp4
Generating 1 envs per character matchup:
too many threads/slices (14), reducing to 13
  round 1/100: ego_won=False  ego_hp=176  adv_hp=176
  round 2/100: ego_won=False  ego_hp=176  adv_hp=176
  round 3/100: ego_won=False  ego_hp=176  adv_hp=176
  round 4/100: ego_won=False  ego_hp=176  adv_hp=176
  round 5/100: ego_won=False  ego_hp=176  adv_hp=176
  round 6/100: ego_won=False  ego_hp=176  adv_hp=176
  round 7/100: ego_won=False  ego_hp=176  adv_hp=176
  round 8/100: ego_won=False  ego_hp=176  adv_hp=176
  round 9/100: ego_won=False  ego_hp=176  adv_hp=176
  round 10/100: ego_won=False  ego_hp=176  adv_hp=176
  round 11/100: ego_won=False  ego_hp=176  adv_hp=176
  round 12/100: ego_won=False  ego_hp=176  adv_hp=176
  round 13/100: ego_won=False  ego_hp=176  adv_hp=176
  round 14/100: ego_won=False  ego_hp=176  adv_hp=176
  round 15/100: ego_won=False  ego_hp=176  adv_hp=176
  round 16/100: ego_won=False  ego_hp=176  adv_hp=176
  round 17/100: ego_won=False  ego_hp=176  adv_hp=176
  round 18/100: ego_won=False  ego_hp=176  adv_hp=176
  round 19/100: ego_won=False  ego_hp=176  adv_hp=176
  round 20/100: ego_won=False  ego_hp=176  adv_hp=176
  round 21/100: ego_won=False  ego_hp=176  adv_hp=176
  round 22/100: ego_won=False  ego_hp=176  adv_hp=176
  round 23/100: ego_won=False  ego_hp=176  adv_hp=176
  round 24/100: ego_won=False  ego_hp=176  adv_hp=176
  round 25/100: ego_won=False  ego_hp=176  adv_hp=176
  round 26/100: ego_won=False  ego_hp=176  adv_hp=176
  round 27/100: ego_won=False  ego_hp=176  adv_hp=176
  round 28/100: ego_won=False  ego_hp=176  adv_hp=176
  round 29/100: ego_won=False  ego_hp=176  adv_hp=176
  round 30/100: ego_won=False  ego_hp=176  adv_hp=176
  round 31/100: ego_won=False  ego_hp=176  adv_hp=176
  round 32/100: ego_won=False  ego_hp=176  adv_hp=176
  round 33/100: ego_won=False  ego_hp=176  adv_hp=176
  round 34/100: ego_won=False  ego_hp=176  adv_hp=176
  round 35/100: ego_won=False  ego_hp=176  adv_hp=176
  round 36/100: ego_won=False  ego_hp=176  adv_hp=176
  round 37/100: ego_won=False  ego_hp=176  adv_hp=176
  round 38/100: ego_won=False  ego_hp=176  adv_hp=176
  round 39/100: ego_won=False  ego_hp=176  adv_hp=176
  round 40/100: ego_won=False  ego_hp=176  adv_hp=176
  round 41/100: ego_won=False  ego_hp=176  adv_hp=176
  round 42/100: ego_won=False  ego_hp=176  adv_hp=176
  round 43/100: ego_won=False  ego_hp=176  adv_hp=176
  round 44/100: ego_won=False  ego_hp=176  adv_hp=176
  round 45/100: ego_won=False  ego_hp=176  adv_hp=176
  round 46/100: ego_won=False  ego_hp=176  adv_hp=176
  round 47/100: ego_won=False  ego_hp=176  adv_hp=176
  round 48/100: ego_won=False  ego_hp=176  adv_hp=176
  round 49/100: ego_won=False  ego_hp=176  adv_hp=176
  round 50/100: ego_won=False  ego_hp=176  adv_hp=176
  round 51/100: ego_won=False  ego_hp=176  adv_hp=176
  round 52/100: ego_won=False  ego_hp=176  adv_hp=176
  round 53/100: ego_won=False  ego_hp=176  adv_hp=176
  round 54/100: ego_won=False  ego_hp=176  adv_hp=176
  round 55/100: ego_won=False  ego_hp=176  adv_hp=176
  round 56/100: ego_won=False  ego_hp=176  adv_hp=176
  round 57/100: ego_won=False  ego_hp=176  adv_hp=176
  round 58/100: ego_won=False  ego_hp=176  adv_hp=176
  round 59/100: ego_won=False  ego_hp=176  adv_hp=176
  round 60/100: ego_won=False  ego_hp=176  adv_hp=176
  round 61/100: ego_won=False  ego_hp=176  adv_hp=176
  round 62/100: ego_won=False  ego_hp=176  adv_hp=176
  round 63/100: ego_won=False  ego_hp=176  adv_hp=176
  round 64/100: ego_won=False  ego_hp=176  adv_hp=176
  round 65/100: ego_won=False  ego_hp=176  adv_hp=176
  round 66/100: ego_won=False  ego_hp=176  adv_hp=176
  round 67/100: ego_won=False  ego_hp=176  adv_hp=176
  round 68/100: ego_won=False  ego_hp=176  adv_hp=176
  round 69/100: ego_won=False  ego_hp=176  adv_hp=176
  round 70/100: ego_won=False  ego_hp=176  adv_hp=176
  round 71/100: ego_won=False  ego_hp=176  adv_hp=176
  round 72/100: ego_won=False  ego_hp=176  adv_hp=176
  round 73/100: ego_won=False  ego_hp=176  adv_hp=176
  round 74/100: ego_won=False  ego_hp=176  adv_hp=176
  round 75/100: ego_won=False  ego_hp=176  adv_hp=176
  round 76/100: ego_won=False  ego_hp=176  adv_hp=176
  round 77/100: ego_won=False  ego_hp=176  adv_hp=176
  round 78/100: ego_won=False  ego_hp=176  adv_hp=176
  round 79/100: ego_won=False  ego_hp=176  adv_hp=176
  round 80/100: ego_won=False  ego_hp=176  adv_hp=176
  round 81/100: ego_won=False  ego_hp=176  adv_hp=176
  round 82/100: ego_won=False  ego_hp=176  adv_hp=176
  round 83/100: ego_won=False  ego_hp=176  adv_hp=176
  round 84/100: ego_won=False  ego_hp=176  adv_hp=176
  round 85/100: ego_won=False  ego_hp=176  adv_hp=176
  round 86/100: ego_won=False  ego_hp=176  adv_hp=176
  round 87/100: ego_won=False  ego_hp=176  adv_hp=176
  round 88/100: ego_won=False  ego_hp=176  adv_hp=176
  round 89/100: ego_won=False  ego_hp=176  adv_hp=176
  round 90/100: ego_won=False  ego_hp=176  adv_hp=176
  round 91/100: ego_won=False  ego_hp=176  adv_hp=176
  round 92/100: ego_won=False  ego_hp=176  adv_hp=176
  round 93/100: ego_won=False  ego_hp=176  adv_hp=176
  round 94/100: ego_won=False  ego_hp=176  adv_hp=176
  round 95/100: ego_won=False  ego_hp=176  adv_hp=176
  round 96/100: ego_won=False  ego_hp=176  adv_hp=176
  round 97/100: ego_won=False  ego_hp=176  adv_hp=176
  round 98/100: ego_won=False  ego_hp=176  adv_hp=176
  round 99/100: ego_won=False  ego_hp=176  adv_hp=176
  round 100/100: ego_won=False  ego_hp=176  adv_hp=176
final: ego_win_rate=0.0000  (0/100)  matchup=BlankaVsMBison

Duel: ego=2timescale(ChunLi, head=36) vs adv=2timescale(Ryu, head=18)  matchup=ChunLiVsRyu  rounds=100
Recording duel video to: main/videos/duel_2timescale_ChunLi_vs_2timescale_Ryu.mp4
Generating 1 envs per character matchup:
too many threads/slices (14), reducing to 13
  round 1/100: ego_won=False  ego_hp=51  adv_hp=106
  round 2/100: ego_won=True  ego_hp=46  adv_hp=-1
  round 3/100: ego_won=False  ego_hp=84  adv_hp=151
  round 4/100: ego_won=False  ego_hp=25  adv_hp=98
  round 5/100: ego_won=True  ego_hp=58  adv_hp=49
  round 6/100: ego_won=False  ego_hp=29  adv_hp=176
  round 7/100: ego_won=True  ego_hp=95  adv_hp=74
  round 8/100: ego_won=False  ego_hp=45  adv_hp=129
  round 9/100: ego_won=False  ego_hp=-1  adv_hp=137
  round 10/100: ego_won=False  ego_hp=25  adv_hp=93
  round 11/100: ego_won=False  ego_hp=21  adv_hp=176
  round 12/100: ego_won=True  ego_hp=78  adv_hp=-1
  round 13/100: ego_won=False  ego_hp=-1  adv_hp=104
  round 14/100: ego_won=False  ego_hp=33  adv_hp=108
  round 15/100: ego_won=False  ego_hp=-1  adv_hp=67
  round 16/100: ego_won=False  ego_hp=-1  adv_hp=28
  round 17/100: ego_won=False  ego_hp=55  adv_hp=123
  round 18/100: ego_won=False  ego_hp=-1  adv_hp=91
  round 19/100: ego_won=False  ego_hp=77  adv_hp=83
  round 20/100: ego_won=False  ego_hp=64  adv_hp=86
  round 21/100: ego_won=False  ego_hp=55  adv_hp=141
  round 22/100: ego_won=False  ego_hp=-1  adv_hp=1
  round 23/100: ego_won=True  ego_hp=74  adv_hp=56
  round 24/100: ego_won=False  ego_hp=28  adv_hp=89
  round 25/100: ego_won=True  ego_hp=132  adv_hp=-1
  round 26/100: ego_won=False  ego_hp=75  adv_hp=128
  round 27/100: ego_won=False  ego_hp=77  adv_hp=121
  round 28/100: ego_won=True  ego_hp=165  adv_hp=107
  round 29/100: ego_won=False  ego_hp=37  adv_hp=45
  round 30/100: ego_won=False  ego_hp=63  adv_hp=129
  round 31/100: ego_won=True  ego_hp=97  adv_hp=-1
  round 32/100: ego_won=False  ego_hp=38  adv_hp=159
  round 33/100: ego_won=True  ego_hp=155  adv_hp=-1
  round 34/100: ego_won=False  ego_hp=80  adv_hp=115
  round 35/100: ego_won=False  ego_hp=51  adv_hp=134
  round 36/100: ego_won=False  ego_hp=-1  adv_hp=133
  round 37/100: ego_won=True  ego_hp=0  adv_hp=-1
  round 38/100: ego_won=False  ego_hp=20  adv_hp=176
  round 39/100: ego_won=False  ego_hp=-1  adv_hp=23
  round 40/100: ego_won=False  ego_hp=-1  adv_hp=134
  round 41/100: ego_won=True  ego_hp=46  adv_hp=-1
  round 42/100: ego_won=False  ego_hp=20  adv_hp=74
  round 43/100: ego_won=True  ego_hp=1  adv_hp=-1
  round 44/100: ego_won=False  ego_hp=73  adv_hp=130
  round 45/100: ego_won=True  ego_hp=134  adv_hp=66
  round 46/100: ego_won=True  ego_hp=126  adv_hp=-1
  round 47/100: ego_won=False  ego_hp=58  adv_hp=157
  round 48/100: ego_won=False  ego_hp=33  adv_hp=159
  round 49/100: ego_won=False  ego_hp=52  adv_hp=155
  round 50/100: ego_won=False  ego_hp=-1  adv_hp=157
  round 51/100: ego_won=False  ego_hp=78  adv_hp=134
  round 52/100: ego_won=True  ego_hp=20  adv_hp=-1
  round 53/100: ego_won=False  ego_hp=17  adv_hp=70
  round 54/100: ego_won=True  ego_hp=76  adv_hp=-1
  round 55/100: ego_won=False  ego_hp=-1  adv_hp=113
  round 56/100: ego_won=False  ego_hp=-1  adv_hp=98
  round 57/100: ego_won=False  ego_hp=15  adv_hp=113
  round 58/100: ego_won=False  ego_hp=12  adv_hp=46
  round 59/100: ego_won=False  ego_hp=120  adv_hp=129
  round 60/100: ego_won=False  ego_hp=38  adv_hp=131
  round 61/100: ego_won=False  ego_hp=45  adv_hp=73
  round 62/100: ego_won=False  ego_hp=-1  adv_hp=89
  round 63/100: ego_won=False  ego_hp=123  adv_hp=140
  round 64/100: ego_won=False  ego_hp=53  adv_hp=158
  round 65/100: ego_won=False  ego_hp=81  adv_hp=117
  round 66/100: ego_won=False  ego_hp=-1  adv_hp=60
  round 67/100: ego_won=False  ego_hp=60  adv_hp=94
  round 68/100: ego_won=False  ego_hp=-1  adv_hp=85
  round 69/100: ego_won=True  ego_hp=96  adv_hp=48
  round 70/100: ego_won=True  ego_hp=73  adv_hp=-1
  round 71/100: ego_won=True  ego_hp=74  adv_hp=47
  round 72/100: ego_won=False  ego_hp=66  adv_hp=176
  round 73/100: ego_won=False  ego_hp=113  adv_hp=155
  round 74/100: ego_won=False  ego_hp=104  adv_hp=129
  round 75/100: ego_won=True  ego_hp=112  adv_hp=-1
  round 76/100: ego_won=False  ego_hp=42  adv_hp=151
  round 77/100: ego_won=False  ego_hp=60  adv_hp=111
  round 78/100: ego_won=False  ego_hp=44  adv_hp=47
  round 79/100: ego_won=False  ego_hp=88  adv_hp=110
  round 80/100: ego_won=True  ego_hp=20  adv_hp=13
  round 81/100: ego_won=False  ego_hp=21  adv_hp=176
  round 82/100: ego_won=False  ego_hp=71  adv_hp=117
  round 83/100: ego_won=False  ego_hp=17  adv_hp=88
  round 84/100: ego_won=False  ego_hp=6  adv_hp=110
  round 85/100: ego_won=False  ego_hp=110  adv_hp=129
  round 86/100: ego_won=False  ego_hp=23  adv_hp=95
  round 87/100: ego_won=False  ego_hp=-1  adv_hp=129
  round 88/100: ego_won=False  ego_hp=67  adv_hp=67
  round 89/100: ego_won=False  ego_hp=8  adv_hp=20
  round 90/100: ego_won=True  ego_hp=97  adv_hp=-1
  round 91/100: ego_won=False  ego_hp=67  adv_hp=77
  round 92/100: ego_won=False  ego_hp=7  adv_hp=98
  round 93/100: ego_won=False  ego_hp=58  adv_hp=141
  round 94/100: ego_won=False  ego_hp=70  adv_hp=88
  round 95/100: ego_won=True  ego_hp=27  adv_hp=-1
  round 96/100: ego_won=False  ego_hp=92  adv_hp=151
  round 97/100: ego_won=False  ego_hp=-1  adv_hp=56
  round 98/100: ego_won=False  ego_hp=-1  adv_hp=154
  round 99/100: ego_won=True  ego_hp=36  adv_hp=-1
  round 100/100: ego_won=True  ego_hp=63  adv_hp=59
final: ego_win_rate=0.2500  (25/100)  matchup=ChunLiVsRyu

Duel: ego=2timescale(ChunLi, head=38) vs adv=2timescale(Sagat, head=19)  matchup=ChunLiVsSagat  rounds=100
Recording duel video to: main/videos/duel_2timescale_ChunLi_vs_2timescale_Sagat.mp4
Generating 1 envs per character matchup:
too many threads/slices (14), reducing to 13
  round 1/100: ego_won=False  ego_hp=55  adv_hp=155
  round 2/100: ego_won=False  ego_hp=28  adv_hp=43
  round 3/100: ego_won=False  ego_hp=24  adv_hp=44
  round 4/100: ego_won=False  ego_hp=43  adv_hp=176
  round 5/100: ego_won=False  ego_hp=18  adv_hp=115
  round 6/100: ego_won=False  ego_hp=69  adv_hp=133
  round 7/100: ego_won=False  ego_hp=31  adv_hp=118
  round 8/100: ego_won=False  ego_hp=50  adv_hp=176
  round 9/100: ego_won=False  ego_hp=50  adv_hp=132
  round 10/100: ego_won=False  ego_hp=73  adv_hp=153
  round 11/100: ego_won=True  ego_hp=62  adv_hp=-1
  round 12/100: ego_won=True  ego_hp=118  adv_hp=110
  round 13/100: ego_won=False  ego_hp=13  adv_hp=134
  round 14/100: ego_won=True  ego_hp=50  adv_hp=-1
  round 15/100: ego_won=False  ego_hp=61  adv_hp=130
  round 16/100: ego_won=True  ego_hp=112  adv_hp=-1
  round 17/100: ego_won=False  ego_hp=18  adv_hp=134
  round 18/100: ego_won=False  ego_hp=72  adv_hp=154
  round 19/100: ego_won=False  ego_hp=44  adv_hp=127
  round 20/100: ego_won=False  ego_hp=16  adv_hp=176
  round 21/100: ego_won=False  ego_hp=19  adv_hp=134
  round 22/100: ego_won=False  ego_hp=64  adv_hp=69
  round 23/100: ego_won=False  ego_hp=41  adv_hp=176
  round 24/100: ego_won=False  ego_hp=49  adv_hp=176
  round 25/100: ego_won=True  ego_hp=110  adv_hp=85
  round 26/100: ego_won=False  ego_hp=21  adv_hp=134
  round 27/100: ego_won=False  ego_hp=14  adv_hp=176
  round 28/100: ego_won=False  ego_hp=94  adv_hp=154
  round 29/100: ego_won=False  ego_hp=26  adv_hp=89
  round 30/100: ego_won=False  ego_hp=48  adv_hp=88
  round 31/100: ego_won=False  ego_hp=52  adv_hp=155
  round 32/100: ego_won=False  ego_hp=18  adv_hp=114
  round 33/100: ego_won=False  ego_hp=33  adv_hp=155
  round 34/100: ego_won=False  ego_hp=13  adv_hp=176
  round 35/100: ego_won=False  ego_hp=16  adv_hp=155
  round 36/100: ego_won=False  ego_hp=27  adv_hp=154
  round 37/100: ego_won=False  ego_hp=27  adv_hp=155
  round 38/100: ego_won=False  ego_hp=19  adv_hp=154
  round 39/100: ego_won=False  ego_hp=14  adv_hp=158
  round 40/100: ego_won=False  ego_hp=35  adv_hp=112
  round 41/100: ego_won=False  ego_hp=26  adv_hp=134
  round 42/100: ego_won=True  ego_hp=95  adv_hp=88
  round 43/100: ego_won=False  ego_hp=126  adv_hp=176
  round 44/100: ego_won=False  ego_hp=22  adv_hp=176
  round 45/100: ego_won=False  ego_hp=89  adv_hp=154
  round 46/100: ego_won=False  ego_hp=54  adv_hp=158
  round 47/100: ego_won=True  ego_hp=13  adv_hp=-1
  round 48/100: ego_won=False  ego_hp=-1  adv_hp=154
  round 49/100: ego_won=False  ego_hp=-1  adv_hp=142
  round 50/100: ego_won=False  ego_hp=20  adv_hp=134
  round 51/100: ego_won=False  ego_hp=22  adv_hp=155
  round 52/100: ego_won=False  ego_hp=21  adv_hp=155
  round 53/100: ego_won=False  ego_hp=140  adv_hp=176
  round 54/100: ego_won=False  ego_hp=74  adv_hp=132
  round 55/100: ego_won=False  ego_hp=30  adv_hp=105
  round 56/100: ego_won=False  ego_hp=35  adv_hp=176
  round 57/100: ego_won=False  ego_hp=80  adv_hp=132
  round 58/100: ego_won=False  ego_hp=10  adv_hp=130
  round 59/100: ego_won=False  ego_hp=98  adv_hp=154
  round 60/100: ego_won=False  ego_hp=20  adv_hp=129
  round 61/100: ego_won=False  ego_hp=114  adv_hp=154
  round 62/100: ego_won=False  ego_hp=19  adv_hp=134
  round 63/100: ego_won=False  ego_hp=115  adv_hp=176
  round 64/100: ego_won=False  ego_hp=17  adv_hp=133
  round 65/100: ego_won=False  ego_hp=73  adv_hp=153
  round 66/100: ego_won=False  ego_hp=94  adv_hp=154
  round 67/100: ego_won=False  ego_hp=2  adv_hp=112
  round 68/100: ego_won=False  ego_hp=18  adv_hp=159
  round 69/100: ego_won=False  ego_hp=52  adv_hp=152
  round 70/100: ego_won=False  ego_hp=60  adv_hp=158
  round 71/100: ego_won=False  ego_hp=58  adv_hp=104
  round 72/100: ego_won=False  ego_hp=45  adv_hp=57
  round 73/100: ego_won=False  ego_hp=67  adv_hp=155
  round 74/100: ego_won=False  ego_hp=94  adv_hp=132
  round 75/100: ego_won=False  ego_hp=40  adv_hp=132
  round 76/100: ego_won=False  ego_hp=41  adv_hp=155
  round 77/100: ego_won=False  ego_hp=20  adv_hp=151
  round 78/100: ego_won=False  ego_hp=105  adv_hp=159
  round 79/100: ego_won=False  ego_hp=112  adv_hp=141
  round 80/100: ego_won=False  ego_hp=106  adv_hp=176
  round 81/100: ego_won=False  ego_hp=71  adv_hp=176
  round 82/100: ego_won=False  ego_hp=77  adv_hp=129
  round 83/100: ego_won=False  ego_hp=40  adv_hp=122
  round 84/100: ego_won=False  ego_hp=23  adv_hp=155
  round 85/100: ego_won=False  ego_hp=80  adv_hp=151
  round 86/100: ego_won=False  ego_hp=31  adv_hp=108
  round 87/100: ego_won=False  ego_hp=18  adv_hp=155
  round 88/100: ego_won=False  ego_hp=40  adv_hp=155
  round 89/100: ego_won=False  ego_hp=-1  adv_hp=82
  round 90/100: ego_won=False  ego_hp=39  adv_hp=154
  round 91/100: ego_won=False  ego_hp=129  adv_hp=176
  round 92/100: ego_won=False  ego_hp=49  adv_hp=176
  round 93/100: ego_won=False  ego_hp=14  adv_hp=113
  round 94/100: ego_won=False  ego_hp=31  adv_hp=155
  round 95/100: ego_won=False  ego_hp=47  adv_hp=109
  round 96/100: ego_won=False  ego_hp=49  adv_hp=176
  round 97/100: ego_won=False  ego_hp=52  adv_hp=155
  round 98/100: ego_won=False  ego_hp=62  adv_hp=133
  round 99/100: ego_won=False  ego_hp=100  adv_hp=176
  round 100/100: ego_won=True  ego_hp=3  adv_hp=-1
final: ego_win_rate=0.0800  (8/100)  matchup=ChunLiVsSagat

Duel: ego=2timescale(ChunLi, head=40) vs adv=2timescale(Ken, head=20)  matchup=ChunLiVsKen  rounds=100
Recording duel video to: main/videos/duel_2timescale_ChunLi_vs_2timescale_Ken.mp4
Generating 1 envs per character matchup:
too many threads/slices (14), reducing to 13
  round 1/100: ego_won=False  ego_hp=156  adv_hp=176
  round 2/100: ego_won=False  ego_hp=176  adv_hp=176
  round 3/100: ego_won=True  ego_hp=101  adv_hp=-1
  round 4/100: ego_won=True  ego_hp=25  adv_hp=-1
  round 5/100: ego_won=False  ego_hp=176  adv_hp=176
  round 6/100: ego_won=False  ego_hp=-1  adv_hp=21
  round 7/100: ego_won=True  ego_hp=176  adv_hp=-1
  round 8/100: ego_won=True  ego_hp=121  adv_hp=-1
  round 9/100: ego_won=True  ego_hp=59  adv_hp=-1
  round 10/100: ego_won=False  ego_hp=176  adv_hp=176
  round 11/100: ego_won=True  ego_hp=109  adv_hp=34
  round 12/100: ego_won=True  ego_hp=137  adv_hp=-1
  round 13/100: ego_won=False  ego_hp=176  adv_hp=176
  round 14/100: ego_won=False  ego_hp=176  adv_hp=176
  round 15/100: ego_won=True  ego_hp=69  adv_hp=49
  round 16/100: ego_won=False  ego_hp=176  adv_hp=176
  round 17/100: ego_won=True  ego_hp=161  adv_hp=57
  round 18/100: ego_won=False  ego_hp=176  adv_hp=176
  round 19/100: ego_won=False  ego_hp=161  adv_hp=176
  round 20/100: ego_won=True  ego_hp=5  adv_hp=-1
  round 21/100: ego_won=True  ego_hp=93  adv_hp=-1
  round 22/100: ego_won=False  ego_hp=176  adv_hp=176
  round 23/100: ego_won=True  ego_hp=121  adv_hp=71
  round 24/100: ego_won=True  ego_hp=138  adv_hp=71
  round 25/100: ego_won=True  ego_hp=116  adv_hp=25
  round 26/100: ego_won=True  ego_hp=119  adv_hp=63
  round 27/100: ego_won=False  ego_hp=176  adv_hp=176
  round 28/100: ego_won=True  ego_hp=116  adv_hp=-1
  round 29/100: ego_won=False  ego_hp=176  adv_hp=176
  round 30/100: ego_won=True  ego_hp=16  adv_hp=-1
  round 31/100: ego_won=True  ego_hp=176  adv_hp=90
  round 32/100: ego_won=True  ego_hp=122  adv_hp=67
  round 33/100: ego_won=True  ego_hp=176  adv_hp=86
  round 34/100: ego_won=False  ego_hp=176  adv_hp=176
  round 35/100: ego_won=False  ego_hp=176  adv_hp=176
  round 36/100: ego_won=True  ego_hp=164  adv_hp=64
  round 37/100: ego_won=True  ego_hp=161  adv_hp=61
  round 38/100: ego_won=False  ego_hp=176  adv_hp=176
  round 39/100: ego_won=True  ego_hp=92  adv_hp=86
  round 40/100: ego_won=True  ego_hp=15  adv_hp=-1
  round 41/100: ego_won=True  ego_hp=159  adv_hp=61
  round 42/100: ego_won=True  ego_hp=54  adv_hp=50
  round 43/100: ego_won=True  ego_hp=128  adv_hp=-1
  round 44/100: ego_won=True  ego_hp=118  adv_hp=-1
  round 45/100: ego_won=False  ego_hp=176  adv_hp=176
  round 46/100: ego_won=True  ego_hp=48  adv_hp=-1
  round 47/100: ego_won=True  ego_hp=171  adv_hp=50
  round 48/100: ego_won=False  ego_hp=176  adv_hp=176
  round 49/100: ego_won=True  ego_hp=84  adv_hp=-1
  round 50/100: ego_won=False  ego_hp=176  adv_hp=176
  round 51/100: ego_won=False  ego_hp=176  adv_hp=176
  round 52/100: ego_won=True  ego_hp=176  adv_hp=69
  round 53/100: ego_won=False  ego_hp=176  adv_hp=176
  round 54/100: ego_won=True  ego_hp=171  adv_hp=60
  round 55/100: ego_won=False  ego_hp=-1  adv_hp=28
  round 56/100: ego_won=True  ego_hp=166  adv_hp=46
  round 57/100: ego_won=True  ego_hp=27  adv_hp=-1
  round 58/100: ego_won=False  ego_hp=176  adv_hp=176
  round 59/100: ego_won=True  ego_hp=108  adv_hp=-1
  round 60/100: ego_won=True  ego_hp=86  adv_hp=-1
  round 61/100: ego_won=False  ego_hp=176  adv_hp=176
  round 62/100: ego_won=True  ego_hp=6  adv_hp=-1
  round 63/100: ego_won=False  ego_hp=176  adv_hp=176
  round 64/100: ego_won=True  ego_hp=65  adv_hp=22
  round 65/100: ego_won=True  ego_hp=0  adv_hp=-1
  round 66/100: ego_won=True  ego_hp=171  adv_hp=64
  round 67/100: ego_won=False  ego_hp=176  adv_hp=176
  round 68/100: ego_won=True  ego_hp=66  adv_hp=-1
  round 69/100: ego_won=True  ego_hp=122  adv_hp=-1
  round 70/100: ego_won=True  ego_hp=137  adv_hp=129
  round 71/100: ego_won=True  ego_hp=110  adv_hp=-1
  round 72/100: ego_won=False  ego_hp=176  adv_hp=176
  round 73/100: ego_won=True  ego_hp=107  adv_hp=-1
  round 74/100: ego_won=True  ego_hp=143  adv_hp=-1
  round 75/100: ego_won=True  ego_hp=166  adv_hp=52
  round 76/100: ego_won=True  ego_hp=171  adv_hp=46
  round 77/100: ego_won=False  ego_hp=176  adv_hp=176
  round 78/100: ego_won=True  ego_hp=18  adv_hp=-1
  round 79/100: ego_won=False  ego_hp=176  adv_hp=176
  round 80/100: ego_won=False  ego_hp=29  adv_hp=111
  round 81/100: ego_won=False  ego_hp=44  adv_hp=57
  round 82/100: ego_won=True  ego_hp=166  adv_hp=60
  round 83/100: ego_won=False  ego_hp=176  adv_hp=176
  round 84/100: ego_won=True  ego_hp=29  adv_hp=13
  round 85/100: ego_won=False  ego_hp=176  adv_hp=176
  round 86/100: ego_won=True  ego_hp=3  adv_hp=-1
  round 87/100: ego_won=False  ego_hp=176  adv_hp=176
  round 88/100: ego_won=False  ego_hp=176  adv_hp=176
  round 89/100: ego_won=False  ego_hp=90  adv_hp=114
  round 90/100: ego_won=True  ego_hp=80  adv_hp=-1
  round 91/100: ego_won=True  ego_hp=53  adv_hp=-1
  round 92/100: ego_won=True  ego_hp=69  adv_hp=-1
  round 93/100: ego_won=True  ego_hp=62  adv_hp=-1
  round 94/100: ego_won=False  ego_hp=176  adv_hp=176
  round 95/100: ego_won=True  ego_hp=133  adv_hp=33
  round 96/100: ego_won=False  ego_hp=176  adv_hp=176
  round 97/100: ego_won=False  ego_hp=6  adv_hp=8
  round 98/100: ego_won=True  ego_hp=155  adv_hp=68
  round 99/100: ego_won=True  ego_hp=7  adv_hp=-1
  round 100/100: ego_won=True  ego_hp=141  adv_hp=3
final: ego_win_rate=0.6100  (61/100)  matchup=ChunLiVsKen

Duel: ego=2timescale(ChunLi, head=42) vs adv=2timescale(Dhalsim, head=21)  matchup=ChunLiVsDhalsim  rounds=100
Recording duel video to: main/videos/duel_2timescale_ChunLi_vs_2timescale_Dhalsim.mp4
Generating 1 envs per character matchup:
too many threads/slices (14), reducing to 13
  round 1/100: ego_won=False  ego_hp=176  adv_hp=176
  round 2/100: ego_won=False  ego_hp=176  adv_hp=176
  round 3/100: ego_won=False  ego_hp=176  adv_hp=176
  round 4/100: ego_won=False  ego_hp=176  adv_hp=176
  round 5/100: ego_won=False  ego_hp=176  adv_hp=176
  round 6/100: ego_won=False  ego_hp=176  adv_hp=176
  round 7/100: ego_won=False  ego_hp=176  adv_hp=176
  round 8/100: ego_won=False  ego_hp=176  adv_hp=176
  round 9/100: ego_won=False  ego_hp=176  adv_hp=176
  round 10/100: ego_won=False  ego_hp=176  adv_hp=176
  round 11/100: ego_won=False  ego_hp=176  adv_hp=176
  round 12/100: ego_won=False  ego_hp=176  adv_hp=176
  round 13/100: ego_won=False  ego_hp=176  adv_hp=176
  round 14/100: ego_won=False  ego_hp=176  adv_hp=176
  round 15/100: ego_won=False  ego_hp=176  adv_hp=176
  round 16/100: ego_won=False  ego_hp=176  adv_hp=176
  round 17/100: ego_won=False  ego_hp=176  adv_hp=176
  round 18/100: ego_won=False  ego_hp=176  adv_hp=176
  round 19/100: ego_won=False  ego_hp=176  adv_hp=176
  round 20/100: ego_won=False  ego_hp=176  adv_hp=176
  round 21/100: ego_won=False  ego_hp=176  adv_hp=176
  round 22/100: ego_won=False  ego_hp=176  adv_hp=176
  round 23/100: ego_won=False  ego_hp=176  adv_hp=176
  round 24/100: ego_won=False  ego_hp=176  adv_hp=176
  round 25/100: ego_won=False  ego_hp=176  adv_hp=176
  round 26/100: ego_won=False  ego_hp=176  adv_hp=176
  round 27/100: ego_won=False  ego_hp=176  adv_hp=176
  round 28/100: ego_won=False  ego_hp=176  adv_hp=176
  round 29/100: ego_won=False  ego_hp=176  adv_hp=176
  round 30/100: ego_won=False  ego_hp=176  adv_hp=176
  round 31/100: ego_won=False  ego_hp=176  adv_hp=176
  round 32/100: ego_won=False  ego_hp=176  adv_hp=176
  round 33/100: ego_won=False  ego_hp=176  adv_hp=176
  round 34/100: ego_won=False  ego_hp=176  adv_hp=176
  round 35/100: ego_won=False  ego_hp=176  adv_hp=176
  round 36/100: ego_won=False  ego_hp=176  adv_hp=176
  round 37/100: ego_won=False  ego_hp=176  adv_hp=176
  round 38/100: ego_won=False  ego_hp=176  adv_hp=176
  round 39/100: ego_won=False  ego_hp=176  adv_hp=176
  round 40/100: ego_won=False  ego_hp=176  adv_hp=176
  round 41/100: ego_won=False  ego_hp=176  adv_hp=176
  round 42/100: ego_won=False  ego_hp=176  adv_hp=176
  round 43/100: ego_won=False  ego_hp=176  adv_hp=176
  round 44/100: ego_won=False  ego_hp=176  adv_hp=176
  round 45/100: ego_won=False  ego_hp=176  adv_hp=176
  round 46/100: ego_won=False  ego_hp=176  adv_hp=176
  round 47/100: ego_won=False  ego_hp=176  adv_hp=176
  round 48/100: ego_won=False  ego_hp=176  adv_hp=176
  round 49/100: ego_won=False  ego_hp=176  adv_hp=176
  round 50/100: ego_won=False  ego_hp=176  adv_hp=176
  round 51/100: ego_won=False  ego_hp=176  adv_hp=176
  round 52/100: ego_won=False  ego_hp=176  adv_hp=176
  round 53/100: ego_won=False  ego_hp=176  adv_hp=176
  round 54/100: ego_won=False  ego_hp=176  adv_hp=176
  round 55/100: ego_won=False  ego_hp=176  adv_hp=176
  round 56/100: ego_won=False  ego_hp=176  adv_hp=176
  round 57/100: ego_won=False  ego_hp=176  adv_hp=176
  round 58/100: ego_won=False  ego_hp=176  adv_hp=176
  round 59/100: ego_won=False  ego_hp=176  adv_hp=176
  round 60/100: ego_won=False  ego_hp=176  adv_hp=176
  round 61/100: ego_won=False  ego_hp=176  adv_hp=176
  round 62/100: ego_won=False  ego_hp=176  adv_hp=176
  round 63/100: ego_won=False  ego_hp=176  adv_hp=176
  round 64/100: ego_won=False  ego_hp=176  adv_hp=176
  round 65/100: ego_won=False  ego_hp=176  adv_hp=176
  round 66/100: ego_won=False  ego_hp=176  adv_hp=176
  round 67/100: ego_won=False  ego_hp=176  adv_hp=176
  round 68/100: ego_won=False  ego_hp=176  adv_hp=176
  round 69/100: ego_won=False  ego_hp=176  adv_hp=176
  round 70/100: ego_won=False  ego_hp=176  adv_hp=176
  round 71/100: ego_won=False  ego_hp=176  adv_hp=176
  round 72/100: ego_won=False  ego_hp=176  adv_hp=176
  round 73/100: ego_won=False  ego_hp=176  adv_hp=176
  round 74/100: ego_won=False  ego_hp=176  adv_hp=176
  round 75/100: ego_won=False  ego_hp=176  adv_hp=176
  round 76/100: ego_won=False  ego_hp=176  adv_hp=176
  round 77/100: ego_won=False  ego_hp=176  adv_hp=176
  round 78/100: ego_won=False  ego_hp=176  adv_hp=176
  round 79/100: ego_won=False  ego_hp=176  adv_hp=176
  round 80/100: ego_won=False  ego_hp=176  adv_hp=176
  round 81/100: ego_won=False  ego_hp=176  adv_hp=176
  round 82/100: ego_won=False  ego_hp=176  adv_hp=176
  round 83/100: ego_won=False  ego_hp=176  adv_hp=176
  round 84/100: ego_won=False  ego_hp=176  adv_hp=176
  round 85/100: ego_won=False  ego_hp=176  adv_hp=176
  round 86/100: ego_won=False  ego_hp=176  adv_hp=176
  round 87/100: ego_won=False  ego_hp=176  adv_hp=176
  round 88/100: ego_won=False  ego_hp=176  adv_hp=176
  round 89/100: ego_won=False  ego_hp=176  adv_hp=176
  round 90/100: ego_won=False  ego_hp=176  adv_hp=176
  round 91/100: ego_won=False  ego_hp=176  adv_hp=176
  round 92/100: ego_won=False  ego_hp=176  adv_hp=176
  round 93/100: ego_won=False  ego_hp=176  adv_hp=176
  round 94/100: ego_won=False  ego_hp=176  adv_hp=176
  round 95/100: ego_won=False  ego_hp=176  adv_hp=176
  round 96/100: ego_won=False  ego_hp=176  adv_hp=176
  round 97/100: ego_won=False  ego_hp=176  adv_hp=176
  round 98/100: ego_won=False  ego_hp=176  adv_hp=176
  round 99/100: ego_won=False  ego_hp=176  adv_hp=176
  round 100/100: ego_won=False  ego_hp=176  adv_hp=176
final: ego_win_rate=0.0000  (0/100)  matchup=ChunLiVsDhalsim

Duel: ego=2timescale(ChunLi, head=44) vs adv=2timescale(Balrog, head=22)  matchup=ChunLiVsBalrog  rounds=100
Recording duel video to: main/videos/duel_2timescale_ChunLi_vs_2timescale_Balrog.mp4
Generating 1 envs per character matchup:
too many threads/slices (14), reducing to 13
  round 1/100: ego_won=False  ego_hp=176  adv_hp=176
  round 2/100: ego_won=False  ego_hp=176  adv_hp=176
  round 3/100: ego_won=False  ego_hp=176  adv_hp=176
  round 4/100: ego_won=False  ego_hp=176  adv_hp=176
  round 5/100: ego_won=False  ego_hp=176  adv_hp=176
  round 6/100: ego_won=False  ego_hp=176  adv_hp=176
  round 7/100: ego_won=False  ego_hp=176  adv_hp=176
  round 8/100: ego_won=False  ego_hp=176  adv_hp=176
  round 9/100: ego_won=False  ego_hp=176  adv_hp=176
  round 10/100: ego_won=False  ego_hp=176  adv_hp=176
  round 11/100: ego_won=False  ego_hp=176  adv_hp=176
  round 12/100: ego_won=False  ego_hp=176  adv_hp=176
  round 13/100: ego_won=False  ego_hp=176  adv_hp=176
  round 14/100: ego_won=False  ego_hp=176  adv_hp=176
  round 15/100: ego_won=False  ego_hp=176  adv_hp=176
  round 16/100: ego_won=False  ego_hp=176  adv_hp=176
  round 17/100: ego_won=False  ego_hp=176  adv_hp=176
  round 18/100: ego_won=False  ego_hp=176  adv_hp=176
  round 19/100: ego_won=False  ego_hp=176  adv_hp=176
  round 20/100: ego_won=False  ego_hp=176  adv_hp=176
  round 21/100: ego_won=False  ego_hp=176  adv_hp=176
  round 22/100: ego_won=False  ego_hp=176  adv_hp=176
  round 23/100: ego_won=False  ego_hp=176  adv_hp=176
  round 24/100: ego_won=False  ego_hp=176  adv_hp=176
  round 25/100: ego_won=False  ego_hp=176  adv_hp=176
  round 26/100: ego_won=False  ego_hp=176  adv_hp=176
  round 27/100: ego_won=False  ego_hp=176  adv_hp=176
  round 28/100: ego_won=False  ego_hp=176  adv_hp=176
  round 29/100: ego_won=False  ego_hp=176  adv_hp=176
  round 30/100: ego_won=False  ego_hp=176  adv_hp=176
  round 31/100: ego_won=False  ego_hp=176  adv_hp=176
  round 32/100: ego_won=False  ego_hp=176  adv_hp=176
  round 33/100: ego_won=False  ego_hp=176  adv_hp=176
  round 34/100: ego_won=False  ego_hp=176  adv_hp=176
  round 35/100: ego_won=False  ego_hp=176  adv_hp=176
  round 36/100: ego_won=False  ego_hp=176  adv_hp=176
  round 37/100: ego_won=False  ego_hp=176  adv_hp=176
  round 38/100: ego_won=False  ego_hp=176  adv_hp=176
  round 39/100: ego_won=False  ego_hp=176  adv_hp=176
  round 40/100: ego_won=False  ego_hp=176  adv_hp=176
  round 41/100: ego_won=False  ego_hp=176  adv_hp=176
  round 42/100: ego_won=False  ego_hp=176  adv_hp=176
  round 43/100: ego_won=False  ego_hp=176  adv_hp=176
  round 44/100: ego_won=False  ego_hp=176  adv_hp=176
  round 45/100: ego_won=False  ego_hp=176  adv_hp=176
  round 46/100: ego_won=False  ego_hp=176  adv_hp=176
  round 47/100: ego_won=False  ego_hp=176  adv_hp=176
  round 48/100: ego_won=False  ego_hp=176  adv_hp=176
  round 49/100: ego_won=False  ego_hp=176  adv_hp=176
  round 50/100: ego_won=False  ego_hp=176  adv_hp=176
  round 51/100: ego_won=False  ego_hp=176  adv_hp=176
  round 52/100: ego_won=False  ego_hp=176  adv_hp=176
  round 53/100: ego_won=False  ego_hp=176  adv_hp=176
  round 54/100: ego_won=False  ego_hp=176  adv_hp=176
  round 55/100: ego_won=False  ego_hp=176  adv_hp=176
  round 56/100: ego_won=False  ego_hp=176  adv_hp=176
  round 57/100: ego_won=False  ego_hp=176  adv_hp=176
  round 58/100: ego_won=False  ego_hp=176  adv_hp=176
  round 59/100: ego_won=False  ego_hp=176  adv_hp=176
  round 60/100: ego_won=False  ego_hp=176  adv_hp=176
  round 61/100: ego_won=False  ego_hp=176  adv_hp=176
  round 62/100: ego_won=False  ego_hp=176  adv_hp=176
  round 63/100: ego_won=False  ego_hp=176  adv_hp=176
  round 64/100: ego_won=False  ego_hp=176  adv_hp=176
  round 65/100: ego_won=False  ego_hp=176  adv_hp=176
  round 66/100: ego_won=False  ego_hp=176  adv_hp=176
  round 67/100: ego_won=False  ego_hp=176  adv_hp=176
  round 68/100: ego_won=False  ego_hp=176  adv_hp=176
  round 69/100: ego_won=False  ego_hp=176  adv_hp=176
  round 70/100: ego_won=False  ego_hp=176  adv_hp=176
  round 71/100: ego_won=False  ego_hp=176  adv_hp=176
  round 72/100: ego_won=False  ego_hp=176  adv_hp=176
  round 73/100: ego_won=False  ego_hp=176  adv_hp=176
  round 74/100: ego_won=False  ego_hp=176  adv_hp=176
  round 75/100: ego_won=False  ego_hp=176  adv_hp=176
  round 76/100: ego_won=False  ego_hp=176  adv_hp=176
  round 77/100: ego_won=False  ego_hp=176  adv_hp=176
  round 78/100: ego_won=False  ego_hp=176  adv_hp=176
  round 79/100: ego_won=False  ego_hp=176  adv_hp=176
  round 80/100: ego_won=False  ego_hp=176  adv_hp=176
  round 81/100: ego_won=False  ego_hp=176  adv_hp=176
  round 82/100: ego_won=False  ego_hp=176  adv_hp=176
  round 83/100: ego_won=False  ego_hp=176  adv_hp=176
  round 84/100: ego_won=False  ego_hp=176  adv_hp=176
  round 85/100: ego_won=False  ego_hp=176  adv_hp=176
  round 86/100: ego_won=False  ego_hp=176  adv_hp=176
  round 87/100: ego_won=False  ego_hp=176  adv_hp=176
  round 88/100: ego_won=False  ego_hp=176  adv_hp=176
  round 89/100: ego_won=False  ego_hp=176  adv_hp=176
  round 90/100: ego_won=False  ego_hp=176  adv_hp=176
  round 91/100: ego_won=False  ego_hp=176  adv_hp=176
  round 92/100: ego_won=False  ego_hp=176  adv_hp=176
  round 93/100: ego_won=False  ego_hp=176  adv_hp=176
  round 94/100: ego_won=False  ego_hp=176  adv_hp=176
  round 95/100: ego_won=False  ego_hp=176  adv_hp=176
  round 96/100: ego_won=False  ego_hp=176  adv_hp=176
  round 97/100: ego_won=False  ego_hp=176  adv_hp=176
  round 98/100: ego_won=False  ego_hp=176  adv_hp=176
  round 99/100: ego_won=False  ego_hp=176  adv_hp=176
  round 100/100: ego_won=False  ego_hp=176  adv_hp=176
final: ego_win_rate=0.0000  (0/100)  matchup=ChunLiVsBalrog

Duel: ego=2timescale(ChunLi, head=46) vs adv=2timescale(MBison, head=23)  matchup=ChunLiVsMBison  rounds=100
Recording duel video to: main/videos/duel_2timescale_ChunLi_vs_2timescale_MBison.mp4
Generating 1 envs per character matchup:
too many threads/slices (14), reducing to 13
  round 1/100: ego_won=False  ego_hp=176  adv_hp=176
  round 2/100: ego_won=False  ego_hp=176  adv_hp=176
  round 3/100: ego_won=False  ego_hp=176  adv_hp=176
  round 4/100: ego_won=False  ego_hp=176  adv_hp=176
  round 5/100: ego_won=False  ego_hp=176  adv_hp=176
  round 6/100: ego_won=False  ego_hp=176  adv_hp=176
  round 7/100: ego_won=False  ego_hp=176  adv_hp=176
  round 8/100: ego_won=False  ego_hp=176  adv_hp=176
  round 9/100: ego_won=False  ego_hp=176  adv_hp=176
  round 10/100: ego_won=False  ego_hp=176  adv_hp=176
  round 11/100: ego_won=False  ego_hp=176  adv_hp=176
  round 12/100: ego_won=False  ego_hp=176  adv_hp=176
  round 13/100: ego_won=False  ego_hp=176  adv_hp=176
  round 14/100: ego_won=False  ego_hp=176  adv_hp=176
  round 15/100: ego_won=False  ego_hp=176  adv_hp=176
  round 16/100: ego_won=False  ego_hp=176  adv_hp=176
  round 17/100: ego_won=False  ego_hp=176  adv_hp=176
  round 18/100: ego_won=False  ego_hp=176  adv_hp=176
  round 19/100: ego_won=False  ego_hp=176  adv_hp=176
  round 20/100: ego_won=False  ego_hp=176  adv_hp=176
  round 21/100: ego_won=False  ego_hp=176  adv_hp=176
  round 22/100: ego_won=False  ego_hp=176  adv_hp=176
  round 23/100: ego_won=False  ego_hp=176  adv_hp=176
  round 24/100: ego_won=False  ego_hp=176  adv_hp=176
  round 25/100: ego_won=False  ego_hp=176  adv_hp=176
  round 26/100: ego_won=False  ego_hp=176  adv_hp=176
  round 27/100: ego_won=False  ego_hp=176  adv_hp=176
  round 28/100: ego_won=False  ego_hp=176  adv_hp=176
  round 29/100: ego_won=False  ego_hp=176  adv_hp=176
  round 30/100: ego_won=False  ego_hp=176  adv_hp=176
  round 31/100: ego_won=False  ego_hp=176  adv_hp=176
  round 32/100: ego_won=False  ego_hp=176  adv_hp=176
  round 33/100: ego_won=False  ego_hp=176  adv_hp=176
  round 34/100: ego_won=False  ego_hp=176  adv_hp=176
  round 35/100: ego_won=False  ego_hp=176  adv_hp=176
  round 36/100: ego_won=False  ego_hp=176  adv_hp=176
  round 37/100: ego_won=False  ego_hp=176  adv_hp=176
  round 38/100: ego_won=False  ego_hp=176  adv_hp=176
  round 39/100: ego_won=False  ego_hp=176  adv_hp=176
  round 40/100: ego_won=False  ego_hp=176  adv_hp=176
  round 41/100: ego_won=False  ego_hp=176  adv_hp=176
  round 42/100: ego_won=False  ego_hp=176  adv_hp=176
  round 43/100: ego_won=False  ego_hp=176  adv_hp=176
  round 44/100: ego_won=False  ego_hp=176  adv_hp=176
  round 45/100: ego_won=False  ego_hp=176  adv_hp=176
  round 46/100: ego_won=False  ego_hp=176  adv_hp=176
  round 47/100: ego_won=False  ego_hp=176  adv_hp=176
  round 48/100: ego_won=False  ego_hp=176  adv_hp=176
  round 49/100: ego_won=False  ego_hp=176  adv_hp=176
  round 50/100: ego_won=False  ego_hp=176  adv_hp=176
  round 51/100: ego_won=False  ego_hp=176  adv_hp=176
  round 52/100: ego_won=False  ego_hp=176  adv_hp=176
  round 53/100: ego_won=False  ego_hp=176  adv_hp=176
  round 54/100: ego_won=False  ego_hp=176  adv_hp=176
  round 55/100: ego_won=False  ego_hp=176  adv_hp=176
  round 56/100: ego_won=False  ego_hp=176  adv_hp=176
  round 57/100: ego_won=False  ego_hp=176  adv_hp=176
  round 58/100: ego_won=False  ego_hp=176  adv_hp=176
  round 59/100: ego_won=False  ego_hp=176  adv_hp=176
  round 60/100: ego_won=False  ego_hp=176  adv_hp=176
  round 61/100: ego_won=False  ego_hp=176  adv_hp=176
  round 62/100: ego_won=False  ego_hp=176  adv_hp=176
  round 63/100: ego_won=False  ego_hp=176  adv_hp=176
  round 64/100: ego_won=False  ego_hp=176  adv_hp=176
  round 65/100: ego_won=False  ego_hp=176  adv_hp=176
  round 66/100: ego_won=False  ego_hp=176  adv_hp=176
  round 67/100: ego_won=False  ego_hp=176  adv_hp=176
  round 68/100: ego_won=False  ego_hp=176  adv_hp=176
  round 69/100: ego_won=False  ego_hp=176  adv_hp=176
  round 70/100: ego_won=False  ego_hp=176  adv_hp=176
  round 71/100: ego_won=False  ego_hp=176  adv_hp=176
  round 72/100: ego_won=False  ego_hp=176  adv_hp=176
  round 73/100: ego_won=False  ego_hp=176  adv_hp=176
  round 74/100: ego_won=False  ego_hp=176  adv_hp=176
  round 75/100: ego_won=False  ego_hp=176  adv_hp=176
  round 76/100: ego_won=False  ego_hp=176  adv_hp=176
  round 77/100: ego_won=False  ego_hp=176  adv_hp=176
  round 78/100: ego_won=False  ego_hp=176  adv_hp=176
  round 79/100: ego_won=False  ego_hp=176  adv_hp=176
  round 80/100: ego_won=False  ego_hp=176  adv_hp=176
  round 81/100: ego_won=False  ego_hp=176  adv_hp=176
  round 82/100: ego_won=False  ego_hp=176  adv_hp=176
  round 83/100: ego_won=False  ego_hp=176  adv_hp=176
  round 84/100: ego_won=False  ego_hp=176  adv_hp=176
  round 85/100: ego_won=False  ego_hp=176  adv_hp=176
  round 86/100: ego_won=False  ego_hp=176  adv_hp=176
  round 87/100: ego_won=False  ego_hp=176  adv_hp=176
  round 88/100: ego_won=False  ego_hp=176  adv_hp=176
  round 89/100: ego_won=False  ego_hp=176  adv_hp=176
  round 90/100: ego_won=False  ego_hp=176  adv_hp=176
  round 91/100: ego_won=False  ego_hp=176  adv_hp=176
  round 92/100: ego_won=False  ego_hp=176  adv_hp=176
  round 93/100: ego_won=False  ego_hp=176  adv_hp=176
  round 94/100: ego_won=False  ego_hp=176  adv_hp=176
  round 95/100: ego_won=False  ego_hp=176  adv_hp=176
  round 96/100: ego_won=False  ego_hp=176  adv_hp=176
  round 97/100: ego_won=False  ego_hp=176  adv_hp=176
  round 98/100: ego_won=False  ego_hp=176  adv_hp=176
  round 99/100: ego_won=False  ego_hp=176  adv_hp=176
  round 100/100: ego_won=False  ego_hp=176  adv_hp=176
final: ego_win_rate=0.0000  (0/100)  matchup=ChunLiVsMBison

Duel: ego=2timescale(Zangief, head=48) vs adv=2timescale(Ryu, head=24)  matchup=ZangiefVsRyu  rounds=100
Recording duel video to: main/videos/duel_2timescale_Zangief_vs_2timescale_Ryu.mp4
Generating 1 envs per character matchup:
too many threads/slices (14), reducing to 13
  round 1/100: ego_won=False  ego_hp=176  adv_hp=176
  round 2/100: ego_won=False  ego_hp=176  adv_hp=176
  round 3/100: ego_won=False  ego_hp=176  adv_hp=176
  round 4/100: ego_won=False  ego_hp=176  adv_hp=176
  round 5/100: ego_won=False  ego_hp=176  adv_hp=176
  round 6/100: ego_won=False  ego_hp=176  adv_hp=176
  round 7/100: ego_won=False  ego_hp=176  adv_hp=176
  round 8/100: ego_won=False  ego_hp=176  adv_hp=176
  round 9/100: ego_won=False  ego_hp=176  adv_hp=176
  round 10/100: ego_won=False  ego_hp=176  adv_hp=176
  round 11/100: ego_won=False  ego_hp=176  adv_hp=176
  round 12/100: ego_won=False  ego_hp=176  adv_hp=176
  round 13/100: ego_won=False  ego_hp=172  adv_hp=176
  round 14/100: ego_won=False  ego_hp=176  adv_hp=176
  round 15/100: ego_won=False  ego_hp=176  adv_hp=176
  round 16/100: ego_won=False  ego_hp=176  adv_hp=176
  round 17/100: ego_won=False  ego_hp=176  adv_hp=176
  round 18/100: ego_won=False  ego_hp=176  adv_hp=176
  round 19/100: ego_won=False  ego_hp=176  adv_hp=176
  round 20/100: ego_won=False  ego_hp=172  adv_hp=176
  round 21/100: ego_won=False  ego_hp=176  adv_hp=176
  round 22/100: ego_won=False  ego_hp=176  adv_hp=176
  round 23/100: ego_won=False  ego_hp=176  adv_hp=176
  round 24/100: ego_won=False  ego_hp=176  adv_hp=176
  round 25/100: ego_won=False  ego_hp=176  adv_hp=176
  round 26/100: ego_won=False  ego_hp=176  adv_hp=176
  round 27/100: ego_won=False  ego_hp=176  adv_hp=176
  round 28/100: ego_won=False  ego_hp=172  adv_hp=176
  round 29/100: ego_won=False  ego_hp=172  adv_hp=176
  round 30/100: ego_won=False  ego_hp=176  adv_hp=176
  round 31/100: ego_won=False  ego_hp=176  adv_hp=176
  round 32/100: ego_won=False  ego_hp=176  adv_hp=176
  round 33/100: ego_won=False  ego_hp=176  adv_hp=176
  round 34/100: ego_won=False  ego_hp=176  adv_hp=176
  round 35/100: ego_won=False  ego_hp=176  adv_hp=176
  round 36/100: ego_won=False  ego_hp=176  adv_hp=176
  round 37/100: ego_won=False  ego_hp=176  adv_hp=176
  round 38/100: ego_won=False  ego_hp=176  adv_hp=176
  round 39/100: ego_won=False  ego_hp=176  adv_hp=176
  round 40/100: ego_won=False  ego_hp=176  adv_hp=176
  round 41/100: ego_won=False  ego_hp=176  adv_hp=176
  round 42/100: ego_won=False  ego_hp=176  adv_hp=176
  round 43/100: ego_won=False  ego_hp=176  adv_hp=176
  round 44/100: ego_won=False  ego_hp=176  adv_hp=176
  round 45/100: ego_won=False  ego_hp=176  adv_hp=176
  round 46/100: ego_won=False  ego_hp=176  adv_hp=176
  round 47/100: ego_won=False  ego_hp=176  adv_hp=176
  round 48/100: ego_won=False  ego_hp=176  adv_hp=176
  round 49/100: ego_won=False  ego_hp=176  adv_hp=176
  round 50/100: ego_won=False  ego_hp=176  adv_hp=176
  round 51/100: ego_won=False  ego_hp=176  adv_hp=176
  round 52/100: ego_won=False  ego_hp=176  adv_hp=176
  round 53/100: ego_won=False  ego_hp=176  adv_hp=176
  round 54/100: ego_won=False  ego_hp=172  adv_hp=176
  round 55/100: ego_won=False  ego_hp=176  adv_hp=176
  round 56/100: ego_won=False  ego_hp=176  adv_hp=176
  round 57/100: ego_won=False  ego_hp=176  adv_hp=176
  round 58/100: ego_won=False  ego_hp=176  adv_hp=176
  round 59/100: ego_won=False  ego_hp=176  adv_hp=176
  round 60/100: ego_won=False  ego_hp=176  adv_hp=176
  round 61/100: ego_won=False  ego_hp=176  adv_hp=176
  round 62/100: ego_won=False  ego_hp=176  adv_hp=176
  round 63/100: ego_won=False  ego_hp=176  adv_hp=176
  round 64/100: ego_won=False  ego_hp=176  adv_hp=176
  round 65/100: ego_won=False  ego_hp=176  adv_hp=176
  round 66/100: ego_won=False  ego_hp=176  adv_hp=176
  round 67/100: ego_won=False  ego_hp=176  adv_hp=176
  round 68/100: ego_won=False  ego_hp=176  adv_hp=176
  round 69/100: ego_won=False  ego_hp=176  adv_hp=176
  round 70/100: ego_won=False  ego_hp=176  adv_hp=176
  round 71/100: ego_won=False  ego_hp=176  adv_hp=176
  round 72/100: ego_won=False  ego_hp=176  adv_hp=176
  round 73/100: ego_won=False  ego_hp=176  adv_hp=176
  round 74/100: ego_won=False  ego_hp=176  adv_hp=176
  round 75/100: ego_won=False  ego_hp=176  adv_hp=176
  round 76/100: ego_won=False  ego_hp=176  adv_hp=176
  round 77/100: ego_won=False  ego_hp=176  adv_hp=176
  round 78/100: ego_won=False  ego_hp=176  adv_hp=176
  round 79/100: ego_won=False  ego_hp=176  adv_hp=176
  round 80/100: ego_won=False  ego_hp=176  adv_hp=176
  round 81/100: ego_won=False  ego_hp=176  adv_hp=176
  round 82/100: ego_won=False  ego_hp=176  adv_hp=176
  round 83/100: ego_won=False  ego_hp=176  adv_hp=176
  round 84/100: ego_won=False  ego_hp=176  adv_hp=176
  round 85/100: ego_won=False  ego_hp=172  adv_hp=176
  round 86/100: ego_won=False  ego_hp=176  adv_hp=176
  round 87/100: ego_won=False  ego_hp=176  adv_hp=176
  round 88/100: ego_won=False  ego_hp=176  adv_hp=176
  round 89/100: ego_won=False  ego_hp=176  adv_hp=176
  round 90/100: ego_won=False  ego_hp=176  adv_hp=176
  round 91/100: ego_won=False  ego_hp=176  adv_hp=176
  round 92/100: ego_won=False  ego_hp=176  adv_hp=176
  round 93/100: ego_won=False  ego_hp=176  adv_hp=176
  round 94/100: ego_won=False  ego_hp=176  adv_hp=176
  round 95/100: ego_won=False  ego_hp=176  adv_hp=176
  round 96/100: ego_won=False  ego_hp=176  adv_hp=176
  round 97/100: ego_won=False  ego_hp=176  adv_hp=176
  round 98/100: ego_won=False  ego_hp=176  adv_hp=176
  round 99/100: ego_won=False  ego_hp=176  adv_hp=176
  round 100/100: ego_won=False  ego_hp=176  adv_hp=176
final: ego_win_rate=0.0000  (0/100)  matchup=ZangiefVsRyu

Duel: ego=2timescale(Zangief, head=50) vs adv=2timescale(Sagat, head=25)  matchup=ZangiefVsSagat  rounds=100
Recording duel video to: main/videos/duel_2timescale_Zangief_vs_2timescale_Sagat.mp4
Generating 1 envs per character matchup:
too many threads/slices (14), reducing to 13
  round 1/100: ego_won=False  ego_hp=164  adv_hp=176
  round 2/100: ego_won=False  ego_hp=114  adv_hp=145
  round 3/100: ego_won=False  ego_hp=103  adv_hp=153
  round 4/100: ego_won=False  ego_hp=164  adv_hp=176
  round 5/100: ego_won=False  ego_hp=140  adv_hp=176
  round 6/100: ego_won=False  ego_hp=159  adv_hp=176
  round 7/100: ego_won=True  ego_hp=43  adv_hp=-1
  round 8/100: ego_won=False  ego_hp=146  adv_hp=176
  round 9/100: ego_won=True  ego_hp=39  adv_hp=7
  round 10/100: ego_won=False  ego_hp=127  adv_hp=176
  round 11/100: ego_won=False  ego_hp=152  adv_hp=176
  round 12/100: ego_won=False  ego_hp=84  adv_hp=176
  round 13/100: ego_won=False  ego_hp=160  adv_hp=176
  round 14/100: ego_won=False  ego_hp=164  adv_hp=176
  round 15/100: ego_won=False  ego_hp=152  adv_hp=176
  round 16/100: ego_won=True  ego_hp=168  adv_hp=-1
  round 17/100: ego_won=False  ego_hp=134  adv_hp=176
  round 18/100: ego_won=False  ego_hp=145  adv_hp=176
  round 19/100: ego_won=False  ego_hp=159  adv_hp=176
  round 20/100: ego_won=True  ego_hp=143  adv_hp=-1
  round 21/100: ego_won=True  ego_hp=159  adv_hp=144
  round 22/100: ego_won=False  ego_hp=168  adv_hp=176
  round 23/100: ego_won=False  ego_hp=156  adv_hp=176
  round 24/100: ego_won=False  ego_hp=163  adv_hp=176
  round 25/100: ego_won=False  ego_hp=160  adv_hp=176
  round 26/100: ego_won=False  ego_hp=124  adv_hp=176
  round 27/100: ego_won=False  ego_hp=152  adv_hp=176
  round 28/100: ego_won=False  ego_hp=140  adv_hp=176
  round 29/100: ego_won=False  ego_hp=125  adv_hp=176
  round 30/100: ego_won=True  ego_hp=176  adv_hp=-1
  round 31/100: ego_won=False  ego_hp=144  adv_hp=176
  round 32/100: ego_won=False  ego_hp=160  adv_hp=176
  round 33/100: ego_won=False  ego_hp=142  adv_hp=146
  round 34/100: ego_won=False  ego_hp=128  adv_hp=176
  round 35/100: ego_won=False  ego_hp=124  adv_hp=145
  round 36/100: ego_won=False  ego_hp=156  adv_hp=176
  round 37/100: ego_won=False  ego_hp=138  adv_hp=176
  round 38/100: ego_won=False  ego_hp=111  adv_hp=176
  round 39/100: ego_won=False  ego_hp=155  adv_hp=176
  round 40/100: ego_won=False  ego_hp=159  adv_hp=176
  round 41/100: ego_won=False  ego_hp=141  adv_hp=176
  round 42/100: ego_won=False  ego_hp=120  adv_hp=176
  round 43/100: ego_won=False  ego_hp=141  adv_hp=176
  round 44/100: ego_won=False  ego_hp=163  adv_hp=176
  round 45/100: ego_won=False  ego_hp=143  adv_hp=176
  round 46/100: ego_won=False  ego_hp=43  adv_hp=63
  round 47/100: ego_won=False  ego_hp=119  adv_hp=152
  round 48/100: ego_won=True  ego_hp=77  adv_hp=-1
  round 49/100: ego_won=False  ego_hp=132  adv_hp=176
  round 50/100: ego_won=False  ego_hp=156  adv_hp=176
  round 51/100: ego_won=True  ego_hp=17  adv_hp=11
  round 52/100: ego_won=False  ego_hp=132  adv_hp=176
  round 53/100: ego_won=False  ego_hp=163  adv_hp=176
  round 54/100: ego_won=False  ego_hp=144  adv_hp=176
  round 55/100: ego_won=True  ego_hp=123  adv_hp=-1
  round 56/100: ego_won=False  ego_hp=163  adv_hp=176
  round 57/100: ego_won=False  ego_hp=154  adv_hp=176
  round 58/100: ego_won=False  ego_hp=123  adv_hp=176
  round 59/100: ego_won=True  ego_hp=43  adv_hp=-1
  round 60/100: ego_won=False  ego_hp=140  adv_hp=176
  round 61/100: ego_won=False  ego_hp=122  adv_hp=146
  round 62/100: ego_won=False  ego_hp=161  adv_hp=176
  round 63/100: ego_won=False  ego_hp=136  adv_hp=176
  round 64/100: ego_won=False  ego_hp=125  adv_hp=176
  round 65/100: ego_won=True  ego_hp=159  adv_hp=146
  round 66/100: ego_won=False  ego_hp=128  adv_hp=146
  round 67/100: ego_won=True  ego_hp=54  adv_hp=13
  round 68/100: ego_won=False  ego_hp=164  adv_hp=176
  round 69/100: ego_won=False  ego_hp=143  adv_hp=176
  round 70/100: ego_won=False  ego_hp=159  adv_hp=176
  round 71/100: ego_won=True  ego_hp=156  adv_hp=145
  round 72/100: ego_won=False  ego_hp=134  adv_hp=146
  round 73/100: ego_won=False  ego_hp=149  adv_hp=176
  round 74/100: ego_won=False  ego_hp=159  adv_hp=176
  round 75/100: ego_won=False  ego_hp=132  adv_hp=176
  round 76/100: ego_won=False  ego_hp=129  adv_hp=144
  round 77/100: ego_won=False  ego_hp=120  adv_hp=176
  round 78/100: ego_won=False  ego_hp=159  adv_hp=176
  round 79/100: ego_won=False  ego_hp=131  adv_hp=176
  round 80/100: ego_won=False  ego_hp=112  adv_hp=146
  round 81/100: ego_won=False  ego_hp=160  adv_hp=176
  round 82/100: ego_won=False  ego_hp=145  adv_hp=176
  round 83/100: ego_won=False  ego_hp=113  adv_hp=176
  round 84/100: ego_won=False  ego_hp=148  adv_hp=176
  round 85/100: ego_won=False  ego_hp=158  adv_hp=176
  round 86/100: ego_won=False  ego_hp=150  adv_hp=176
  round 87/100: ego_won=False  ego_hp=150  adv_hp=176
  round 88/100: ego_won=False  ego_hp=143  adv_hp=176
  round 89/100: ego_won=False  ego_hp=68  adv_hp=176
  round 90/100: ego_won=False  ego_hp=129  adv_hp=176
  round 91/100: ego_won=False  ego_hp=150  adv_hp=176
  round 92/100: ego_won=True  ego_hp=164  adv_hp=146
  round 93/100: ego_won=False  ego_hp=38  adv_hp=86
  round 94/100: ego_won=True  ego_hp=162  adv_hp=145
  round 95/100: ego_won=False  ego_hp=158  adv_hp=176
  round 96/100: ego_won=False  ego_hp=156  adv_hp=176
  round 97/100: ego_won=False  ego_hp=144  adv_hp=176
  round 98/100: ego_won=False  ego_hp=133  adv_hp=176
  round 99/100: ego_won=True  ego_hp=125  adv_hp=123
  round 100/100: ego_won=False  ego_hp=118  adv_hp=146
final: ego_win_rate=0.1600  (16/100)  matchup=ZangiefVsSagat

Duel: ego=2timescale(Zangief, head=52) vs adv=2timescale(Ken, head=26)  matchup=ZangiefVsKen  rounds=100
Recording duel video to: main/videos/duel_2timescale_Zangief_vs_2timescale_Ken.mp4
Generating 1 envs per character matchup:
too many threads/slices (14), reducing to 13
  round 1/100: ego_won=False  ego_hp=140  adv_hp=146
  round 2/100: ego_won=False  ego_hp=142  adv_hp=176
  round 3/100: ego_won=True  ego_hp=134  adv_hp=116
  round 4/100: ego_won=True  ego_hp=146  adv_hp=145
  round 5/100: ego_won=False  ego_hp=120  adv_hp=176
  round 6/100: ego_won=False  ego_hp=118  adv_hp=176
  round 7/100: ego_won=False  ego_hp=130  adv_hp=176
  round 8/100: ego_won=False  ego_hp=148  adv_hp=176
  round 9/100: ego_won=False  ego_hp=144  adv_hp=176
  round 10/100: ego_won=False  ego_hp=114  adv_hp=145
  round 11/100: ego_won=False  ego_hp=148  adv_hp=176
  round 12/100: ego_won=True  ego_hp=138  adv_hp=116
  round 13/100: ego_won=False  ego_hp=44  adv_hp=144
  round 14/100: ego_won=True  ego_hp=150  adv_hp=146
  round 15/100: ego_won=False  ego_hp=123  adv_hp=176
  round 16/100: ego_won=False  ego_hp=130  adv_hp=176
  round 17/100: ego_won=False  ego_hp=144  adv_hp=146
  round 18/100: ego_won=False  ego_hp=104  adv_hp=113
  round 19/100: ego_won=False  ego_hp=146  adv_hp=176
  round 20/100: ego_won=False  ego_hp=132  adv_hp=176
  round 21/100: ego_won=True  ego_hp=117  adv_hp=115
  round 22/100: ego_won=False  ego_hp=102  adv_hp=116
  round 23/100: ego_won=False  ego_hp=134  adv_hp=176
  round 24/100: ego_won=False  ego_hp=154  adv_hp=176
  round 25/100: ego_won=False  ego_hp=128  adv_hp=176
  round 26/100: ego_won=False  ego_hp=137  adv_hp=146
  round 27/100: ego_won=False  ego_hp=144  adv_hp=146
  round 28/100: ego_won=False  ego_hp=148  adv_hp=176
  round 29/100: ego_won=True  ego_hp=138  adv_hp=116
  round 30/100: ego_won=False  ego_hp=152  adv_hp=176
  round 31/100: ego_won=False  ego_hp=128  adv_hp=176
  round 32/100: ego_won=False  ego_hp=136  adv_hp=146
  round 33/100: ego_won=False  ego_hp=127  adv_hp=146
  round 34/100: ego_won=False  ego_hp=126  adv_hp=146
  round 35/100: ego_won=False  ego_hp=121  adv_hp=176
  round 36/100: ego_won=False  ego_hp=122  adv_hp=176
  round 37/100: ego_won=False  ego_hp=120  adv_hp=146
  round 38/100: ego_won=False  ego_hp=111  adv_hp=176
  round 39/100: ego_won=True  ego_hp=114  adv_hp=85
  round 40/100: ego_won=False  ego_hp=142  adv_hp=146
  round 41/100: ego_won=False  ego_hp=122  adv_hp=176
  round 42/100: ego_won=False  ego_hp=136  adv_hp=146
  round 43/100: ego_won=False  ego_hp=131  adv_hp=176
  round 44/100: ego_won=False  ego_hp=142  adv_hp=143
  round 45/100: ego_won=False  ego_hp=130  adv_hp=176
  round 46/100: ego_won=True  ego_hp=148  adv_hp=146
  round 47/100: ego_won=False  ego_hp=140  adv_hp=176
  round 48/100: ego_won=False  ego_hp=125  adv_hp=144
  round 49/100: ego_won=True  ego_hp=160  adv_hp=84
  round 50/100: ego_won=False  ego_hp=82  adv_hp=86
  round 51/100: ego_won=False  ego_hp=125  adv_hp=176
  round 52/100: ego_won=True  ego_hp=122  adv_hp=116
  round 53/100: ego_won=False  ego_hp=110  adv_hp=176
  round 54/100: ego_won=False  ego_hp=130  adv_hp=176
  round 55/100: ego_won=False  ego_hp=116  adv_hp=176
  round 56/100: ego_won=False  ego_hp=128  adv_hp=176
  round 57/100: ego_won=False  ego_hp=121  adv_hp=176
  round 58/100: ego_won=False  ego_hp=134  adv_hp=142
  round 59/100: ego_won=False  ego_hp=123  adv_hp=176
  round 60/100: ego_won=False  ego_hp=136  adv_hp=176
  round 61/100: ego_won=False  ego_hp=136  adv_hp=146
  round 62/100: ego_won=False  ego_hp=140  adv_hp=176
  round 63/100: ego_won=False  ego_hp=128  adv_hp=176
  round 64/100: ego_won=False  ego_hp=134  adv_hp=176
  round 65/100: ego_won=False  ego_hp=128  adv_hp=176
  round 66/100: ego_won=False  ego_hp=119  adv_hp=176
  round 67/100: ego_won=False  ego_hp=124  adv_hp=146
  round 68/100: ego_won=False  ego_hp=130  adv_hp=176
  round 69/100: ego_won=False  ego_hp=132  adv_hp=146
  round 70/100: ego_won=False  ego_hp=140  adv_hp=146
  round 71/100: ego_won=False  ego_hp=126  adv_hp=176
  round 72/100: ego_won=False  ego_hp=125  adv_hp=176
  round 73/100: ego_won=True  ego_hp=104  adv_hp=81
  round 74/100: ego_won=False  ego_hp=148  adv_hp=176
  round 75/100: ego_won=False  ego_hp=120  adv_hp=146
  round 76/100: ego_won=False  ego_hp=140  adv_hp=146
  round 77/100: ego_won=False  ego_hp=127  adv_hp=176
  round 78/100: ego_won=False  ego_hp=142  adv_hp=176
  round 79/100: ego_won=True  ego_hp=142  adv_hp=113
  round 80/100: ego_won=False  ego_hp=76  adv_hp=82
  round 81/100: ego_won=False  ego_hp=117  adv_hp=146
  round 82/100: ego_won=False  ego_hp=144  adv_hp=176
  round 83/100: ego_won=True  ego_hp=134  adv_hp=115
  round 84/100: ego_won=False  ego_hp=123  adv_hp=176
  round 85/100: ego_won=False  ego_hp=137  adv_hp=143
  round 86/100: ego_won=False  ego_hp=128  adv_hp=176
  round 87/100: ego_won=False  ego_hp=142  adv_hp=176
  round 88/100: ego_won=False  ego_hp=132  adv_hp=176
  round 89/100: ego_won=False  ego_hp=127  adv_hp=176
  round 90/100: ego_won=True  ego_hp=141  adv_hp=121
  round 91/100: ego_won=False  ego_hp=112  adv_hp=143
  round 92/100: ego_won=False  ego_hp=150  adv_hp=176
  round 93/100: ego_won=False  ego_hp=101  adv_hp=146
  round 94/100: ego_won=False  ego_hp=123  adv_hp=176
  round 95/100: ego_won=False  ego_hp=127  adv_hp=145
  round 96/100: ego_won=False  ego_hp=121  adv_hp=176
  round 97/100: ego_won=False  ego_hp=113  adv_hp=176
  round 98/100: ego_won=False  ego_hp=144  adv_hp=176
  round 99/100: ego_won=False  ego_hp=134  adv_hp=176
  round 100/100: ego_won=True  ego_hp=117  adv_hp=89
final: ego_win_rate=0.1500  (15/100)  matchup=ZangiefVsKen

Duel: ego=2timescale(Zangief, head=54) vs adv=2timescale(Dhalsim, head=27)  matchup=ZangiefVsDhalsim  rounds=100
Recording duel video to: main/videos/duel_2timescale_Zangief_vs_2timescale_Dhalsim.mp4
Generating 1 envs per character matchup:
too many threads/slices (14), reducing to 13
  round 1/100: ego_won=False  ego_hp=176  adv_hp=176
  round 2/100: ego_won=False  ego_hp=176  adv_hp=176
  round 3/100: ego_won=False  ego_hp=168  adv_hp=176
  round 4/100: ego_won=True  ego_hp=169  adv_hp=142
  round 5/100: ego_won=True  ego_hp=176  adv_hp=145
  round 6/100: ego_won=True  ego_hp=176  adv_hp=145
  round 7/100: ego_won=False  ego_hp=176  adv_hp=176
  round 8/100: ego_won=True  ego_hp=163  adv_hp=145
  round 9/100: ego_won=True  ego_hp=161  adv_hp=145
  round 10/100: ego_won=False  ego_hp=176  adv_hp=176
  round 11/100: ego_won=True  ego_hp=176  adv_hp=145
  round 12/100: ego_won=False  ego_hp=176  adv_hp=176
  round 13/100: ego_won=True  ego_hp=165  adv_hp=145
  round 14/100: ego_won=True  ego_hp=176  adv_hp=145
  round 15/100: ego_won=False  ego_hp=157  adv_hp=176
  round 16/100: ego_won=False  ego_hp=176  adv_hp=176
  round 17/100: ego_won=False  ego_hp=176  adv_hp=176
  round 18/100: ego_won=False  ego_hp=172  adv_hp=176
  round 19/100: ego_won=False  ego_hp=176  adv_hp=176
  round 20/100: ego_won=True  ego_hp=176  adv_hp=113
  round 21/100: ego_won=True  ego_hp=176  adv_hp=145
  round 22/100: ego_won=False  ego_hp=176  adv_hp=176
  round 23/100: ego_won=False  ego_hp=172  adv_hp=176
  round 24/100: ego_won=False  ego_hp=149  adv_hp=176
  round 25/100: ego_won=False  ego_hp=176  adv_hp=176
  round 26/100: ego_won=False  ego_hp=170  adv_hp=176
  round 27/100: ego_won=False  ego_hp=172  adv_hp=176
  round 28/100: ego_won=False  ego_hp=169  adv_hp=176
  round 29/100: ego_won=False  ego_hp=176  adv_hp=176
  round 30/100: ego_won=True  ego_hp=176  adv_hp=145
  round 31/100: ego_won=True  ego_hp=176  adv_hp=145
  round 32/100: ego_won=False  ego_hp=176  adv_hp=176
  round 33/100: ego_won=False  ego_hp=176  adv_hp=176
  round 34/100: ego_won=False  ego_hp=172  adv_hp=176
  round 35/100: ego_won=True  ego_hp=176  adv_hp=144
  round 36/100: ego_won=False  ego_hp=176  adv_hp=176
  round 37/100: ego_won=False  ego_hp=176  adv_hp=176
  round 38/100: ego_won=False  ego_hp=176  adv_hp=176
  round 39/100: ego_won=False  ego_hp=165  adv_hp=176
  round 40/100: ego_won=False  ego_hp=176  adv_hp=176
  round 41/100: ego_won=False  ego_hp=176  adv_hp=176
  round 42/100: ego_won=True  ego_hp=176  adv_hp=144
  round 43/100: ego_won=False  ego_hp=176  adv_hp=176
  round 44/100: ego_won=False  ego_hp=176  adv_hp=176
  round 45/100: ego_won=False  ego_hp=172  adv_hp=176
  round 46/100: ego_won=True  ego_hp=176  adv_hp=145
  round 47/100: ego_won=False  ego_hp=176  adv_hp=176
  round 48/100: ego_won=False  ego_hp=176  adv_hp=176
  round 49/100: ego_won=False  ego_hp=176  adv_hp=176
  round 50/100: ego_won=True  ego_hp=176  adv_hp=145
  round 51/100: ego_won=False  ego_hp=176  adv_hp=176
  round 52/100: ego_won=True  ego_hp=176  adv_hp=145
  round 53/100: ego_won=False  ego_hp=176  adv_hp=176
  round 54/100: ego_won=False  ego_hp=176  adv_hp=176
  round 55/100: ego_won=False  ego_hp=176  adv_hp=176
  round 56/100: ego_won=False  ego_hp=176  adv_hp=176
  round 57/100: ego_won=False  ego_hp=176  adv_hp=176
  round 58/100: ego_won=False  ego_hp=176  adv_hp=176
  round 59/100: ego_won=False  ego_hp=176  adv_hp=176
  round 60/100: ego_won=False  ego_hp=176  adv_hp=176
  round 61/100: ego_won=False  ego_hp=176  adv_hp=176
  round 62/100: ego_won=False  ego_hp=176  adv_hp=176
  round 63/100: ego_won=False  ego_hp=169  adv_hp=176
  round 64/100: ego_won=False  ego_hp=176  adv_hp=176
  round 65/100: ego_won=False  ego_hp=176  adv_hp=176
  round 66/100: ego_won=False  ego_hp=172  adv_hp=176
  round 67/100: ego_won=False  ego_hp=176  adv_hp=176
  round 68/100: ego_won=False  ego_hp=176  adv_hp=176
  round 69/100: ego_won=False  ego_hp=176  adv_hp=176
  round 70/100: ego_won=True  ego_hp=176  adv_hp=144
  round 71/100: ego_won=True  ego_hp=176  adv_hp=141
  round 72/100: ego_won=False  ego_hp=176  adv_hp=176
  round 73/100: ego_won=False  ego_hp=165  adv_hp=176
  round 74/100: ego_won=False  ego_hp=176  adv_hp=176
  round 75/100: ego_won=False  ego_hp=168  adv_hp=176
  round 76/100: ego_won=True  ego_hp=169  adv_hp=145
  round 77/100: ego_won=False  ego_hp=176  adv_hp=176
  round 78/100: ego_won=False  ego_hp=176  adv_hp=176
  round 79/100: ego_won=False  ego_hp=176  adv_hp=176
  round 80/100: ego_won=False  ego_hp=176  adv_hp=176
  round 81/100: ego_won=False  ego_hp=176  adv_hp=176
  round 82/100: ego_won=False  ego_hp=176  adv_hp=176
  round 83/100: ego_won=True  ego_hp=176  adv_hp=145
  round 84/100: ego_won=False  ego_hp=176  adv_hp=176
  round 85/100: ego_won=True  ego_hp=176  adv_hp=145
  round 86/100: ego_won=False  ego_hp=176  adv_hp=176
  round 87/100: ego_won=False  ego_hp=176  adv_hp=176
  round 88/100: ego_won=False  ego_hp=172  adv_hp=176
  round 89/100: ego_won=False  ego_hp=176  adv_hp=176
  round 90/100: ego_won=False  ego_hp=169  adv_hp=176
  round 91/100: ego_won=False  ego_hp=176  adv_hp=176
  round 92/100: ego_won=False  ego_hp=172  adv_hp=176
  round 93/100: ego_won=False  ego_hp=176  adv_hp=176
  round 94/100: ego_won=False  ego_hp=172  adv_hp=176
  round 95/100: ego_won=False  ego_hp=176  adv_hp=176
  round 96/100: ego_won=False  ego_hp=172  adv_hp=176
  round 97/100: ego_won=False  ego_hp=169  adv_hp=176
  round 98/100: ego_won=False  ego_hp=176  adv_hp=176
  round 99/100: ego_won=False  ego_hp=157  adv_hp=176
  round 100/100: ego_won=False  ego_hp=164  adv_hp=176
final: ego_win_rate=0.2200  (22/100)  matchup=ZangiefVsDhalsim

Duel: ego=2timescale(Zangief, head=56) vs adv=2timescale(Balrog, head=28)  matchup=ZangiefVsBalrog  rounds=100
Recording duel video to: main/videos/duel_2timescale_Zangief_vs_2timescale_Balrog.mp4
Generating 1 envs per character matchup:
too many threads/slices (14), reducing to 13
  round 1/100: ego_won=False  ego_hp=176  adv_hp=176
  round 2/100: ego_won=False  ego_hp=176  adv_hp=176
  round 3/100: ego_won=False  ego_hp=166  adv_hp=176
  round 4/100: ego_won=False  ego_hp=168  adv_hp=176
  round 5/100: ego_won=False  ego_hp=176  adv_hp=176
  round 6/100: ego_won=False  ego_hp=176  adv_hp=176
  round 7/100: ego_won=False  ego_hp=176  adv_hp=176
  round 8/100: ego_won=False  ego_hp=176  adv_hp=176
  round 9/100: ego_won=False  ego_hp=176  adv_hp=176
  round 10/100: ego_won=False  ego_hp=176  adv_hp=176
  round 11/100: ego_won=False  ego_hp=176  adv_hp=176
  round 12/100: ego_won=False  ego_hp=176  adv_hp=176
  round 13/100: ego_won=False  ego_hp=176  adv_hp=176
  round 14/100: ego_won=False  ego_hp=176  adv_hp=176
  round 15/100: ego_won=False  ego_hp=166  adv_hp=176
  round 16/100: ego_won=False  ego_hp=176  adv_hp=176
  round 17/100: ego_won=True  ego_hp=176  adv_hp=143
  round 18/100: ego_won=False  ego_hp=176  adv_hp=176
  round 19/100: ego_won=False  ego_hp=176  adv_hp=176
  round 20/100: ego_won=False  ego_hp=176  adv_hp=176
  round 21/100: ego_won=False  ego_hp=176  adv_hp=176
  round 22/100: ego_won=False  ego_hp=176  adv_hp=176
  round 23/100: ego_won=False  ego_hp=176  adv_hp=176
  round 24/100: ego_won=False  ego_hp=176  adv_hp=176
  round 25/100: ego_won=False  ego_hp=172  adv_hp=176
  round 26/100: ego_won=False  ego_hp=176  adv_hp=176
  round 27/100: ego_won=False  ego_hp=176  adv_hp=176
  round 28/100: ego_won=False  ego_hp=176  adv_hp=176
  round 29/100: ego_won=False  ego_hp=176  adv_hp=176
  round 30/100: ego_won=False  ego_hp=176  adv_hp=176
  round 31/100: ego_won=False  ego_hp=176  adv_hp=176
  round 32/100: ego_won=False  ego_hp=176  adv_hp=176
  round 33/100: ego_won=True  ego_hp=176  adv_hp=146
  round 34/100: ego_won=False  ego_hp=176  adv_hp=176
  round 35/100: ego_won=False  ego_hp=176  adv_hp=176
  round 36/100: ego_won=False  ego_hp=176  adv_hp=176
  round 37/100: ego_won=False  ego_hp=176  adv_hp=176
  round 38/100: ego_won=False  ego_hp=172  adv_hp=176
  round 39/100: ego_won=False  ego_hp=176  adv_hp=176
  round 40/100: ego_won=False  ego_hp=167  adv_hp=176
  round 41/100: ego_won=False  ego_hp=176  adv_hp=176
  round 42/100: ego_won=False  ego_hp=176  adv_hp=176
  round 43/100: ego_won=False  ego_hp=176  adv_hp=176
  round 44/100: ego_won=False  ego_hp=176  adv_hp=176
  round 45/100: ego_won=False  ego_hp=176  adv_hp=176
  round 46/100: ego_won=False  ego_hp=176  adv_hp=176
  round 47/100: ego_won=False  ego_hp=176  adv_hp=176
  round 48/100: ego_won=False  ego_hp=176  adv_hp=176
  round 49/100: ego_won=False  ego_hp=176  adv_hp=176
  round 50/100: ego_won=False  ego_hp=172  adv_hp=176
  round 51/100: ego_won=True  ego_hp=176  adv_hp=146
  round 52/100: ego_won=False  ego_hp=176  adv_hp=176
  round 53/100: ego_won=False  ego_hp=176  adv_hp=176
  round 54/100: ego_won=False  ego_hp=176  adv_hp=176
  round 55/100: ego_won=False  ego_hp=176  adv_hp=176
  round 56/100: ego_won=True  ego_hp=176  adv_hp=146
  round 57/100: ego_won=False  ego_hp=168  adv_hp=176
  round 58/100: ego_won=False  ego_hp=176  adv_hp=176
  round 59/100: ego_won=False  ego_hp=176  adv_hp=176
  round 60/100: ego_won=False  ego_hp=176  adv_hp=176
  round 61/100: ego_won=False  ego_hp=172  adv_hp=176
  round 62/100: ego_won=False  ego_hp=176  adv_hp=176
  round 63/100: ego_won=False  ego_hp=176  adv_hp=176
  round 64/100: ego_won=False  ego_hp=176  adv_hp=176
  round 65/100: ego_won=False  ego_hp=176  adv_hp=176
  round 66/100: ego_won=False  ego_hp=172  adv_hp=176
  round 67/100: ego_won=False  ego_hp=176  adv_hp=176
  round 68/100: ego_won=False  ego_hp=176  adv_hp=176
  round 69/100: ego_won=False  ego_hp=176  adv_hp=176
  round 70/100: ego_won=False  ego_hp=176  adv_hp=176
  round 71/100: ego_won=False  ego_hp=176  adv_hp=176
  round 72/100: ego_won=False  ego_hp=176  adv_hp=176
  round 73/100: ego_won=True  ego_hp=176  adv_hp=146
  round 74/100: ego_won=False  ego_hp=176  adv_hp=176
  round 75/100: ego_won=False  ego_hp=176  adv_hp=176
  round 76/100: ego_won=False  ego_hp=176  adv_hp=176
  round 77/100: ego_won=False  ego_hp=171  adv_hp=176
  round 78/100: ego_won=False  ego_hp=171  adv_hp=176
  round 79/100: ego_won=False  ego_hp=176  adv_hp=176
  round 80/100: ego_won=False  ego_hp=176  adv_hp=176
  round 81/100: ego_won=False  ego_hp=176  adv_hp=176
  round 82/100: ego_won=False  ego_hp=176  adv_hp=176
  round 83/100: ego_won=False  ego_hp=172  adv_hp=176
  round 84/100: ego_won=False  ego_hp=176  adv_hp=176
  round 85/100: ego_won=False  ego_hp=176  adv_hp=176
  round 86/100: ego_won=False  ego_hp=176  adv_hp=176
  round 87/100: ego_won=False  ego_hp=176  adv_hp=176
  round 88/100: ego_won=False  ego_hp=176  adv_hp=176
  round 89/100: ego_won=False  ego_hp=176  adv_hp=176
  round 90/100: ego_won=False  ego_hp=176  adv_hp=176
  round 91/100: ego_won=False  ego_hp=176  adv_hp=176
  round 92/100: ego_won=False  ego_hp=176  adv_hp=176
  round 93/100: ego_won=False  ego_hp=176  adv_hp=176
  round 94/100: ego_won=False  ego_hp=176  adv_hp=176
  round 95/100: ego_won=False  ego_hp=176  adv_hp=176
  round 96/100: ego_won=False  ego_hp=176  adv_hp=176
  round 97/100: ego_won=False  ego_hp=172  adv_hp=176
  round 98/100: ego_won=False  ego_hp=176  adv_hp=176
  round 99/100: ego_won=False  ego_hp=172  adv_hp=176
  round 100/100: ego_won=False  ego_hp=176  adv_hp=176
final: ego_win_rate=0.0500  (5/100)  matchup=ZangiefVsBalrog

Duel: ego=2timescale(Zangief, head=58) vs adv=2timescale(MBison, head=29)  matchup=ZangiefVsMBison  rounds=100
Recording duel video to: main/videos/duel_2timescale_Zangief_vs_2timescale_MBison.mp4
Generating 1 envs per character matchup:
too many threads/slices (14), reducing to 13
  round 1/100: ego_won=False  ego_hp=176  adv_hp=176
  round 2/100: ego_won=False  ego_hp=152  adv_hp=176
  round 3/100: ego_won=True  ego_hp=152  adv_hp=146
  round 4/100: ego_won=True  ego_hp=42  adv_hp=-1
  round 5/100: ego_won=True  ego_hp=152  adv_hp=146
  round 6/100: ego_won=True  ego_hp=142  adv_hp=-1
  round 7/100: ego_won=True  ego_hp=152  adv_hp=146
  round 8/100: ego_won=True  ego_hp=152  adv_hp=146
  round 9/100: ego_won=True  ego_hp=159  adv_hp=146
  round 10/100: ego_won=True  ego_hp=79  adv_hp=-1
  round 11/100: ego_won=True  ego_hp=158  adv_hp=146
  round 12/100: ego_won=False  ego_hp=176  adv_hp=176
  round 13/100: ego_won=True  ego_hp=152  adv_hp=146
  round 14/100: ego_won=False  ego_hp=176  adv_hp=176
  round 15/100: ego_won=False  ego_hp=152  adv_hp=153
  round 16/100: ego_won=False  ego_hp=176  adv_hp=176
  round 17/100: ego_won=False  ego_hp=176  adv_hp=176
  round 18/100: ego_won=True  ego_hp=152  adv_hp=146
  round 19/100: ego_won=False  ego_hp=176  adv_hp=176
  round 20/100: ego_won=False  ego_hp=176  adv_hp=176
  round 21/100: ego_won=True  ego_hp=151  adv_hp=146
  round 22/100: ego_won=True  ego_hp=60  adv_hp=-1
  round 23/100: ego_won=True  ego_hp=152  adv_hp=146
  round 24/100: ego_won=False  ego_hp=176  adv_hp=176
  round 25/100: ego_won=False  ego_hp=152  adv_hp=176
  round 26/100: ego_won=True  ego_hp=157  adv_hp=146
  round 27/100: ego_won=True  ego_hp=152  adv_hp=146
  round 28/100: ego_won=False  ego_hp=176  adv_hp=176
  round 29/100: ego_won=True  ego_hp=152  adv_hp=146
  round 30/100: ego_won=True  ego_hp=158  adv_hp=146
  round 31/100: ego_won=True  ego_hp=151  adv_hp=146
  round 32/100: ego_won=True  ego_hp=152  adv_hp=146
  round 33/100: ego_won=False  ego_hp=176  adv_hp=176
  round 34/100: ego_won=True  ego_hp=158  adv_hp=146
  round 35/100: ego_won=False  ego_hp=176  adv_hp=176
  round 36/100: ego_won=True  ego_hp=152  adv_hp=146
  round 37/100: ego_won=False  ego_hp=176  adv_hp=176
  round 38/100: ego_won=False  ego_hp=176  adv_hp=176
  round 39/100: ego_won=True  ego_hp=43  adv_hp=-1
  round 40/100: ego_won=True  ego_hp=158  adv_hp=146
  round 41/100: ego_won=False  ego_hp=176  adv_hp=176
  round 42/100: ego_won=True  ego_hp=158  adv_hp=146
  round 43/100: ego_won=False  ego_hp=176  adv_hp=176
  round 44/100: ego_won=False  ego_hp=176  adv_hp=176
  round 45/100: ego_won=False  ego_hp=176  adv_hp=176
  round 46/100: ego_won=True  ego_hp=152  adv_hp=146
  round 47/100: ego_won=False  ego_hp=176  adv_hp=176
  round 48/100: ego_won=False  ego_hp=151  adv_hp=176
  round 49/100: ego_won=True  ego_hp=158  adv_hp=146
  round 50/100: ego_won=True  ego_hp=152  adv_hp=146
  round 51/100: ego_won=False  ego_hp=176  adv_hp=176
  round 52/100: ego_won=False  ego_hp=152  adv_hp=176
  round 53/100: ego_won=False  ego_hp=176  adv_hp=176
  round 54/100: ego_won=False  ego_hp=176  adv_hp=176
  round 55/100: ego_won=True  ego_hp=158  adv_hp=146
  round 56/100: ego_won=True  ego_hp=158  adv_hp=146
  round 57/100: ego_won=False  ego_hp=151  adv_hp=176
  round 58/100: ego_won=False  ego_hp=176  adv_hp=176
  round 59/100: ego_won=True  ego_hp=152  adv_hp=146
  round 60/100: ego_won=True  ego_hp=151  adv_hp=146
  round 61/100: ego_won=True  ego_hp=158  adv_hp=146
  round 62/100: ego_won=True  ego_hp=152  adv_hp=146
  round 63/100: ego_won=False  ego_hp=176  adv_hp=176
  round 64/100: ego_won=True  ego_hp=151  adv_hp=146
  round 65/100: ego_won=False  ego_hp=176  adv_hp=176
  round 66/100: ego_won=False  ego_hp=176  adv_hp=176
  round 67/100: ego_won=True  ego_hp=152  adv_hp=146
  round 68/100: ego_won=False  ego_hp=158  adv_hp=176
  round 69/100: ego_won=True  ego_hp=152  adv_hp=146
  round 70/100: ego_won=False  ego_hp=176  adv_hp=176
  round 71/100: ego_won=False  ego_hp=176  adv_hp=176
  round 72/100: ego_won=True  ego_hp=158  adv_hp=146
  round 73/100: ego_won=True  ego_hp=152  adv_hp=146
  round 74/100: ego_won=False  ego_hp=176  adv_hp=176
  round 75/100: ego_won=True  ego_hp=152  adv_hp=146
  round 76/100: ego_won=True  ego_hp=158  adv_hp=146
  round 77/100: ego_won=True  ego_hp=158  adv_hp=146
  round 78/100: ego_won=True  ego_hp=152  adv_hp=146
  round 79/100: ego_won=False  ego_hp=176  adv_hp=176
  round 80/100: ego_won=False  ego_hp=176  adv_hp=176
  round 81/100: ego_won=False  ego_hp=176  adv_hp=176
  round 82/100: ego_won=False  ego_hp=176  adv_hp=176
  round 83/100: ego_won=False  ego_hp=159  adv_hp=176
  round 84/100: ego_won=True  ego_hp=152  adv_hp=146
  round 85/100: ego_won=True  ego_hp=152  adv_hp=146
  round 86/100: ego_won=True  ego_hp=114  adv_hp=-1
  round 87/100: ego_won=False  ego_hp=176  adv_hp=176
  round 88/100: ego_won=True  ego_hp=152  adv_hp=146
  round 89/100: ego_won=True  ego_hp=152  adv_hp=146
  round 90/100: ego_won=True  ego_hp=158  adv_hp=146
  round 91/100: ego_won=False  ego_hp=176  adv_hp=176
  round 92/100: ego_won=True  ego_hp=158  adv_hp=146
  round 93/100: ego_won=True  ego_hp=152  adv_hp=146
  round 94/100: ego_won=False  ego_hp=-1  adv_hp=7
  round 95/100: ego_won=False  ego_hp=158  adv_hp=176
  round 96/100: ego_won=False  ego_hp=152  adv_hp=176
  round 97/100: ego_won=False  ego_hp=116  adv_hp=153
  round 98/100: ego_won=True  ego_hp=158  adv_hp=146
  round 99/100: ego_won=False  ego_hp=176  adv_hp=176
  round 100/100: ego_won=False  ego_hp=176  adv_hp=176
final: ego_win_rate=0.5200  (52/100)  matchup=ZangiefVsMBison

Duel: ego=2timescale(EHonda, head=60) vs adv=2timescale(Ryu, head=30)  matchup=EHondaVsRyu  rounds=100
Recording duel video to: main/videos/duel_2timescale_EHonda_vs_2timescale_Ryu.mp4
Generating 1 envs per character matchup:
too many threads/slices (14), reducing to 13
  round 1/100: ego_won=False  ego_hp=-1  adv_hp=52
  round 2/100: ego_won=False  ego_hp=-1  adv_hp=122
  round 3/100: ego_won=False  ego_hp=-1  adv_hp=66
  round 4/100: ego_won=False  ego_hp=-1  adv_hp=12
  round 5/100: ego_won=False  ego_hp=-1  adv_hp=69
  round 6/100: ego_won=False  ego_hp=-1  adv_hp=11
  round 7/100: ego_won=False  ego_hp=-1  adv_hp=122
  round 8/100: ego_won=False  ego_hp=-1  adv_hp=57
  round 9/100: ego_won=False  ego_hp=-1  adv_hp=12
  round 10/100: ego_won=False  ego_hp=0  adv_hp=54
  round 11/100: ego_won=False  ego_hp=-1  adv_hp=90
  round 12/100: ego_won=False  ego_hp=-1  adv_hp=176
  round 13/100: ego_won=True  ego_hp=91  adv_hp=-1
  round 14/100: ego_won=False  ego_hp=-1  adv_hp=32
  round 15/100: ego_won=False  ego_hp=-1  adv_hp=52
  round 16/100: ego_won=False  ego_hp=-1  adv_hp=151
  round 17/100: ego_won=False  ego_hp=-1  adv_hp=35
  round 18/100: ego_won=False  ego_hp=-1  adv_hp=45
  round 19/100: ego_won=False  ego_hp=-1  adv_hp=97
  round 20/100: ego_won=False  ego_hp=-1  adv_hp=1
  round 21/100: ego_won=False  ego_hp=-1  adv_hp=145
  round 22/100: ego_won=False  ego_hp=-1  adv_hp=151
  round 23/100: ego_won=False  ego_hp=14  adv_hp=107
  round 24/100: ego_won=False  ego_hp=-1  adv_hp=114
  round 25/100: ego_won=False  ego_hp=-1  adv_hp=7
  round 26/100: ego_won=False  ego_hp=2  adv_hp=145
  round 27/100: ego_won=False  ego_hp=3  adv_hp=81
  round 28/100: ego_won=False  ego_hp=-1  adv_hp=91
  round 29/100: ego_won=False  ego_hp=-1  adv_hp=13
  round 30/100: ego_won=False  ego_hp=40  adv_hp=85
  round 31/100: ego_won=False  ego_hp=-1  adv_hp=-1
  round 32/100: ego_won=False  ego_hp=-1  adv_hp=145
  round 33/100: ego_won=True  ego_hp=11  adv_hp=-1
  round 34/100: ego_won=False  ego_hp=-1  adv_hp=49
  round 35/100: ego_won=True  ego_hp=13  adv_hp=-1
  round 36/100: ego_won=False  ego_hp=-1  adv_hp=7
  round 37/100: ego_won=False  ego_hp=-1  adv_hp=29
  round 38/100: ego_won=False  ego_hp=-1  adv_hp=56
  round 39/100: ego_won=False  ego_hp=-1  adv_hp=176
  round 40/100: ego_won=False  ego_hp=-1  adv_hp=61
  round 41/100: ego_won=False  ego_hp=-1  adv_hp=30
  round 42/100: ego_won=False  ego_hp=-1  adv_hp=124
  round 43/100: ego_won=False  ego_hp=38  adv_hp=128
  round 44/100: ego_won=False  ego_hp=18  adv_hp=48
  round 45/100: ego_won=False  ego_hp=-1  adv_hp=1
  round 46/100: ego_won=True  ego_hp=0  adv_hp=-1
  round 47/100: ego_won=False  ego_hp=-1  adv_hp=52
  round 48/100: ego_won=False  ego_hp=-1  adv_hp=19
  round 49/100: ego_won=False  ego_hp=-1  adv_hp=3
  round 50/100: ego_won=False  ego_hp=-1  adv_hp=81
  round 51/100: ego_won=False  ego_hp=-1  adv_hp=83
  round 52/100: ego_won=False  ego_hp=-1  adv_hp=114
  round 53/100: ego_won=False  ego_hp=-1  adv_hp=27
  round 54/100: ego_won=True  ego_hp=35  adv_hp=10
  round 55/100: ego_won=False  ego_hp=-1  adv_hp=87
  round 56/100: ego_won=False  ego_hp=-1  adv_hp=5
  round 57/100: ego_won=False  ego_hp=-1  adv_hp=91
  round 58/100: ego_won=False  ego_hp=-1  adv_hp=47
  round 59/100: ego_won=False  ego_hp=-1  adv_hp=123
  round 60/100: ego_won=False  ego_hp=-1  adv_hp=176
  round 61/100: ego_won=False  ego_hp=-1  adv_hp=122
  round 62/100: ego_won=False  ego_hp=-1  adv_hp=151
  round 63/100: ego_won=False  ego_hp=-1  adv_hp=114
  round 64/100: ego_won=False  ego_hp=4  adv_hp=109
  round 65/100: ego_won=False  ego_hp=-1  adv_hp=122
  round 66/100: ego_won=False  ego_hp=1  adv_hp=122
  round 67/100: ego_won=True  ego_hp=84  adv_hp=61
  round 68/100: ego_won=False  ego_hp=-1  adv_hp=60
  round 69/100: ego_won=False  ego_hp=-1  adv_hp=122
  round 70/100: ego_won=True  ego_hp=13  adv_hp=-1
  round 71/100: ego_won=False  ego_hp=-1  adv_hp=101
  round 72/100: ego_won=False  ego_hp=-1  adv_hp=120
  round 73/100: ego_won=False  ego_hp=-1  adv_hp=33
  round 74/100: ego_won=False  ego_hp=-1  adv_hp=28
  round 75/100: ego_won=True  ego_hp=111  adv_hp=-1
  round 76/100: ego_won=True  ego_hp=22  adv_hp=-1
  round 77/100: ego_won=False  ego_hp=-1  adv_hp=33
  round 78/100: ego_won=False  ego_hp=-1  adv_hp=22
  round 79/100: ego_won=True  ego_hp=23  adv_hp=-1
  round 80/100: ego_won=True  ego_hp=72  adv_hp=-1
  round 81/100: ego_won=False  ego_hp=-1  adv_hp=97
  round 82/100: ego_won=False  ego_hp=-1  adv_hp=110
  round 83/100: ego_won=False  ego_hp=-1  adv_hp=63
  round 84/100: ego_won=False  ego_hp=-1  adv_hp=68
  round 85/100: ego_won=False  ego_hp=-1  adv_hp=14
  round 86/100: ego_won=True  ego_hp=40  adv_hp=-1
  round 87/100: ego_won=False  ego_hp=-1  adv_hp=147
  round 88/100: ego_won=False  ego_hp=-1  adv_hp=0
  round 89/100: ego_won=False  ego_hp=-1  adv_hp=116
  round 90/100: ego_won=True  ego_hp=65  adv_hp=-1
  round 91/100: ego_won=False  ego_hp=9  adv_hp=97
  round 92/100: ego_won=False  ego_hp=-1  adv_hp=31
  round 93/100: ego_won=False  ego_hp=0  adv_hp=83
  round 94/100: ego_won=False  ego_hp=-1  adv_hp=91
  round 95/100: ego_won=False  ego_hp=-1  adv_hp=58
  round 96/100: ego_won=True  ego_hp=9  adv_hp=-1
  round 97/100: ego_won=False  ego_hp=-1  adv_hp=87
  round 98/100: ego_won=False  ego_hp=-1  adv_hp=114
  round 99/100: ego_won=True  ego_hp=53  adv_hp=-1
  round 100/100: ego_won=False  ego_hp=14  adv_hp=66
final: ego_win_rate=0.1500  (15/100)  matchup=EHondaVsRyu

Duel: ego=2timescale(EHonda, head=62) vs adv=2timescale(Sagat, head=31)  matchup=EHondaVsSagat  rounds=100
Recording duel video to: main/videos/duel_2timescale_EHonda_vs_2timescale_Sagat.mp4
Generating 1 envs per character matchup:
too many threads/slices (14), reducing to 13
  round 1/100: ego_won=True  ego_hp=176  adv_hp=-1
  round 2/100: ego_won=True  ego_hp=154  adv_hp=-1
  round 3/100: ego_won=True  ego_hp=176  adv_hp=-1
  round 4/100: ego_won=True  ego_hp=176  adv_hp=-1
  round 5/100: ego_won=True  ego_hp=176  adv_hp=-1
  round 6/100: ego_won=True  ego_hp=167  adv_hp=-1
  round 7/100: ego_won=True  ego_hp=109  adv_hp=-1
  round 8/100: ego_won=True  ego_hp=176  adv_hp=-1
  round 9/100: ego_won=True  ego_hp=176  adv_hp=-1
  round 10/100: ego_won=True  ego_hp=176  adv_hp=-1
  round 11/100: ego_won=True  ego_hp=176  adv_hp=-1
  round 12/100: ego_won=True  ego_hp=176  adv_hp=-1
  round 13/100: ego_won=True  ego_hp=176  adv_hp=-1
  round 14/100: ego_won=True  ego_hp=165  adv_hp=-1
  round 15/100: ego_won=True  ego_hp=135  adv_hp=-1
  round 16/100: ego_won=True  ego_hp=176  adv_hp=-1
  round 17/100: ego_won=True  ego_hp=176  adv_hp=-1
  round 18/100: ego_won=True  ego_hp=142  adv_hp=-1
  round 19/100: ego_won=True  ego_hp=176  adv_hp=-1
  round 20/100: ego_won=True  ego_hp=176  adv_hp=-1
  round 21/100: ego_won=True  ego_hp=86  adv_hp=1
  round 22/100: ego_won=True  ego_hp=176  adv_hp=-1
  round 23/100: ego_won=True  ego_hp=176  adv_hp=-1
  round 24/100: ego_won=True  ego_hp=176  adv_hp=-1
  round 25/100: ego_won=True  ego_hp=176  adv_hp=-1
  round 26/100: ego_won=True  ego_hp=154  adv_hp=-1
  round 27/100: ego_won=True  ego_hp=176  adv_hp=-1
  round 28/100: ego_won=True  ego_hp=176  adv_hp=-1
  round 29/100: ego_won=True  ego_hp=176  adv_hp=-1
  round 30/100: ego_won=True  ego_hp=176  adv_hp=-1
  round 31/100: ego_won=True  ego_hp=176  adv_hp=-1
  round 32/100: ego_won=True  ego_hp=156  adv_hp=-1
  round 33/100: ego_won=True  ego_hp=104  adv_hp=13
  round 34/100: ego_won=True  ego_hp=176  adv_hp=-1
  round 35/100: ego_won=True  ego_hp=176  adv_hp=-1
  round 36/100: ego_won=True  ego_hp=176  adv_hp=-1
  round 37/100: ego_won=True  ego_hp=176  adv_hp=-1
  round 38/100: ego_won=True  ego_hp=176  adv_hp=-1
  round 39/100: ego_won=True  ego_hp=176  adv_hp=-1
  round 40/100: ego_won=True  ego_hp=176  adv_hp=-1
  round 41/100: ego_won=True  ego_hp=86  adv_hp=52
  round 42/100: ego_won=True  ego_hp=168  adv_hp=-1
  round 43/100: ego_won=True  ego_hp=176  adv_hp=-1
  round 44/100: ego_won=True  ego_hp=176  adv_hp=-1
  round 45/100: ego_won=True  ego_hp=176  adv_hp=-1
  round 46/100: ego_won=True  ego_hp=176  adv_hp=-1
  round 47/100: ego_won=True  ego_hp=176  adv_hp=-1
  round 48/100: ego_won=True  ego_hp=176  adv_hp=-1
  round 49/100: ego_won=True  ego_hp=176  adv_hp=-1
  round 50/100: ego_won=True  ego_hp=176  adv_hp=-1
  round 51/100: ego_won=True  ego_hp=176  adv_hp=-1
  round 52/100: ego_won=True  ego_hp=176  adv_hp=-1
  round 53/100: ego_won=True  ego_hp=176  adv_hp=-1
  round 54/100: ego_won=True  ego_hp=171  adv_hp=-1
  round 55/100: ego_won=True  ego_hp=176  adv_hp=-1
  round 56/100: ego_won=True  ego_hp=123  adv_hp=-1
  round 57/100: ego_won=True  ego_hp=176  adv_hp=-1
  round 58/100: ego_won=True  ego_hp=176  adv_hp=-1
  round 59/100: ego_won=True  ego_hp=142  adv_hp=-1
  round 60/100: ego_won=True  ego_hp=176  adv_hp=-1
  round 61/100: ego_won=True  ego_hp=176  adv_hp=-1
  round 62/100: ego_won=True  ego_hp=141  adv_hp=-1
  round 63/100: ego_won=True  ego_hp=176  adv_hp=-1
  round 64/100: ego_won=True  ego_hp=176  adv_hp=-1
  round 65/100: ego_won=True  ego_hp=149  adv_hp=1
  round 66/100: ego_won=True  ego_hp=176  adv_hp=-1
  round 67/100: ego_won=True  ego_hp=176  adv_hp=-1
  round 68/100: ego_won=True  ego_hp=176  adv_hp=-1
  round 69/100: ego_won=True  ego_hp=176  adv_hp=-1
  round 70/100: ego_won=True  ego_hp=166  adv_hp=-1
  round 71/100: ego_won=True  ego_hp=119  adv_hp=-1
  round 72/100: ego_won=True  ego_hp=176  adv_hp=-1
  round 73/100: ego_won=True  ego_hp=176  adv_hp=-1
  round 74/100: ego_won=True  ego_hp=131  adv_hp=-1
  round 75/100: ego_won=True  ego_hp=176  adv_hp=-1
  round 76/100: ego_won=True  ego_hp=176  adv_hp=-1
  round 77/100: ego_won=True  ego_hp=176  adv_hp=-1
  round 78/100: ego_won=True  ego_hp=176  adv_hp=-1
  round 79/100: ego_won=True  ego_hp=176  adv_hp=-1
  round 80/100: ego_won=True  ego_hp=176  adv_hp=-1
  round 81/100: ego_won=True  ego_hp=176  adv_hp=-1
  round 82/100: ego_won=True  ego_hp=176  adv_hp=-1
  round 83/100: ego_won=True  ego_hp=176  adv_hp=-1
  round 84/100: ego_won=True  ego_hp=142  adv_hp=1
  round 85/100: ego_won=True  ego_hp=131  adv_hp=-1
  round 86/100: ego_won=True  ego_hp=133  adv_hp=21
  round 87/100: ego_won=True  ego_hp=176  adv_hp=-1
  round 88/100: ego_won=True  ego_hp=176  adv_hp=-1
  round 89/100: ego_won=True  ego_hp=176  adv_hp=-1
  round 90/100: ego_won=True  ego_hp=176  adv_hp=-1
  round 91/100: ego_won=True  ego_hp=176  adv_hp=-1
  round 92/100: ego_won=True  ego_hp=176  adv_hp=-1
  round 93/100: ego_won=True  ego_hp=176  adv_hp=-1
  round 94/100: ego_won=True  ego_hp=176  adv_hp=-1
  round 95/100: ego_won=True  ego_hp=176  adv_hp=-1
  round 96/100: ego_won=True  ego_hp=176  adv_hp=-1
  round 97/100: ego_won=True  ego_hp=176  adv_hp=-1
  round 98/100: ego_won=True  ego_hp=176  adv_hp=-1
  round 99/100: ego_won=True  ego_hp=156  adv_hp=-1
  round 100/100: ego_won=True  ego_hp=176  adv_hp=-1
final: ego_win_rate=1.0000  (100/100)  matchup=EHondaVsSagat

Duel: ego=2timescale(EHonda, head=64) vs adv=2timescale(Ken, head=32)  matchup=EHondaVsKen  rounds=100
Recording duel video to: main/videos/duel_2timescale_EHonda_vs_2timescale_Ken.mp4
Generating 1 envs per character matchup:
too many threads/slices (14), reducing to 13
  round 1/100: ego_won=True  ego_hp=157  adv_hp=153
  round 2/100: ego_won=False  ego_hp=-1  adv_hp=114
  round 3/100: ego_won=False  ego_hp=19  adv_hp=39
  round 4/100: ego_won=True  ego_hp=146  adv_hp=122
  round 5/100: ego_won=True  ego_hp=19  adv_hp=-1
  round 6/100: ego_won=False  ego_hp=-1  adv_hp=83
  round 7/100: ego_won=False  ego_hp=152  adv_hp=176
  round 8/100: ego_won=False  ego_hp=4  adv_hp=13
  round 9/100: ego_won=True  ego_hp=11  adv_hp=-1
  round 10/100: ego_won=False  ego_hp=13  adv_hp=61
  round 11/100: ego_won=False  ego_hp=17  adv_hp=60
  round 12/100: ego_won=True  ego_hp=36  adv_hp=-1
  round 13/100: ego_won=True  ego_hp=168  adv_hp=114
  round 14/100: ego_won=False  ego_hp=0  adv_hp=52
  round 15/100: ego_won=False  ego_hp=-1  adv_hp=44
  round 16/100: ego_won=False  ego_hp=164  adv_hp=176
  round 17/100: ego_won=False  ego_hp=-1  adv_hp=106
  round 18/100: ego_won=True  ego_hp=157  adv_hp=152
  round 19/100: ego_won=False  ego_hp=3  adv_hp=21
  round 20/100: ego_won=False  ego_hp=153  adv_hp=153
  round 21/100: ego_won=False  ego_hp=1  adv_hp=75
  round 22/100: ego_won=False  ego_hp=15  adv_hp=21
  round 23/100: ego_won=False  ego_hp=-1  adv_hp=21
  round 24/100: ego_won=False  ego_hp=8  adv_hp=61
  round 25/100: ego_won=True  ego_hp=10  adv_hp=8
  round 26/100: ego_won=False  ego_hp=158  adv_hp=176
  round 27/100: ego_won=False  ego_hp=3  adv_hp=30
  round 28/100: ego_won=False  ego_hp=85  adv_hp=176
  round 29/100: ego_won=True  ego_hp=60  adv_hp=4
  round 30/100: ego_won=False  ego_hp=-1  adv_hp=52
  round 31/100: ego_won=False  ego_hp=145  adv_hp=145
  round 32/100: ego_won=True  ego_hp=165  adv_hp=145
  round 33/100: ego_won=False  ego_hp=20  adv_hp=44
  round 34/100: ego_won=False  ego_hp=75  adv_hp=114
  round 35/100: ego_won=False  ego_hp=0  adv_hp=29
  round 36/100: ego_won=False  ego_hp=90  adv_hp=145
  round 37/100: ego_won=False  ego_hp=3  adv_hp=5
  round 38/100: ego_won=False  ego_hp=0  adv_hp=44
  round 39/100: ego_won=False  ego_hp=126  adv_hp=176
  round 40/100: ego_won=True  ego_hp=34  adv_hp=-1
  round 41/100: ego_won=False  ego_hp=154  adv_hp=176
  round 42/100: ego_won=False  ego_hp=110  adv_hp=176
  round 43/100: ego_won=False  ego_hp=165  adv_hp=176
  round 44/100: ego_won=True  ego_hp=159  adv_hp=137
  round 45/100: ego_won=False  ego_hp=160  adv_hp=176
  round 46/100: ego_won=True  ego_hp=156  adv_hp=147
  round 47/100: ego_won=False  ego_hp=-1  adv_hp=114
  round 48/100: ego_won=True  ego_hp=149  adv_hp=137
  round 49/100: ego_won=False  ego_hp=-1  adv_hp=21
  round 50/100: ego_won=False  ego_hp=15  adv_hp=114
  round 51/100: ego_won=True  ego_hp=13  adv_hp=1
  round 52/100: ego_won=False  ego_hp=144  adv_hp=176
  round 53/100: ego_won=True  ego_hp=29  adv_hp=-1
  round 54/100: ego_won=False  ego_hp=164  adv_hp=176
  round 55/100: ego_won=True  ego_hp=42  adv_hp=30
  round 56/100: ego_won=False  ego_hp=7  adv_hp=65
  round 57/100: ego_won=False  ego_hp=165  adv_hp=176
  round 58/100: ego_won=True  ego_hp=17  adv_hp=7
  round 59/100: ego_won=False  ego_hp=110  adv_hp=149
  round 60/100: ego_won=False  ego_hp=86  adv_hp=114
  round 61/100: ego_won=True  ego_hp=23  adv_hp=21
  round 62/100: ego_won=True  ego_hp=11  adv_hp=-1
  round 63/100: ego_won=False  ego_hp=1  adv_hp=52
  round 64/100: ego_won=False  ego_hp=7  adv_hp=123
  round 65/100: ego_won=False  ego_hp=-1  adv_hp=96
  round 66/100: ego_won=False  ego_hp=9  adv_hp=52
  round 67/100: ego_won=False  ego_hp=95  adv_hp=118
  round 68/100: ego_won=True  ego_hp=150  adv_hp=114
  round 69/100: ego_won=False  ego_hp=152  adv_hp=176
  round 70/100: ego_won=False  ego_hp=17  adv_hp=52
  round 71/100: ego_won=True  ego_hp=157  adv_hp=152
  round 72/100: ego_won=True  ego_hp=156  adv_hp=153
  round 73/100: ego_won=False  ego_hp=15  adv_hp=21
  round 74/100: ego_won=True  ego_hp=59  adv_hp=-1
  round 75/100: ego_won=False  ego_hp=9  adv_hp=26
  round 76/100: ego_won=False  ego_hp=59  adv_hp=92
  round 77/100: ego_won=False  ego_hp=23  adv_hp=30
  round 78/100: ego_won=False  ego_hp=0  adv_hp=1
  round 79/100: ego_won=False  ego_hp=19  adv_hp=44
  round 80/100: ego_won=True  ego_hp=9  adv_hp=6
  round 81/100: ego_won=True  ego_hp=58  adv_hp=57
  round 82/100: ego_won=False  ego_hp=0  adv_hp=52
  round 83/100: ego_won=False  ego_hp=5  adv_hp=52
  round 84/100: ego_won=False  ego_hp=-1  adv_hp=39
  round 85/100: ego_won=True  ego_hp=28  adv_hp=-1
  round 86/100: ego_won=False  ego_hp=3  adv_hp=61
  round 87/100: ego_won=True  ego_hp=157  adv_hp=119
  round 88/100: ego_won=False  ego_hp=42  adv_hp=44
  round 89/100: ego_won=False  ego_hp=67  adv_hp=83
  round 90/100: ego_won=True  ego_hp=41  adv_hp=29
  round 91/100: ego_won=True  ego_hp=9  adv_hp=-1
  round 92/100: ego_won=False  ego_hp=165  adv_hp=176
  round 93/100: ego_won=False  ego_hp=-1  adv_hp=63
  round 94/100: ego_won=False  ego_hp=26  adv_hp=61
  round 95/100: ego_won=True  ego_hp=7  adv_hp=-1
  round 96/100: ego_won=True  ego_hp=18  adv_hp=14
  round 97/100: ego_won=True  ego_hp=18  adv_hp=-1
  round 98/100: ego_won=False  ego_hp=7  adv_hp=21
  round 99/100: ego_won=False  ego_hp=156  adv_hp=176
  round 100/100: ego_won=True  ego_hp=157  adv_hp=153
final: ego_win_rate=0.3400  (34/100)  matchup=EHondaVsKen

Duel: ego=2timescale(EHonda, head=66) vs adv=2timescale(Dhalsim, head=33)  matchup=EHondaVsDhalsim  rounds=100
Recording duel video to: main/videos/duel_2timescale_EHonda_vs_2timescale_Dhalsim.mp4
Generating 1 envs per character matchup:
too many threads/slices (14), reducing to 13
  round 1/100: ego_won=False  ego_hp=70  adv_hp=176
  round 2/100: ego_won=False  ego_hp=70  adv_hp=176
  round 3/100: ego_won=False  ego_hp=74  adv_hp=176
  round 4/100: ego_won=False  ego_hp=50  adv_hp=176
  round 5/100: ego_won=False  ego_hp=64  adv_hp=176
  round 6/100: ego_won=False  ego_hp=91  adv_hp=176
  round 7/100: ego_won=False  ego_hp=43  adv_hp=176
  round 8/100: ego_won=False  ego_hp=53  adv_hp=144
  round 9/100: ego_won=False  ego_hp=55  adv_hp=176
  round 10/100: ego_won=False  ego_hp=58  adv_hp=176
  round 11/100: ego_won=False  ego_hp=61  adv_hp=176
  round 12/100: ego_won=False  ego_hp=68  adv_hp=176
  round 13/100: ego_won=False  ego_hp=63  adv_hp=176
  round 14/100: ego_won=False  ego_hp=42  adv_hp=144
  round 15/100: ego_won=False  ego_hp=25  adv_hp=144
  round 16/100: ego_won=False  ego_hp=33  adv_hp=144
  round 17/100: ego_won=False  ego_hp=40  adv_hp=176
  round 18/100: ego_won=False  ego_hp=48  adv_hp=176
  round 19/100: ego_won=False  ego_hp=45  adv_hp=176
  round 20/100: ego_won=False  ego_hp=74  adv_hp=176
  round 21/100: ego_won=False  ego_hp=52  adv_hp=176
  round 22/100: ego_won=False  ego_hp=32  adv_hp=135
  round 23/100: ego_won=False  ego_hp=51  adv_hp=176
  round 24/100: ego_won=False  ego_hp=59  adv_hp=176
  round 25/100: ego_won=False  ego_hp=36  adv_hp=135
  round 26/100: ego_won=False  ego_hp=55  adv_hp=144
  round 27/100: ego_won=False  ego_hp=30  adv_hp=144
  round 28/100: ego_won=False  ego_hp=49  adv_hp=176
  round 29/100: ego_won=False  ego_hp=47  adv_hp=144
  round 30/100: ego_won=False  ego_hp=41  adv_hp=144
  round 31/100: ego_won=False  ego_hp=26  adv_hp=135
  round 32/100: ego_won=False  ego_hp=49  adv_hp=176
  round 33/100: ego_won=False  ego_hp=24  adv_hp=144
  round 34/100: ego_won=False  ego_hp=64  adv_hp=176
  round 35/100: ego_won=False  ego_hp=50  adv_hp=144
  round 36/100: ego_won=False  ego_hp=53  adv_hp=176
  round 37/100: ego_won=False  ego_hp=65  adv_hp=176
  round 38/100: ego_won=False  ego_hp=66  adv_hp=176
  round 39/100: ego_won=False  ego_hp=26  adv_hp=144
  round 40/100: ego_won=False  ego_hp=58  adv_hp=176
  round 41/100: ego_won=False  ego_hp=43  adv_hp=176
  round 42/100: ego_won=False  ego_hp=57  adv_hp=176
  round 43/100: ego_won=False  ego_hp=49  adv_hp=176
  round 44/100: ego_won=False  ego_hp=39  adv_hp=144
  round 45/100: ego_won=False  ego_hp=60  adv_hp=176
  round 46/100: ego_won=False  ego_hp=66  adv_hp=176
  round 47/100: ego_won=False  ego_hp=66  adv_hp=176
  round 48/100: ego_won=False  ego_hp=34  adv_hp=144
  round 49/100: ego_won=False  ego_hp=55  adv_hp=176
  round 50/100: ego_won=False  ego_hp=70  adv_hp=176
  round 51/100: ego_won=False  ego_hp=60  adv_hp=176
  round 52/100: ego_won=False  ego_hp=36  adv_hp=135
  round 53/100: ego_won=False  ego_hp=51  adv_hp=176
  round 54/100: ego_won=False  ego_hp=44  adv_hp=144
  round 55/100: ego_won=False  ego_hp=64  adv_hp=176
  round 56/100: ego_won=False  ego_hp=44  adv_hp=176
  round 57/100: ego_won=False  ego_hp=76  adv_hp=176
  round 58/100: ego_won=False  ego_hp=42  adv_hp=176
  round 59/100: ego_won=False  ego_hp=91  adv_hp=176
  round 60/100: ego_won=False  ego_hp=48  adv_hp=176
  round 61/100: ego_won=False  ego_hp=46  adv_hp=144
  round 62/100: ego_won=False  ego_hp=39  adv_hp=144
  round 63/100: ego_won=False  ego_hp=50  adv_hp=176
  round 64/100: ego_won=False  ego_hp=40  adv_hp=176
  round 65/100: ego_won=False  ego_hp=63  adv_hp=176
  round 66/100: ego_won=False  ego_hp=32  adv_hp=144
  round 67/100: ego_won=False  ego_hp=44  adv_hp=176
  round 68/100: ego_won=False  ego_hp=41  adv_hp=144
  round 69/100: ego_won=False  ego_hp=43  adv_hp=135
  round 70/100: ego_won=False  ego_hp=71  adv_hp=176
  round 71/100: ego_won=False  ego_hp=100  adv_hp=176
  round 72/100: ego_won=False  ego_hp=31  adv_hp=135
  round 73/100: ego_won=False  ego_hp=60  adv_hp=176
  round 74/100: ego_won=False  ego_hp=61  adv_hp=144
  round 75/100: ego_won=False  ego_hp=59  adv_hp=144
  round 76/100: ego_won=False  ego_hp=61  adv_hp=176
  round 77/100: ego_won=False  ego_hp=33  adv_hp=135
  round 78/100: ego_won=False  ego_hp=41  adv_hp=135
  round 79/100: ego_won=False  ego_hp=32  adv_hp=144
  round 80/100: ego_won=False  ego_hp=52  adv_hp=176
  round 81/100: ego_won=False  ego_hp=53  adv_hp=135
  round 82/100: ego_won=False  ego_hp=68  adv_hp=176
  round 83/100: ego_won=False  ego_hp=42  adv_hp=144
  round 84/100: ego_won=False  ego_hp=33  adv_hp=135
  round 85/100: ego_won=False  ego_hp=62  adv_hp=176
  round 86/100: ego_won=False  ego_hp=58  adv_hp=176
  round 87/100: ego_won=False  ego_hp=56  adv_hp=176
  round 88/100: ego_won=False  ego_hp=43  adv_hp=135
  round 89/100: ego_won=False  ego_hp=26  adv_hp=144
  round 90/100: ego_won=False  ego_hp=39  adv_hp=144
  round 91/100: ego_won=False  ego_hp=39  adv_hp=176
  round 92/100: ego_won=False  ego_hp=58  adv_hp=176
  round 93/100: ego_won=False  ego_hp=70  adv_hp=176
  round 94/100: ego_won=False  ego_hp=44  adv_hp=144
  round 95/100: ego_won=False  ego_hp=61  adv_hp=176
  round 96/100: ego_won=False  ego_hp=54  adv_hp=176
  round 97/100: ego_won=False  ego_hp=96  adv_hp=176
  round 98/100: ego_won=False  ego_hp=56  adv_hp=176
  round 99/100: ego_won=False  ego_hp=47  adv_hp=144
  round 100/100: ego_won=False  ego_hp=68  adv_hp=176
final: ego_win_rate=0.0000  (0/100)  matchup=EHondaVsDhalsim

Duel: ego=2timescale(EHonda, head=68) vs adv=2timescale(Balrog, head=34)  matchup=EHondaVsBalrog  rounds=100
Recording duel video to: main/videos/duel_2timescale_EHonda_vs_2timescale_Balrog.mp4
Generating 1 envs per character matchup:
too many threads/slices (14), reducing to 13
  round 1/100: ego_won=False  ego_hp=176  adv_hp=176
  round 2/100: ego_won=True  ego_hp=132  adv_hp=-1
  round 3/100: ego_won=False  ego_hp=153  adv_hp=176
  round 4/100: ego_won=False  ego_hp=158  adv_hp=176
  round 5/100: ego_won=False  ego_hp=176  adv_hp=176
  round 6/100: ego_won=True  ego_hp=8  adv_hp=-1
  round 7/100: ego_won=False  ego_hp=176  adv_hp=176
  round 8/100: ego_won=False  ego_hp=176  adv_hp=176
  round 9/100: ego_won=True  ego_hp=78  adv_hp=30
  round 10/100: ego_won=False  ego_hp=176  adv_hp=176
  round 11/100: ego_won=False  ego_hp=176  adv_hp=176
  round 12/100: ego_won=True  ego_hp=176  adv_hp=145
  round 13/100: ego_won=False  ego_hp=176  adv_hp=176
  round 14/100: ego_won=True  ego_hp=176  adv_hp=145
  round 15/100: ego_won=False  ego_hp=176  adv_hp=176
  round 16/100: ego_won=True  ego_hp=151  adv_hp=145
  round 17/100: ego_won=True  ego_hp=87  adv_hp=43
  round 18/100: ego_won=False  ego_hp=159  adv_hp=176
  round 19/100: ego_won=False  ego_hp=176  adv_hp=176
  round 20/100: ego_won=False  ego_hp=176  adv_hp=176
  round 21/100: ego_won=False  ego_hp=176  adv_hp=176
  round 22/100: ego_won=False  ego_hp=153  adv_hp=176
  round 23/100: ego_won=True  ego_hp=159  adv_hp=114
  round 24/100: ego_won=False  ego_hp=176  adv_hp=176
  round 25/100: ego_won=True  ego_hp=163  adv_hp=147
  round 26/100: ego_won=True  ego_hp=13  adv_hp=-1
  round 27/100: ego_won=False  ego_hp=176  adv_hp=176
  round 28/100: ego_won=False  ego_hp=176  adv_hp=176
  round 29/100: ego_won=True  ego_hp=159  adv_hp=145
  round 30/100: ego_won=False  ego_hp=151  adv_hp=176
  round 31/100: ego_won=False  ego_hp=170  adv_hp=176
  round 32/100: ego_won=True  ego_hp=158  adv_hp=145
  round 33/100: ego_won=False  ego_hp=176  adv_hp=176
  round 34/100: ego_won=True  ego_hp=176  adv_hp=145
  round 35/100: ego_won=False  ego_hp=176  adv_hp=176
  round 36/100: ego_won=False  ego_hp=176  adv_hp=176
  round 37/100: ego_won=False  ego_hp=150  adv_hp=158
  round 38/100: ego_won=False  ego_hp=176  adv_hp=176
  round 39/100: ego_won=True  ego_hp=107  adv_hp=82
  round 40/100: ego_won=False  ego_hp=141  adv_hp=176
  round 41/100: ego_won=False  ego_hp=176  adv_hp=176
  round 42/100: ego_won=False  ego_hp=176  adv_hp=176
  round 43/100: ego_won=True  ego_hp=151  adv_hp=145
  round 44/100: ego_won=False  ego_hp=170  adv_hp=176
  round 45/100: ego_won=False  ego_hp=152  adv_hp=176
  round 46/100: ego_won=True  ego_hp=28  adv_hp=-1
  round 47/100: ego_won=False  ego_hp=176  adv_hp=176
  round 48/100: ego_won=True  ego_hp=56  adv_hp=18
  round 49/100: ego_won=False  ego_hp=176  adv_hp=176
  round 50/100: ego_won=False  ego_hp=107  adv_hp=126
  round 51/100: ego_won=True  ego_hp=141  adv_hp=139
  round 52/100: ego_won=False  ego_hp=176  adv_hp=176
  round 53/100: ego_won=True  ego_hp=151  adv_hp=145
  round 54/100: ego_won=False  ego_hp=176  adv_hp=176
  round 55/100: ego_won=True  ego_hp=68  adv_hp=-1
  round 56/100: ego_won=True  ego_hp=70  adv_hp=-1
  round 57/100: ego_won=False  ego_hp=176  adv_hp=176
  round 58/100: ego_won=False  ego_hp=176  adv_hp=176
  round 59/100: ego_won=True  ego_hp=90  adv_hp=-1
  round 60/100: ego_won=True  ego_hp=176  adv_hp=145
  round 61/100: ego_won=True  ego_hp=2  adv_hp=-1
  round 62/100: ego_won=True  ego_hp=158  adv_hp=116
  round 63/100: ego_won=False  ego_hp=176  adv_hp=176
  round 64/100: ego_won=False  ego_hp=-1  adv_hp=137
  round 65/100: ego_won=True  ego_hp=159  adv_hp=145
  round 66/100: ego_won=False  ego_hp=151  adv_hp=176
  round 67/100: ego_won=True  ego_hp=170  adv_hp=145
  round 68/100: ego_won=False  ego_hp=176  adv_hp=176
  round 69/100: ego_won=False  ego_hp=176  adv_hp=176
  round 70/100: ego_won=False  ego_hp=159  adv_hp=176
  round 71/100: ego_won=False  ego_hp=176  adv_hp=176
  round 72/100: ego_won=True  ego_hp=176  adv_hp=145
  round 73/100: ego_won=False  ego_hp=176  adv_hp=176
  round 74/100: ego_won=False  ego_hp=171  adv_hp=176
  round 75/100: ego_won=False  ego_hp=176  adv_hp=176
  round 76/100: ego_won=False  ego_hp=158  adv_hp=176
  round 77/100: ego_won=True  ego_hp=82  adv_hp=-1
  round 78/100: ego_won=True  ego_hp=151  adv_hp=145
  round 79/100: ego_won=True  ego_hp=176  adv_hp=154
  round 80/100: ego_won=False  ego_hp=176  adv_hp=176
  round 81/100: ego_won=False  ego_hp=176  adv_hp=176
  round 82/100: ego_won=True  ego_hp=176  adv_hp=151
  round 83/100: ego_won=True  ego_hp=176  adv_hp=145
  round 84/100: ego_won=True  ego_hp=155  adv_hp=145
  round 85/100: ego_won=False  ego_hp=176  adv_hp=176
  round 86/100: ego_won=False  ego_hp=171  adv_hp=176
  round 87/100: ego_won=False  ego_hp=-1  adv_hp=13
  round 88/100: ego_won=True  ego_hp=176  adv_hp=145
  round 89/100: ego_won=False  ego_hp=127  adv_hp=176
  round 90/100: ego_won=False  ego_hp=176  adv_hp=176
  round 91/100: ego_won=False  ego_hp=176  adv_hp=176
  round 92/100: ego_won=True  ego_hp=158  adv_hp=145
  round 93/100: ego_won=False  ego_hp=176  adv_hp=176
  round 94/100: ego_won=False  ego_hp=176  adv_hp=176
  round 95/100: ego_won=False  ego_hp=176  adv_hp=176
  round 96/100: ego_won=True  ego_hp=176  adv_hp=145
  round 97/100: ego_won=False  ego_hp=176  adv_hp=176
  round 98/100: ego_won=True  ego_hp=156  adv_hp=132
  round 99/100: ego_won=True  ego_hp=124  adv_hp=-1
  round 100/100: ego_won=True  ego_hp=152  adv_hp=145
final: ego_win_rate=0.4000  (40/100)  matchup=EHondaVsBalrog

Duel: ego=2timescale(EHonda, head=70) vs adv=2timescale(MBison, head=35)  matchup=EHondaVsMBison  rounds=100
Recording duel video to: main/videos/duel_2timescale_EHonda_vs_2timescale_MBison.mp4
Generating 1 envs per character matchup:
too many threads/slices (14), reducing to 13
  round 1/100: ego_won=True  ego_hp=165  adv_hp=147
  round 2/100: ego_won=True  ego_hp=176  adv_hp=147
  round 3/100: ego_won=True  ego_hp=176  adv_hp=147
  round 4/100: ego_won=True  ego_hp=164  adv_hp=145
  round 5/100: ego_won=True  ego_hp=176  adv_hp=147
  round 6/100: ego_won=True  ego_hp=176  adv_hp=147
  round 7/100: ego_won=True  ego_hp=176  adv_hp=147
  round 8/100: ego_won=True  ego_hp=176  adv_hp=147
  round 9/100: ego_won=True  ego_hp=176  adv_hp=147
  round 10/100: ego_won=True  ego_hp=176  adv_hp=147
  round 11/100: ego_won=True  ego_hp=176  adv_hp=147
  round 12/100: ego_won=True  ego_hp=176  adv_hp=147
  round 13/100: ego_won=True  ego_hp=176  adv_hp=147
  round 14/100: ego_won=True  ego_hp=176  adv_hp=147
  round 15/100: ego_won=True  ego_hp=176  adv_hp=147
  round 16/100: ego_won=True  ego_hp=176  adv_hp=147
  round 17/100: ego_won=True  ego_hp=176  adv_hp=147
  round 18/100: ego_won=True  ego_hp=165  adv_hp=147
  round 19/100: ego_won=True  ego_hp=176  adv_hp=147
  round 20/100: ego_won=True  ego_hp=176  adv_hp=147
  round 21/100: ego_won=True  ego_hp=176  adv_hp=147
  round 22/100: ego_won=True  ego_hp=176  adv_hp=147
  round 23/100: ego_won=True  ego_hp=176  adv_hp=147
  round 24/100: ego_won=True  ego_hp=176  adv_hp=147
  round 25/100: ego_won=True  ego_hp=176  adv_hp=147
  round 26/100: ego_won=True  ego_hp=176  adv_hp=147
  round 27/100: ego_won=True  ego_hp=165  adv_hp=147
  round 28/100: ego_won=True  ego_hp=164  adv_hp=147
  round 29/100: ego_won=True  ego_hp=176  adv_hp=147
  round 30/100: ego_won=True  ego_hp=176  adv_hp=147
  round 31/100: ego_won=True  ego_hp=176  adv_hp=147
  round 32/100: ego_won=True  ego_hp=176  adv_hp=147
  round 33/100: ego_won=True  ego_hp=165  adv_hp=145
  round 34/100: ego_won=False  ego_hp=165  adv_hp=176
  round 35/100: ego_won=True  ego_hp=176  adv_hp=147
  round 36/100: ego_won=True  ego_hp=165  adv_hp=147
  round 37/100: ego_won=True  ego_hp=164  adv_hp=145
  round 38/100: ego_won=True  ego_hp=176  adv_hp=147
  round 39/100: ego_won=True  ego_hp=176  adv_hp=147
  round 40/100: ego_won=True  ego_hp=176  adv_hp=147
  round 41/100: ego_won=True  ego_hp=165  adv_hp=147
  round 42/100: ego_won=True  ego_hp=176  adv_hp=147
  round 43/100: ego_won=False  ego_hp=165  adv_hp=176
  round 44/100: ego_won=True  ego_hp=176  adv_hp=147
  round 45/100: ego_won=True  ego_hp=176  adv_hp=147
  round 46/100: ego_won=True  ego_hp=176  adv_hp=147
  round 47/100: ego_won=True  ego_hp=176  adv_hp=147
  round 48/100: ego_won=True  ego_hp=176  adv_hp=147
  round 49/100: ego_won=True  ego_hp=176  adv_hp=147
  round 50/100: ego_won=True  ego_hp=176  adv_hp=147
  round 51/100: ego_won=True  ego_hp=165  adv_hp=147
  round 52/100: ego_won=True  ego_hp=176  adv_hp=147
  round 53/100: ego_won=True  ego_hp=176  adv_hp=147
  round 54/100: ego_won=True  ego_hp=176  adv_hp=147
  round 55/100: ego_won=True  ego_hp=176  adv_hp=147
  round 56/100: ego_won=True  ego_hp=176  adv_hp=147
  round 57/100: ego_won=True  ego_hp=176  adv_hp=147
  round 58/100: ego_won=True  ego_hp=176  adv_hp=147
  round 59/100: ego_won=True  ego_hp=176  adv_hp=147
  round 60/100: ego_won=True  ego_hp=176  adv_hp=147
  round 61/100: ego_won=True  ego_hp=176  adv_hp=147
  round 62/100: ego_won=True  ego_hp=176  adv_hp=147
  round 63/100: ego_won=True  ego_hp=176  adv_hp=147
  round 64/100: ego_won=True  ego_hp=176  adv_hp=147
  round 65/100: ego_won=True  ego_hp=176  adv_hp=147
  round 66/100: ego_won=True  ego_hp=176  adv_hp=147
  round 67/100: ego_won=True  ego_hp=176  adv_hp=147
  round 68/100: ego_won=True  ego_hp=176  adv_hp=147
  round 69/100: ego_won=True  ego_hp=164  adv_hp=147
  round 70/100: ego_won=True  ego_hp=176  adv_hp=147
  round 71/100: ego_won=True  ego_hp=164  adv_hp=145
  round 72/100: ego_won=True  ego_hp=176  adv_hp=147
  round 73/100: ego_won=True  ego_hp=176  adv_hp=147
  round 74/100: ego_won=True  ego_hp=176  adv_hp=147
  round 75/100: ego_won=True  ego_hp=176  adv_hp=147
  round 76/100: ego_won=True  ego_hp=176  adv_hp=147
  round 77/100: ego_won=True  ego_hp=176  adv_hp=147
  round 78/100: ego_won=True  ego_hp=176  adv_hp=147
  round 79/100: ego_won=True  ego_hp=165  adv_hp=147
  round 80/100: ego_won=True  ego_hp=176  adv_hp=147
  round 81/100: ego_won=True  ego_hp=176  adv_hp=147
  round 82/100: ego_won=True  ego_hp=165  adv_hp=147
  round 83/100: ego_won=True  ego_hp=165  adv_hp=147
  round 84/100: ego_won=True  ego_hp=176  adv_hp=147
  round 85/100: ego_won=True  ego_hp=176  adv_hp=147
  round 86/100: ego_won=True  ego_hp=176  adv_hp=147
  round 87/100: ego_won=True  ego_hp=165  adv_hp=147
  round 88/100: ego_won=True  ego_hp=176  adv_hp=147
  round 89/100: ego_won=True  ego_hp=176  adv_hp=138
  round 90/100: ego_won=True  ego_hp=165  adv_hp=147
  round 91/100: ego_won=True  ego_hp=176  adv_hp=147
  round 92/100: ego_won=True  ego_hp=176  adv_hp=147
  round 93/100: ego_won=True  ego_hp=176  adv_hp=147
  round 94/100: ego_won=True  ego_hp=176  adv_hp=147
  round 95/100: ego_won=True  ego_hp=176  adv_hp=147
  round 96/100: ego_won=True  ego_hp=176  adv_hp=147
  round 97/100: ego_won=True  ego_hp=165  adv_hp=145
  round 98/100: ego_won=True  ego_hp=176  adv_hp=147
  round 99/100: ego_won=True  ego_hp=164  adv_hp=147
  round 100/100: ego_won=True  ego_hp=165  adv_hp=147
final: ego_win_rate=0.9800  (98/100)  matchup=EHondaVsMBison

==== duel summary (ego_win_rate over 100 rounds) ====
     Guile vs Ryu       0.0000  (0/100)
     Guile vs Sagat     0.0000  (0/100)
     Guile vs Ken       0.8100  (81/100)
     Guile vs Dhalsim   0.0200  (2/100)
     Guile vs Balrog    0.0000  (0/100)
     Guile vs MBison    0.9800  (98/100)
      Vega vs Ryu       0.2300  (23/100)
      Vega vs Sagat     0.3300  (33/100)
      Vega vs Ken       0.7800  (78/100)
      Vega vs Dhalsim   0.8200  (82/100)
      Vega vs Balrog    0.0700  (7/100)
      Vega vs MBison    0.3000  (30/100)
    Blanka vs Ryu       0.6600  (66/100)
    Blanka vs Sagat     0.1800  (18/100)
    Blanka vs Ken       0.1000  (10/100)
    Blanka vs Dhalsim   1.0000  (100/100)
    Blanka vs Balrog    0.0400  (4/100)
    Blanka vs MBison    0.0000  (0/100)
    ChunLi vs Ryu       0.2500  (25/100)
    ChunLi vs Sagat     0.0800  (8/100)
    ChunLi vs Ken       0.6100  (61/100)
    ChunLi vs Dhalsim   0.0000  (0/100)
    ChunLi vs Balrog    0.0000  (0/100)
    ChunLi vs MBison    0.0000  (0/100)
   Zangief vs Ryu       0.0000  (0/100)
   Zangief vs Sagat     0.1600  (16/100)
   Zangief vs Ken       0.1500  (15/100)
   Zangief vs Dhalsim   0.2200  (22/100)
   Zangief vs Balrog    0.0500  (5/100)
   Zangief vs MBison    0.5200  (52/100)
    EHonda vs Ryu       0.1500  (15/100)
    EHonda vs Sagat     1.0000  (100/100)
    EHonda vs Ken       0.3400  (34/100)
    EHonda vs Dhalsim   0.0000  (0/100)
    EHonda vs Balrog    0.4000  (40/100)
    EHonda vs MBison    0.9800  (98/100)
