command line args:Namespace(async_update=False, enable_combo=False, finetune_dir='finetune', fsp=False, fsp_threshold=0.5, init_level=0, left_model_file=None, log_dir='logs', model_file=None, model_name_prefix='ppo_Balrog', null_combo=False, num_env=64, num_episodes=20, num_epoch=50, other_timescale=1.0, player='Balrog', render=False, reset='round', resume_epoch=0, right_model_file=None, save_dir='trained_models/magics_test_Balrog', seed=0, side='both', state='Champion.Level1.RyuVsGuile', total_steps=100000000, transform_action=False, update_left=1, update_right=1, video_dir='videos/spar_spar_Balrog')
command line args:Namespace(async_update=False, enable_combo=False, finetune_dir='finetune', fsp=False, fsp_threshold=0.5, init_level=0, left_model_file=None, log_dir='logs', model_file=None, model_name_prefix='ppo_Vega', null_combo=False, num_env=64, num_episodes=20, num_epoch=50, other_timescale=1.0, player='Vega', render=False, reset='round', resume_epoch=0, right_model_file=None, save_dir='trained_models/magics_test_Vega', seed=0, side='both', state='Champion.Level1.RyuVsGuile', total_steps=100000000, transform_action=False, update_left=1, update_right=1, video_dir='videos/spar_spar_Vega')
command line args:Namespace(async_update=False, enable_combo=False, finetune_dir='finetune', fsp=False, fsp_threshold=0.5, init_level=0, left_model_file=None, log_dir='logs', model_file=None, model_name_prefix='ppo_Blanka', null_combo=False, num_env=64, num_episodes=20, num_epoch=50, other_timescale=1.0, player='Blanka', render=False, reset='round', resume_epoch=0, right_model_file=None, save_dir='trained_models/magics_test_Blanka', seed=0, side='both', state='Champion.Level1.RyuVsGuile', total_steps=100000000, transform_action=False, update_left=1, update_right=1, video_dir='videos/spar_spar_Blanka')
command line args:Namespace(async_update=False, enable_combo=False, finetune_dir='finetune', fsp=False, fsp_threshold=0.5, init_level=0, left_model_file=None, log_dir='logs', model_file=None, model_name_prefix='ppo_Guile', null_combo=False, num_env=64, num_episodes=20, num_epoch=50, other_timescale=1.0, player='Guile', render=False, reset='round', resume_epoch=0, right_model_file=None, save_dir='trained_models/magics_test_Guile', seed=0, side='both', state='Champion.Level1.RyuVsGuile', total_steps=100000000, transform_action=False, update_left=1, update_right=1, video_dir='videos/spar_spar_Guile')
command line args:Namespace(async_update=False, enable_combo=False, finetune_dir='finetune', fsp=False, fsp_threshold=0.5, init_level=0, left_model_file=None, log_dir='logs', model_file=None, model_name_prefix='ppo_EHonda', null_combo=False, num_env=64, num_episodes=20, num_epoch=50, other_timescale=1.0, player='EHonda', render=False, reset='round', resume_epoch=0, right_model_file=None, save_dir='trained_models/magics_test_EHonda', seed=0, side='both', state='Champion.Level1.RyuVsGuile', total_steps=100000000, transform_action=False, update_left=1, update_right=1, video_dir='videos/spar_spar_EHonda')
Using cuda device
hello
Using cuda device
hello

Using cuda device
hello

Using cuda device
hello

Using cuda device
hello

Using cuda device
hello

Using cuda device
hello

Using cuda device
hello

Using cuda device
hello

Using cuda device
hello

Using cuda device
hello

Using cuda device
hello

Using cuda device
hello

Using cuda device
hello

Using cuda device
hello

created 12 adversaries
Logging to logs/run_1179
Logging to logs/run_1180
Logging to logs/run_1181
Logging to logs/run_1182
Logging to logs/run_1183
Logging to logs/run_1184
Logging to logs/run_1185
Using cuda device
hello
Using cuda device
hello

Using cuda device
hello

Using cuda device
hello

Using cuda device
hello

Using cuda device
hello

Using cuda device
hello

Using cuda device
hello

Using cuda device
hello

Using cuda device
hello

Using cuda device
hello

Using cuda device
hello

Using cuda device
hello

Using cuda device
hello

Using cuda device
hello

created 12 adversaries
Logging to logs/run_1185
Logging to logs/run_1186
Logging to logs/run_1187
Logging to logs/run_1188
Logging to logs/run_1189
Logging to logs/run_1190
Logging to logs/run_1191
Logging to logs/run_1192
Logging to logs/run_1193
Using cuda device
hello
Using cuda device
hello

Using cuda device
hello

Using cuda device
hello

Using cuda device
hello

Using cuda device
hello

Using cuda device
hello

Using cuda device
hello

Using cuda device
hello

Using cuda device
hello

Using cuda device
hello

Using cuda device
hello

Using cuda device
hello

Using cuda device
hello

Using cuda device
hello

created 12 adversaries
Logging to logs/run_1193
Using cuda device
hello
Using cuda device
hello

Using cuda device
hello

Using cuda device
hello

Using cuda device
hello

Using cuda device
hello

Using cuda device
hello

Using cuda device
hello

Using cuda device
hello

Using cuda device
hello

Using cuda device
hello

Using cuda device
hello

Using cuda device
hello

Using cuda device
hello

Using cuda device
hello

created 12 adversaries
Logging to logs/run_1194
Logging to logs/run_1194
Logging to logs/run_1195
Logging to logs/run_1196
Logging to logs/run_1197
Logging to logs/PPO_612
Logging to logs/run_1197
Logging to logs/run_1198
Logging to logs/run_1198
Logging to logs/run_1199
Logging to logs/run_1200
Logging to logs/run_1200
Logging to logs/run_1201
Logging to logs/run_1202
Logging to logs/run_1202
Logging to logs/run_1202
Using cuda device
hello
Using cuda device
hello

Using cuda device
hello

Using cuda device
hello

Using cuda device
hello

Using cuda device
hello

Using cuda device
hello

Using cuda device
hello

Using cuda device
hello

Using cuda device
hello

Using cuda device
hello

Using cuda device
hello

Using cuda device
hello

Using cuda device
hello

Using cuda device
hello

created 12 adversaries
Logging to logs/run_1203
Logging to logs/run_1204
Logging to logs/run_1204
Logging to logs/run_1205
Logging to logs/run_1205
Logging to logs/run_1206
Logging to logs/run_1206
Logging to logs/run_1206
Logging to logs/run_1206
Logging to logs/run_1207
Logging to logs/run_1207
Logging to logs/PPO_613
Logging to logs/run_1207
Logging to logs/run_1208
Logging to logs/run_1208
Logging to logs/run_1208
Logging to logs/run_1209
Logging to logs/run_1209
Logging to logs/run_1209
Logging to logs/run_1210
Logging to logs/run_1210
Logging to logs/run_1210
Logging to logs/run_1211
Logging to logs/run_1211
Logging to logs/run_1211
Logging to logs/PPO_614
Logging to logs/PPO_614
Logging to logs/run_1212
Logging to logs/run_1213
Logging to logs/run_1214
Logging to logs/run_1215
Logging to logs/PPO_615
oo
oo
oo
oo
oo
oo
oo
oo
oo
oo
oo
oo
oo
oo
oo
oo
oo
oo
oo
oo
oo
oo
oo
oo
oo
oo
oo
oo
oo
oo
oo
oo
oo
oo
oo
oo
oo
oo
oo
oo
oo
oo
oo
oo
oo
oo
oo
oo
oo
oo
oo
oo
oo
oo
oo
oo
oo
oo
oo
oo
oo
oo
oo
oo
oo
---------------------------------
| rollout/           |          |
|    ep_len_mean     | 336      |
|    ep_rew_mean     | 0.159    |
| time/              |          |
|    fps             | 334      |
|    iterations      | 1        |
|    time_elapsed    | 110      |
|    total_timesteps | 36864    |
---------------------------------
oo
oo
oo
oo
oo
oo
oo
oo
oo
oo
oo
oo
oo
oo
oo
oo
oo
oo
oo
oo
oo
oo
oo
oo
oo
oo
oo
oo
oo
oo
oo
oo
oo
oo
oo
oo
oo
oo
oo
oo
oo
oo
oo
oo
oo
oo
oo
oo
oo
oo
oo
oo
oo
oo
oo
oo
oo
oo
oo
oo
oo
oo
oo
oo
oo
oo
oo
oo
oo
oo
oo
oo
oo
oo
oo
oo
oo
oo
oo
oo
oo
oo
oo
oo
oo
oo
oo
oo
oo
oo
oo
oo
oo
oo
oo
oo
oo
oo
oo
oo
oo
oo
oo
oo
oo
---------------------------------
| rollout/           |          |
|    ep_len_mean     | 322      |
|    ep_rew_mean     | 0.319    |
| time/              |          |
|    fps             | 331      |
|    iterations      | 1        |
|    time_elapsed    | 111      |
|    total_timesteps | 36864    |
---------------------------------
oo
oo
oo
oo
oo
oo
oo
oo
oo
oo
oo
oo
oo
oo
oo
oo
oo
oo
oo
oo
oo
oo
oo
oo
oo
oo
oo
oo
oo
oo
oo
oo
oo
oo
oo
oo
oo
oo
oo
oo
oo
oo
oo
oo
oo
oo
oo
oo
oo
oo
oo
oo
oo
oo
oo
oo
oo
oo
oo
oo
oo
oo
oo
oo
oo
oo
oo
oo
oo
oo
oo
oo
oo
---------------------------------
| rollout/           |          |
|    ep_len_mean     | 334      |
|    ep_rew_mean     | 0.213    |
| time/              |          |
|    fps             | 332      |
|    iterations      | 1        |
|    time_elapsed    | 111      |
|    total_timesteps | 36864    |
---------------------------------
oo
oo
oo
oo
oo
oo
oo
oo
oo
oo
oo
oo
oo
oo
oo
oo
oo
oo
oo
oo
oo
oo
oo
oo
oo
oo
oo
oo
oo
oo
oo
oo
oo
oo
oo
oo
oo
oo
oo
oo
oo
oo
oo
oo
oo
oo
oo
oo
oo
oo
oo
oo
oo
oo
oo
oo
oo
oo
oo
oo
oo
oo
oo
oo
oo
oo
oo
oo
oo
oo
oo
oo
oo
oo
oo
oo
oo
oo
oo
oo
oo
oo
oo
oo
oo
oo
oo
oo
oo
oo
oo
oo
oo
oo
oo
oo
oo
oo
oo
oo
oo
oo
oo
oo
oo
---------------------------------
| rollout/           |          |
|    ep_len_mean     | 325      |
|    ep_rew_mean     | 0.29     |
| time/              |          |
|    fps             | 330      |
|    iterations      | 1        |
|    time_elapsed    | 111      |
|    total_timesteps | 36864    |
---------------------------------
oo
oo
oo
oo
oo
oo
oo
oo
oo
oo
oo
oo
oo
oo
oo
oo
oo
oo
oo
oo
oo
oo
oo
oo
oo
oo
oo
oo
oo
oo
oo
oo
oo
oo
oo
oo
oo
oo
oo
oo
oo
oo
oo
oo
oo
oo
oo
oo
oo
oo
oo
oo
oo
oo
oo
oo
oo
oo
oo
oo
oo
oo
oo
oo
oo
oo
oo
oo
oo
oo
oo
oo
oo
oo
oo
oo
oo
oo
oo
oo
oo
oo
oo
oo
oo
oo
oo
oo
oo
oo
oo
oo
---------------------------------
| rollout/           |          |
|    ep_len_mean     | 326      |
|    ep_rew_mean     | 0.24     |
| time/              |          |
|    fps             | 331      |
|    iterations      | 1        |
|    time_elapsed    | 111      |
|    total_timesteps | 36864    |
---------------------------------
testing
testing
testing
testing
testing
testing
testing
testing
testing
testing
testing
testing
testing
oo
oo
oo
oo
oo
oo
oo
oo
oo
oo
oo
oo
oo
oo
oo
oo
oo
oo
oo
oo
oo
oo
oo
oo
oo
oo
oo
oo
oo
oo
oo
oo
oo
oo
oo
oo
oo
oo
oo
oo
oo
oo
oo
oo
oo
oo
oo
oo
oo
oo
oo
oo
oo
oo
oo
oo
oo
oo
oo
oo
oo
oo
oo
oo
oo
oo
oo
oo
oo
oo
oo
oo
oo
oo
oo
oo
oo
oo
oo
oo
oo
oo
oo
oo
oo
oo
oo
oo
oo
-------------------------------------------
| rollout/                |               |
|    ep_len_mean          | 332           |
|    ep_rew_mean          | 0.147         |
| time/                   |               |
|    fps                  | 75            |
|    iterations           | 2             |
|    time_elapsed         | 977           |
|    total_timesteps      | 73728         |
| train/                  |               |
|    approx_kl            | 3.2733872e-06 |
|    clip_fraction        | 0             |
|    clip_range           | 0.2           |
|    d_learning_rate      | 0.00025       |
|    entropy_loss         | -8.27         |
|    explained_variance   | -2.84e-05     |
|    loss                 | -0.165        |
|    n_updates            | 20            |
|    policy_gradient_loss | -4.76e-05     |
|    u_learning_rate      | 5e-05         |
|    v_learning_rate      | 0.0005        |
|    value_loss           | 0.000563      |
-------------------------------------------
testing
testing
testing
testing
testing
testing
testing
testing
testing
testing
testing
testing
testing
oo
oo
oo
oo
oo
oo
oo
oo
oo
oo
oo
oo
oo
oo
oo
oo
oo
oo
oo
oo
oo
oo
oo
oo
oo
oo
oo
oo
oo
oo
oo
oo
oo
oo
oo
oo
oo
oo
oo
oo
oo
oo
oo
oo
oo
oo
oo
oo
oo
oo
oo
oo
oo
oo
oo
oo
oo
oo
oo
oo
oo
oo
oo
oo
oo
oo
oo
oo
oo
oo
oo
oo
oo
oo
oo
oo
oo
oo
oo
oo
oo
oo
oo
oo
oo
oo
oo
oo
oo
oo
oo
oo
oo
oo
oo
oo
oo
oo
oo
oo
oo
oo
oo
oo
oo
oo
oo
oo
oo
oo
oo
oo
oo
oo
oo
oo
oo
oo
oo
oo
oo
oo
oo
oo
oo
oo
oo
oo
oo
oo
oo
oo
oo
oo
oo
oo
oo
oo
oo
oo
oo
oo
oo
oo
------------------------------------------
| rollout/                |              |
|    ep_len_mean          | 325          |
|    ep_rew_mean          | 0.344        |
| time/                   |              |
|    fps                  | 75           |
|    iterations           | 2            |
|    time_elapsed         | 982          |
|    total_timesteps      | 73728        |
| train/                  |              |
|    approx_kl            | 3.926275e-06 |
|    clip_fraction        | 0            |
|    clip_range           | 0.2          |
|    d_learning_rate      | 0.00025      |
|    entropy_loss         | -8.27        |
|    explained_variance   | 0.000514     |
|    loss                 | -0.165       |
|    n_updates            | 20           |
|    policy_gradient_loss | -6.13e-05    |
|    u_learning_rate      | 5e-05        |
|    v_learning_rate      | 0.0005       |
|    value_loss           | 0.000987     |
------------------------------------------
testing
testing
testing
testing
testing
testing
testing
testing
testing
testing
testing
testing
testing
oo
oo
oo
oo
oo
oo
oo
oo
oo
oo
oo
oo
oo
oo
oo
oo
oo
oo
oo
oo
oo
oo
oo
oo
oo
oo
oo
oo
oo
oo
oo
oo
oo
oo
oo
oo
oo
oo
oo
oo
oo
oo
oo
oo
oo
oo
oo
oo
oo
oo
oo
oo
oo
oo
oo
oo
oo
oo
oo
oo
oo
oo
oo
oo
oo
oo
oo
oo
oo
oo
oo
oo
oo
oo
oo
oo
oo
oo
oo
oo
oo
oo
oo
oo
oo
oo
oo
oo
oo
oo
oo
oo
oo
oo
oo
oo
oo
oo
oo
oo
oo
oo
oo
oo
oo
oo
oo
oo
oo
oo
oo
oo
oo
oo
oo
oo
oo
oo
oo
oo
oo
oo
oo
oo
oo
oo
oo
oo
oo
oo
oo
oo
oo
oo
oo
oo
oo
oo
oo
oo
oo
------------------------------------------
| rollout/                |              |
|    ep_len_mean          | 325          |
|    ep_rew_mean          | 0.208        |
| time/                   |              |
|    fps                  | 74           |
|    iterations           | 2            |
|    time_elapsed         | 987          |
|    total_timesteps      | 73728        |
| train/                  |              |
|    approx_kl            | 4.530168e-06 |
|    clip_fraction        | 0            |
|    clip_range           | 0.2          |
|    d_learning_rate      | 0.00025      |
|    entropy_loss         | -8.27        |
|    explained_variance   | -6.6e-05     |
|    loss                 | -0.165       |
|    n_updates            | 20           |
|    policy_gradient_loss | -6.73e-05    |
|    u_learning_rate      | 5e-05        |
|    v_learning_rate      | 0.0005       |
|    value_loss           | 0.000767     |
------------------------------------------
testing
testing
testing
testing
testing
testing
testing
testing
testing
testing
testing
testing
testing
oo
oo
oo
oo
oo
oo
oo
oo
oo
oo
oo
oo
oo
oo
oo
oo
oo
oo
oo
oo
oo
oo
oo
oo
oo
oo
oo
oo
oo
oo
oo
oo
oo
oo
oo
oo
oo
oo
oo
oo
oo
oo
oo
oo
oo
oo
oo
oo
oo
oo
oo
oo
oo
oo
oo
oo
oo
oo
oo
oo
oo
oo
oo
oo
oo
oo
oo
oo
oo
oo
oo
oo
oo
oo
oo
oo
oo
oo
oo
oo
oo
oo
oo
oo
oo
oo
oo
oo
-------------------------------------------
| rollout/                |               |
|    ep_len_mean          | 334           |
|    ep_rew_mean          | 0.207         |
| time/                   |               |
|    fps                  | 74            |
|    iterations           | 2             |
|    time_elapsed         | 991           |
|    total_timesteps      | 73728         |
| train/                  |               |
|    approx_kl            | 3.7754573e-06 |
|    clip_fraction        | 0             |
|    clip_range           | 0.2           |
|    d_learning_rate      | 0.00025       |
|    entropy_loss         | -8.27         |
|    explained_variance   | 0.000464      |
|    loss                 | -0.165        |
|    n_updates            | 20            |
|    policy_gradient_loss | -5.77e-05     |
|    u_learning_rate      | 5e-05         |
|    v_learning_rate      | 0.0005        |
|    value_loss           | 0.000737      |
-------------------------------------------
testing
testing
testing
testing
testing
testing
testing
testing
testing
testing
testing
testing
testing
oo
oo
oo
oo
oo
oo
oo
oo
oo
oo
oo
oo
oo
oo
oo
oo
oo
oo
oo
oo
oo
oo
oo
oo
oo
oo
oo
oo
oo
oo
oo
oo
oo
oo
oo
oo
oo
oo
oo
oo
oo
oo
oo
oo
oo
oo
oo
oo
oo
oo
oo
oo
oo
oo
oo
oo
oo
oo
oo
oo
oo
oo
oo
oo
oo
oo
oo
oo
oo
oo
oo
oo
oo
oo
oo
oo
oo
oo
oo
oo
oo
oo
oo
oo
oo
oo
oo
oo
oo
oo
oo
oo
oo
oo
oo
oo
oo
oo
oo
oo
oo
oo
oo
oo
oo
oo
oo
oo
oo
oo
oo
oo
oo
oo
oo
oo
oo
oo
oo
oo
oo
oo
oo
oo
oo
oo
oo
oo
oo
oo
oo
oo
oo
oo
oo
oo
oo
oo
oo
oo
oo
oo
oo
oo
oo
oo
oo
oo
oo
-------------------------------------------
| rollout/                |               |
|    ep_len_mean          | 322           |
|    ep_rew_mean          | 0.297         |
| time/                   |               |
|    fps                  | 74            |
|    iterations           | 2             |
|    time_elapsed         | 992           |
|    total_timesteps      | 73728         |
| train/                  |               |
|    approx_kl            | 4.7380104e-06 |
|    clip_fraction        | 0             |
|    clip_range           | 0.2           |
|    d_learning_rate      | 0.00025       |
|    entropy_loss         | -8.27         |
|    explained_variance   | -0.000134     |
|    loss                 | -0.166        |
|    n_updates            | 20            |
|    policy_gradient_loss | -6.71e-05     |
|    u_learning_rate      | 5e-05         |
|    v_learning_rate      | 0.0005        |
|    value_loss           | 0.00101       |
-------------------------------------------
testing
testing
testing
testing
testing
testing
testing
testing
testing
testing
testing
testing
testing
oo
oo
oo
oo
oo
oo
oo
oo
oo
oo
oo
oo
oo
oo
oo
oo
oo
oo
oo
oo
oo
oo
oo
oo
oo
oo
oo
oo
oo
oo
oo
oo
oo
oo
oo
oo
oo
oo
oo
oo
oo
oo
oo
oo
oo
oo
oo
oo
oo
oo
oo
oo
oo
oo
oo
oo
oo
oo
oo
oo
oo
oo
oo
oo
oo
oo
oo
oo
oo
oo
oo
oo
oo
oo
oo
oo
oo
oo
oo
oo
oo
oo
oo
oo
oo
oo
oo
oo
oo
oo
oo
oo
oo
oo
oo
oo
oo
oo
oo
oo
oo
oo
oo
oo
oo
oo
oo
oo
oo
oo
oo
oo
oo
oo
oo
oo
oo
oo
oo
oo
oo
oo
oo
oo
oo
------------------------------------------
| rollout/                |              |
|    ep_len_mean          | 335          |
|    ep_rew_mean          | 0.117        |
| time/                   |              |
|    fps                  | 60           |
|    iterations           | 3            |
|    time_elapsed         | 1828         |
|    total_timesteps      | 110592       |
| train/                  |              |
|    approx_kl            | 5.321524e-06 |
|    clip_fraction        | 0            |
|    clip_range           | 0.2          |
|    d_learning_rate      | 0.00025      |
|    entropy_loss         | -8.27        |
|    explained_variance   | 0.000102     |
|    loss                 | -0.165       |
|    n_updates            | 40           |
|    policy_gradient_loss | -7.77e-05    |
|    u_learning_rate      | 5e-05        |
|    v_learning_rate      | 0.0005       |
|    value_loss           | 0.000466     |
------------------------------------------
testing
testing
testing
testing
testing
testing
testing
testing
testing
testing
testing
testing
testing
oo
oo
oo
oo
oo
oo
oo
oo
oo
oo
oo
oo
oo
oo
oo
oo
oo
oo
oo
oo
oo
oo
oo
oo
oo
oo
oo
oo
oo
oo
oo
oo
oo
oo
oo
oo
oo
oo
oo
oo
oo
oo
oo
oo
oo
oo
oo
oo
oo
oo
oo
oo
oo
oo
oo
oo
oo
oo
oo
oo
oo
oo
oo
oo
oo
oo
oo
oo
oo
oo
oo
oo
oo
oo
oo
oo
oo
oo
oo
oo
oo
oo
oo
oo
oo
oo
oo
oo
oo
oo
oo
oo
oo
oo
oo
oo
oo
oo
oo
oo
oo
oo
oo
oo
oo
oo
oo
oo
oo
oo
oo
oo
oo
oo
oo
oo
oo
oo
oo
oo
oo
oo
oo
oo
oo
oo
oo
oo
oo
oo
oo
oo
oo
oo
oo
oo
oo
oo
oo
oo
oo
oo
oo
oo
oo
oo
oo
oo
oo
oo
oo
oo
oo
oo
oo
oo
oo
oo
oo
oo
oo
oo
oo
oo
oo
oo
oo
oo
oo
oo
oo
oo
oo
oo
oo
oo
oo
oo
oo
oo
oo
oo
oo
oo
oo
oo
oo
oo
oo
oo
oo
oo
oo
oo
oo
oo
oo
oo
oo
oo
oo
oo
oo
oo
oo
oo
oo
oo
-------------------------------------------
| rollout/                |               |
|    ep_len_mean          | 322           |
|    ep_rew_mean          | 0.308         |
| time/                   |               |
|    fps                  | 60            |
|    iterations           | 3             |
|    time_elapsed         | 1838          |
|    total_timesteps      | 110592        |
| train/                  |               |
|    approx_kl            | 6.7929427e-06 |
|    clip_fraction        | 0             |
|    clip_range           | 0.2           |
|    d_learning_rate      | 0.00025       |
|    entropy_loss         | -8.27         |
|    explained_variance   | 0.00339       |
|    loss                 | -0.165        |
|    n_updates            | 40            |
|    policy_gradient_loss | -0.000101     |
|    u_learning_rate      | 5e-05         |
|    v_learning_rate      | 0.0005        |
|    value_loss           | 0.000865      |
-------------------------------------------
testing
testing
testing
testing
testing
testing
testing
testing
testing
testing
testing
testing
testing
oo
oo
oo
oo
oo
oo
oo
oo
oo
oo
oo
oo
oo
oo
oo
oo
oo
oo
oo
oo
oo
oo
oo
oo
oo
oo
oo
oo
oo
oo
oo
oo
oo
oo
oo
oo
oo
oo
oo
oo
oo
oo
oo
oo
oo
oo
oo
oo
oo
oo
oo
oo
oo
oo
oo
oo
oo
oo
oo
oo
oo
oo
oo
oo
oo
oo
oo
oo
oo
oo
oo
oo
oo
oo
oo
oo
oo
oo
oo
oo
oo
oo
oo
oo
oo
oo
oo
oo
oo
oo
oo
oo
oo
oo
oo
oo
oo
oo
oo
oo
oo
oo
oo
oo
oo
oo
oo
oo
oo
oo
oo
oo
oo
oo
oo
oo
oo
oo
oo
oo
oo
oo
oo
oo
oo
oo
oo
oo
oo
oo
oo
oo
oo
oo
oo
oo
oo
oo
oo
oo
oo
oo
oo
oo
oo
oo
oo
oo
oo
oo
oo
oo
oo
oo
oo
oo
oo
oo
oo
oo
oo
oo
oo
oo
oo
oo
oo
oo
oo
oo
oo
oo
oo
oo
oo
oo
oo
oo
oo
oo
oo
oo
oo
oo
oo
oo
oo
oo
oo
oo
oo
------------------------------------------
| rollout/                |              |
|    ep_len_mean          | 321          |
|    ep_rew_mean          | 0.234        |
| time/                   |              |
|    fps                  | 60           |
|    iterations           | 3            |
|    time_elapsed         | 1841         |
|    total_timesteps      | 110592       |
| train/                  |              |
|    approx_kl            | 4.995551e-06 |
|    clip_fraction        | 0            |
|    clip_range           | 0.2          |
|    d_learning_rate      | 0.00025      |
|    entropy_loss         | -8.27        |
|    explained_variance   | 0.00135      |
|    loss                 | -0.165       |
|    n_updates            | 40           |
|    policy_gradient_loss | -7.35e-05    |
|    u_learning_rate      | 5e-05        |
|    v_learning_rate      | 0.0005       |
|    value_loss           | 0.000588     |
------------------------------------------
testing
testing
testing
testing
testing
testing
testing
testing
testing
testing
testing
testing
testing
oo
oo
oo
oo
oo
oo
oo
oo
oo
oo
oo
oo
oo
oo
oo
oo
oo
oo
oo
oo
oo
oo
oo
oo
oo
oo
oo
oo
oo
oo
oo
oo
oo
oo
oo
oo
oo
oo
oo
oo
oo
oo
oo
oo
oo
oo
oo
oo
oo
oo
oo
oo
oo
oo
oo
oo
oo
oo
oo
oo
oo
oo
oo
oo
oo
oo
oo
oo
oo
oo
oo
oo
oo
oo
oo
oo
oo
oo
oo
oo
oo
oo
oo
oo
oo
oo
oo
oo
oo
oo
oo
oo
oo
oo
oo
oo
oo
oo
oo
oo
oo
oo
oo
oo
oo
oo
oo
oo
oo
oo
oo
oo
oo
oo
oo
oo
oo
oo
oo
oo
oo
oo
oo
oo
oo
oo
oo
oo
oo
oo
oo
oo
oo
oo
oo
oo
oo
oo
oo
oo
oo
oo
oo
oo
oo
oo
oo
oo
oo
oo
oo
oo
oo
oo
oo
oo
oo
oo
oo
oo
oo
oo
oo
oo
oo
oo
oo
oo
oo
oo
oo
oo
oo
oo
oo
oo
oo
oo
oo
oo
oo
oo
oo
oo
oo
oo
oo
oo
oo
oo
oo
oo
oo
oo
oo
oo
oo
oo
oo
oo
oo
oo
oo
oo
oo
oo
oo
oo
oo
oo
oo
oo
oo
oo
oo
oo
oo
oo
oo
oo
oo
oo
oo
oo
oo
oo
oo
oo
oo
oo
oo
oo
-------------------------------------------
| rollout/                |               |
|    ep_len_mean          | 320           |
|    ep_rew_mean          | 0.315         |
| time/                   |               |
|    fps                  | 59            |
|    iterations           | 3             |
|    time_elapsed         | 1844          |
|    total_timesteps      | 110592        |
| train/                  |               |
|    approx_kl            | 7.3650026e-06 |
|    clip_fraction        | 0             |
|    clip_range           | 0.2           |
|    d_learning_rate      | 0.00025       |
|    entropy_loss         | -8.27         |
|    explained_variance   | 0.0021        |
|    loss                 | -0.166        |
|    n_updates            | 40            |
|    policy_gradient_loss | -0.000106     |
|    u_learning_rate      | 5e-05         |
|    v_learning_rate      | 0.0005        |
|    value_loss           | 0.000693      |
-------------------------------------------
testing
testing
testing
testing
testing
testing
testing
testing
testing
testing
testing
testing
testing
oo
oo
oo
oo
oo
oo
oo
oo
oo
oo
oo
oo
oo
oo
oo
oo
oo
oo
oo
oo
oo
oo
oo
oo
oo
oo
oo
oo
oo
oo
oo
oo
oo
oo
oo
oo
oo
oo
oo
oo
oo
oo
oo
oo
oo
oo
oo
oo
oo
oo
oo
oo
oo
oo
oo
oo
oo
oo
oo
oo
oo
oo
oo
oo
oo
oo
oo
oo
oo
oo
oo
oo
oo
oo
oo
oo
oo
oo
oo
oo
oo
oo
oo
oo
oo
oo
oo
oo
oo
oo
oo
oo
oo
oo
oo
oo
oo
oo
oo
oo
oo
oo
oo
oo
oo
oo
oo
oo
oo
oo
oo
oo
oo
oo
oo
oo
oo
oo
oo
oo
oo
oo
oo
oo
oo
oo
oo
oo
oo
oo
oo
oo
oo
oo
oo
oo
oo
oo
oo
oo
-------------------------------------------
| rollout/                |               |
|    ep_len_mean          | 329           |
|    ep_rew_mean          | 0.203         |
| time/                   |               |
|    fps                  | 59            |
|    iterations           | 3             |
|    time_elapsed         | 1846          |
|    total_timesteps      | 110592        |
| train/                  |               |
|    approx_kl            | 4.4019594e-06 |
|    clip_fraction        | 0             |
|    clip_range           | 0.2           |
|    d_learning_rate      | 0.00025       |
|    entropy_loss         | -8.27         |
|    explained_variance   | 0.00336       |
|    loss                 | -0.166        |
|    n_updates            | 40            |
|    policy_gradient_loss | -6.47e-05     |
|    u_learning_rate      | 5e-05         |
|    v_learning_rate      | 0.0005        |
|    value_loss           | 0.000545      |
-------------------------------------------
testing
testing
testing
testing
testing
testing
testing
testing
testing
testing
testing
testing
testing
oo
oo
oo
oo
oo
oo
oo
oo
oo
oo
oo
oo
oo
oo
oo
oo
oo
oo
oo
oo
oo
oo
oo
oo
oo
oo
oo
oo
oo
oo
oo
oo
oo
oo
oo
oo
oo
oo
oo
oo
oo
oo
oo
oo
oo
oo
oo
oo
oo
oo
oo
oo
oo
oo
oo
oo
oo
oo
oo
oo
oo
oo
oo
oo
oo
oo
oo
oo
oo
oo
oo
oo
oo
oo
oo
oo
oo
oo
oo
oo
oo
oo
oo
oo
oo
oo
oo
oo
oo
oo
oo
oo
oo
oo
oo
oo
oo
oo
oo
oo
oo
oo
oo
oo
oo
oo
oo
oo
oo
oo
oo
oo
oo
oo
oo
oo
oo
oo
oo
oo
oo
oo
oo
oo
oo
oo
oo
oo
oo
oo
oo
oo
oo
oo
oo
oo
oo
oo
oo
oo
oo
oo
oo
oo
oo
oo
oo
oo
oo
oo
oo
oo
oo
oo
oo
oo
oo
oo
oo
------------------------------------------
| rollout/                |              |
|    ep_len_mean          | 338          |
|    ep_rew_mean          | 0.13         |
| time/                   |              |
|    fps                  | 54           |
|    iterations           | 4            |
|    time_elapsed         | 2683         |
|    total_timesteps      | 147456       |
| train/                  |              |
|    approx_kl            | 3.974874e-06 |
|    clip_fraction        | 0            |
|    clip_range           | 0.2          |
|    d_learning_rate      | 0.00025      |
|    entropy_loss         | -8.27        |
|    explained_variance   | -0.00222     |
|    loss                 | -0.165       |
|    n_updates            | 60           |
|    policy_gradient_loss | -5.64e-05    |
|    u_learning_rate      | 5e-05        |
|    v_learning_rate      | 0.0005       |
|    value_loss           | 0.000419     |
------------------------------------------
testing
testing
testing
testing
testing
testing
testing
testing
testing
testing
testing
testing
testing
oo
oo
oo
oo
oo
oo
oo
oo
oo
oo
oo
oo
oo
oo
oo
oo
oo
oo
oo
oo
oo
oo
oo
oo
oo
oo
oo
oo
oo
oo
oo
oo
oo
oo
oo
oo
oo
oo
oo
oo
oo
oo
oo
oo
oo
oo
oo
oo
oo
oo
oo
oo
oo
oo
oo
oo
oo
oo
oo
oo
oo
oo
oo
oo
oo
oo
oo
oo
oo
oo
oo
oo
oo
oo
oo
oo
oo
oo
oo
oo
oo
oo
oo
oo
oo
oo
oo
oo
oo
oo
oo
oo
oo
oo
oo
oo
oo
oo
oo
oo
oo
oo
oo
oo
oo
oo
oo
oo
oo
oo
oo
oo
oo
oo
oo
oo
oo
oo
oo
oo
oo
oo
oo
oo
oo
oo
oo
oo
oo
oo
oo
oo
oo
oo
oo
oo
oo
oo
oo
oo
oo
oo
oo
oo
oo
oo
oo
oo
oo
oo
oo
oo
oo
oo
oo
oo
oo
oo
oo
oo
oo
oo
oo
oo
oo
oo
oo
oo
oo
oo
oo
oo
oo
oo
oo
oo
oo
oo
oo
oo
oo
oo
oo
oo
oo
oo
oo
oo
oo
oo
oo
oo
oo
oo
oo
oo
oo
oo
oo
oo
oo
oo
oo
oo
oo
oo
oo
oo
oo
oo
oo
-------------------------------------------
| rollout/                |               |
|    ep_len_mean          | 325           |
|    ep_rew_mean          | 0.299         |
| time/                   |               |
|    fps                  | 54            |
|    iterations           | 4             |
|    time_elapsed         | 2689          |
|    total_timesteps      | 147456        |
| train/                  |               |
|    approx_kl            | 5.3902463e-06 |
|    clip_fraction        | 0             |
|    clip_range           | 0.2           |
|    d_learning_rate      | 0.00025       |
|    entropy_loss         | -8.27         |
|    explained_variance   | 0.000523      |
|    loss                 | -0.166        |
|    n_updates            | 60            |
|    policy_gradient_loss | -8.04e-05     |
|    u_learning_rate      | 5e-05         |
|    v_learning_rate      | 0.0005        |
|    value_loss           | 0.000725      |
-------------------------------------------
testing
testing
testing
testing
testing
testing
testing
testing
testing
testing
testing
testing
testing
oo
oo
oo
oo
oo
oo
oo
oo
oo
oo
oo
oo
oo
oo
oo
oo
oo
oo
oo
oo
oo
oo
oo
oo
oo
oo
oo
oo
oo
oo
oo
oo
oo
oo
oo
oo
oo
oo
oo
oo
oo
oo
oo
oo
oo
oo
oo
oo
oo
oo
oo
oo
oo
oo
oo
oo
oo
oo
oo
oo
oo
oo
oo
oo
oo
oo
oo
oo
oo
oo
oo
oo
oo
oo
oo
oo
oo
oo
oo
oo
oo
oo
oo
oo
oo
oo
oo
oo
oo
oo
oo
oo
oo
oo
oo
oo
oo
oo
oo
oo
oo
oo
oo
oo
oo
oo
oo
oo
oo
oo
oo
oo
oo
oo
oo
oo
oo
oo
oo
oo
oo
oo
oo
oo
oo
oo
oo
oo
oo
oo
oo
oo
oo
oo
oo
oo
oo
oo
oo
oo
oo
oo
oo
oo
oo
oo
oo
oo
oo
oo
oo
oo
oo
oo
oo
oo
oo
oo
oo
oo
oo
oo
oo
oo
oo
oo
oo
oo
oo
oo
oo
oo
oo
oo
oo
oo
oo
oo
oo
oo
oo
oo
oo
oo
oo
oo
oo
oo
oo
oo
oo
oo
oo
oo
oo
oo
oo
oo
oo
oo
oo
oo
oo
oo
oo
oo
oo
oo
oo
oo
oo
oo
oo
oo
oo
oo
------------------------------------------
| rollout/                |              |
|    ep_len_mean          | 327          |
|    ep_rew_mean          | 0.217        |
| time/                   |              |
|    fps                  | 54           |
|    iterations           | 4            |
|    time_elapsed         | 2694         |
|    total_timesteps      | 147456       |
| train/                  |              |
|    approx_kl            | 5.270201e-06 |
|    clip_fraction        | 0            |
|    clip_range           | 0.2          |
|    d_learning_rate      | 0.00025      |
|    entropy_loss         | -8.27        |
|    explained_variance   | -0.00139     |
|    loss                 | -0.165       |
|    n_updates            | 60           |
|    policy_gradient_loss | -7.81e-05    |
|    u_learning_rate      | 5e-05        |
|    v_learning_rate      | 0.0005       |
|    value_loss           | 0.000617     |
------------------------------------------
testing
testing
testing
testing
testing
testing
testing
testing
testing
testing
testing
testing
testing
oo
oo
oo
oo
oo
oo
oo
oo
oo
oo
oo
oo
oo
oo
oo
oo
oo
oo
oo
oo
oo
oo
oo
oo
oo
oo
oo
oo
oo
oo
oo
oo
oo
oo
oo
oo
oo
oo
oo
oo
oo
oo
oo
oo
oo
oo
oo
oo
oo
oo
oo
oo
oo
oo
oo
oo
oo
oo
oo
oo
oo
oo
oo
oo
oo
oo
oo
oo
oo
oo
oo
oo
oo
oo
oo
oo
oo
oo
oo
oo
oo
oo
oo
oo
oo
oo
oo
oo
oo
oo
oo
oo
oo
oo
oo
oo
oo
oo
oo
oo
oo
oo
oo
oo
oo
oo
oo
oo
oo
oo
oo
oo
oo
oo
oo
oo
oo
oo
oo
oo
oo
oo
oo
oo
oo
oo
oo
oo
oo
oo
oo
oo
oo
oo
oo
oo
oo
oo
oo
oo
oo
oo
oo
oo
oo
oo
oo
oo
oo
oo
oo
oo
oo
oo
oo
oo
oo
oo
oo
oo
oo
-------------------------------------------
| rollout/                |               |
|    ep_len_mean          | 334           |
|    ep_rew_mean          | 0.242         |
| time/                   |               |
|    fps                  | 54            |
|    iterations           | 4             |
|    time_elapsed         | 2698          |
|    total_timesteps      | 147456        |
| train/                  |               |
|    approx_kl            | 3.3635104e-06 |
|    clip_fraction        | 0             |
|    clip_range           | 0.2           |
|    d_learning_rate      | 0.00025       |
|    entropy_loss         | -8.27         |
|    explained_variance   | 0.00286       |
|    loss                 | -0.165        |
|    n_updates            | 60            |
|    policy_gradient_loss | -4.91e-05     |
|    u_learning_rate      | 5e-05         |
|    v_learning_rate      | 0.0005        |
|    value_loss           | 0.000542      |
-------------------------------------------
testing
testing
testing
testing
testing
testing
testing
testing
testing
testing
testing
testing
testing
oo
oo
oo
oo
oo
oo
oo
oo
oo
oo
oo
oo
oo
oo
oo
oo
oo
oo
oo
oo
oo
oo
oo
oo
oo
oo
oo
oo
oo
oo
oo
oo
oo
oo
oo
oo
oo
oo
oo
oo
oo
oo
oo
oo
oo
oo
oo
oo
oo
oo
oo
oo
oo
oo
oo
oo
oo
oo
oo
oo
oo
oo
oo
oo
oo
oo
oo
oo
oo
oo
oo
oo
oo
oo
oo
oo
oo
oo
oo
oo
oo
oo
oo
oo
oo
oo
oo
oo
oo
oo
oo
oo
oo
oo
oo
oo
oo
oo
oo
oo
oo
oo
oo
oo
oo
oo
oo
oo
oo
oo
oo
oo
oo
oo
oo
oo
oo
oo
oo
oo
oo
oo
oo
oo
oo
oo
oo
oo
oo
oo
oo
oo
oo
oo
oo
oo
oo
oo
oo
oo
oo
oo
oo
oo
oo
oo
oo
oo
oo
oo
oo
oo
oo
oo
oo
oo
oo
oo
oo
oo
oo
oo
oo
oo
oo
oo
oo
oo
oo
oo
oo
oo
oo
oo
oo
oo
oo
oo
oo
oo
oo
oo
oo
oo
oo
oo
oo
oo
oo
oo
oo
oo
oo
oo
oo
oo
oo
oo
oo
oo
oo
oo
oo
oo
------------------------------------------
| rollout/                |              |
|    ep_len_mean          | 321          |
|    ep_rew_mean          | 0.321        |
| time/                   |              |
|    fps                  | 54           |
|    iterations           | 4            |
|    time_elapsed         | 2699         |
|    total_timesteps      | 147456       |
| train/                  |              |
|    approx_kl            | 4.199253e-06 |
|    clip_fraction        | 0            |
|    clip_range           | 0.2          |
|    d_learning_rate      | 0.00025      |
|    entropy_loss         | -8.27        |
|    explained_variance   | 0.00664      |
|    loss                 | -0.165       |
|    n_updates            | 60           |
|    policy_gradient_loss | -5.78e-05    |
|    u_learning_rate      | 5e-05        |
|    v_learning_rate      | 0.0005       |
|    value_loss           | 0.000747     |
------------------------------------------
testing
testing
testing
testing
testing
testing
testing
testing
testing
testing
testing
testing
testing
oo
oo
oo
oo
oo
oo
oo
oo
oo
oo
oo
oo
oo
oo
oo
oo
oo
oo
oo
oo
oo
oo
oo
oo
oo
oo
oo
oo
oo
oo
oo
oo
oo
oo
oo
oo
oo
oo
oo
oo
oo
oo
oo
oo
oo
oo
oo
oo
oo
oo
oo
oo
oo
oo
oo
oo
oo
oo
oo
oo
oo
oo
oo
oo
oo
oo
oo
oo
oo
oo
oo
oo
oo
oo
oo
oo
oo
oo
oo
oo
oo
oo
oo
oo
oo
oo
oo
oo
oo
oo
oo
oo
oo
oo
oo
oo
oo
oo
oo
oo
oo
oo
oo
oo
oo
oo
oo
oo
oo
oo
oo
oo
oo
oo
oo
oo
oo
oo
oo
oo
oo
oo
oo
oo
oo
oo
oo
oo
oo
oo
oo
oo
oo
oo
oo
oo
oo
oo
oo
oo
oo
oo
oo
oo
oo
oo
-------------------------------------------
| rollout/                |               |
|    ep_len_mean          | 331           |
|    ep_rew_mean          | 0.136         |
| time/                   |               |
|    fps                  | 52            |
|    iterations           | 5             |
|    time_elapsed         | 3541          |
|    total_timesteps      | 184320        |
| train/                  |               |
|    approx_kl            | 2.4934222e-06 |
|    clip_fraction        | 0             |
|    clip_range           | 0.2           |
|    d_learning_rate      | 0.00025       |
|    entropy_loss         | -8.27         |
|    explained_variance   | 0.00296       |
|    loss                 | -0.165        |
|    n_updates            | 80            |
|    policy_gradient_loss | -3.45e-05     |
|    u_learning_rate      | 5e-05         |
|    v_learning_rate      | 0.0005        |
|    value_loss           | 0.000495      |
-------------------------------------------
testing
testing
testing
testing
testing
testing
testing
testing
testing
testing
testing
testing
testing
oo
oo
oo
oo
oo
oo
oo
oo
oo
oo
oo
oo
oo
oo
oo
oo
oo
oo
oo
oo
oo
oo
oo
oo
oo
oo
oo
oo
oo
oo
oo
oo
oo
oo
oo
oo
oo
oo
oo
oo
oo
oo
oo
oo
oo
oo
oo
oo
oo
oo
oo
oo
oo
oo
oo
oo
oo
oo
oo
oo
oo
oo
oo
oo
oo
oo
oo
oo
oo
oo
oo
oo
oo
oo
oo
oo
oo
oo
oo
oo
oo
oo
oo
oo
oo
oo
oo
oo
oo
oo
oo
oo
oo
oo
oo
oo
oo
oo
oo
oo
oo
oo
oo
oo
oo
oo
oo
oo
oo
oo
oo
oo
oo
oo
oo
oo
oo
oo
oo
oo
oo
oo
oo
oo
oo
oo
oo
oo
oo
oo
oo
oo
oo
oo
oo
oo
oo
oo
oo
oo
oo
oo
oo
oo
oo
oo
oo
oo
oo
oo
oo
oo
oo
oo
oo
oo
oo
oo
oo
oo
oo
oo
oo
oo
oo
oo
oo
oo
oo
oo
oo
oo
oo
oo
oo
oo
oo
oo
oo
oo
oo
oo
oo
oo
oo
oo
oo
oo
oo
------------------------------------------
| rollout/                |              |
|    ep_len_mean          | 328          |
|    ep_rew_mean          | 0.23         |
| time/                   |              |
|    fps                  | 51           |
|    iterations           | 5            |
|    time_elapsed         | 3545         |
|    total_timesteps      | 184320       |
| train/                  |              |
|    approx_kl            | 6.043351e-06 |
|    clip_fraction        | 0            |
|    clip_range           | 0.2          |
|    d_learning_rate      | 0.00025      |
|    entropy_loss         | -8.27        |
|    explained_variance   | 0.00102      |
|    loss                 | -0.165       |
|    n_updates            | 80           |
|    policy_gradient_loss | -9.01e-05    |
|    u_learning_rate      | 5e-05        |
|    v_learning_rate      | 0.0005       |
|    value_loss           | 0.000746     |
------------------------------------------
testing
testing
testing
testing
testing
testing
testing
testing
testing
testing
testing
testing
testing
oo
oo
oo
oo
oo
oo
oo
oo
oo
oo
oo
oo
oo
oo
oo
oo
oo
oo
oo
oo
oo
oo
oo
oo
oo
oo
oo
oo
oo
oo
oo
oo
oo
oo
oo
oo
oo
oo
oo
oo
oo
oo
oo
oo
oo
oo
oo
oo
oo
oo
oo
oo
oo
oo
oo
oo
oo
oo
oo
oo
oo
oo
oo
oo
oo
oo
oo
oo
oo
oo
oo
oo
oo
oo
oo
oo
oo
oo
oo
oo
oo
oo
oo
oo
oo
oo
oo
oo
oo
oo
oo
oo
oo
oo
oo
oo
oo
oo
oo
oo
oo
oo
oo
oo
oo
oo
oo
oo
oo
oo
oo
oo
oo
oo
oo
oo
oo
oo
oo
oo
oo
oo
oo
oo
oo
oo
oo
oo
oo
oo
oo
oo
oo
oo
oo
oo
oo
oo
oo
oo
oo
oo
oo
oo
oo
oo
oo
oo
oo
oo
oo
oo
oo
oo
oo
oo
oo
oo
oo
oo
oo
oo
oo
oo
oo
oo
oo
oo
oo
oo
oo
oo
oo
oo
oo
oo
oo
oo
oo
oo
oo
oo
oo
oo
oo
oo
oo
oo
oo
oo
oo
oo
oo
oo
oo
oo
oo
oo
oo
oo
oo
oo
oo
oo
-------------------------------------------
| rollout/                |               |
|    ep_len_mean          | 319           |
|    ep_rew_mean          | 0.221         |
| time/                   |               |
|    fps                  | 51            |
|    iterations           | 5             |
|    time_elapsed         | 3548          |
|    total_timesteps      | 184320        |
| train/                  |               |
|    approx_kl            | 4.8195798e-06 |
|    clip_fraction        | 0             |
|    clip_range           | 0.2           |
|    d_learning_rate      | 0.00025       |
|    entropy_loss         | -8.27         |
|    explained_variance   | 0.00365       |
|    loss                 | -0.165        |
|    n_updates            | 80            |
|    policy_gradient_loss | -6.9e-05      |
|    u_learning_rate      | 5e-05         |
|    v_learning_rate      | 0.0005        |
|    value_loss           | 0.000623      |
-------------------------------------------
testing
testing
testing
testing
testing
testing
testing
testing
testing
testing
testing
testing
testing
oo
oo
oo
oo
oo
oo
oo
oo
oo
oo
oo
oo
oo
oo
oo
oo
oo
oo
oo
oo
oo
oo
oo
oo
oo
oo
oo
oo
oo
oo
oo
oo
oo
oo
oo
oo
oo
oo
oo
oo
oo
oo
oo
oo
oo
oo
oo
oo
oo
oo
oo
oo
oo
oo
oo
oo
oo
oo
oo
oo
oo
oo
oo
oo
oo
oo
oo
oo
oo
oo
oo
oo
oo
oo
oo
oo
oo
oo
oo
oo
oo
oo
oo
oo
oo
oo
oo
oo
oo
oo
oo
oo
oo
oo
oo
oo
oo
oo
oo
oo
oo
oo
oo
oo
oo
oo
oo
oo
oo
oo
oo
oo
oo
oo
oo
oo
oo
oo
oo
oo
oo
oo
oo
oo
oo
oo
oo
oo
oo
oo
oo
oo
oo
oo
oo
oo
oo
oo
oo
oo
oo
oo
oo
oo
oo
oo
oo
oo
oo
oo
oo
oo
oo
oo
oo
oo
oo
oo
oo
oo
oo
oo
oo
oo
oo
oo
oo
oo
oo
oo
oo
oo
oo
oo
oo
oo
oo
oo
oo
oo
oo
oo
oo
oo
oo
oo
oo
oo
oo
oo
oo
oo
oo
oo
oo
oo
oo
oo
oo
oo
oo
------------------------------------------
| rollout/                |              |
|    ep_len_mean          | 323          |
|    ep_rew_mean          | 0.276        |
| time/                   |              |
|    fps                  | 51           |
|    iterations           | 5            |
|    time_elapsed         | 3553         |
|    total_timesteps      | 184320       |
| train/                  |              |
|    approx_kl            | 6.578881e-06 |
|    clip_fraction        | 0            |
|    clip_range           | 0.2          |
|    d_learning_rate      | 0.00025      |
|    entropy_loss         | -8.27        |
|    explained_variance   | 0.00537      |
|    loss                 | -0.165       |
|    n_updates            | 80           |
|    policy_gradient_loss | -9.33e-05    |
|    u_learning_rate      | 5e-05        |
|    v_learning_rate      | 0.0005       |
|    value_loss           | 0.0007       |
------------------------------------------
testing
testing
testing
testing
testing
testing
testing
testing
testing
testing
testing
testing
testing
oo
oo
oo
oo
oo
oo
oo
oo
oo
oo
oo
oo
oo
oo
oo
oo
oo
oo
oo
oo
oo
oo
oo
oo
oo
oo
oo
oo
oo
oo
oo
oo
oo
oo
oo
oo
oo
oo
oo
oo
oo
oo
oo
oo
oo
oo
oo
oo
oo
oo
oo
oo
oo
oo
oo
oo
oo
oo
oo
oo
oo
oo
oo
oo
oo
oo
oo
oo
oo
oo
oo
oo
oo
oo
oo
oo
oo
oo
oo
oo
oo
oo
oo
oo
oo
oo
oo
oo
oo
oo
oo
oo
oo
oo
oo
oo
oo
oo
oo
oo
oo
oo
oo
oo
oo
oo
oo
oo
oo
oo
oo
oo
oo
oo
oo
oo
oo
oo
oo
oo
oo
oo
oo
oo
oo
oo
oo
oo
oo
oo
oo
oo
oo
oo
oo
oo
oo
oo
oo
oo
oo
oo
oo
-------------------------------------------
| rollout/                |               |
|    ep_len_mean          | 334           |
|    ep_rew_mean          | 0.175         |
| time/                   |               |
|    fps                  | 51            |
|    iterations           | 5             |
|    time_elapsed         | 3559          |
|    total_timesteps      | 184320        |
| train/                  |               |
|    approx_kl            | 1.6471007e-06 |
|    clip_fraction        | 0             |
|    clip_range           | 0.2           |
|    d_learning_rate      | 0.00025       |
|    entropy_loss         | -8.27         |
|    explained_variance   | -0.000928     |
|    loss                 | -0.165        |
|    n_updates            | 80            |
|    policy_gradient_loss | -2.35e-05     |
|    u_learning_rate      | 5e-05         |
|    v_learning_rate      | 0.0005        |
|    value_loss           | 0.000694      |
-------------------------------------------
testing
testing
testing
testing
testing
testing
testing
testing
testing
testing
testing
testing
testing
oo
oo
oo
oo
oo
oo
oo
oo
oo
oo
oo
oo
oo
oo
oo
oo
oo
oo
oo
oo
oo
oo
oo
oo
oo
oo
oo
oo
oo
oo
oo
oo
oo
oo
oo
oo
oo
oo
oo
oo
oo
oo
oo
oo
oo
oo
oo
oo
oo
oo
oo
oo
oo
oo
oo
oo
oo
oo
oo
oo
oo
oo
oo
oo
oo
oo
oo
oo
oo
oo
oo
oo
oo
oo
oo
oo
oo
oo
oo
oo
oo
oo
oo
oo
oo
oo
oo
oo
oo
oo
oo
oo
oo
oo
oo
oo
oo
oo
oo
oo
oo
oo
oo
oo
oo
oo
oo
oo
oo
oo
oo
oo
oo
oo
oo
oo
oo
oo
oo
oo
oo
oo
oo
oo
oo
oo
oo
oo
oo
oo
oo
oo
oo
oo
oo
oo
oo
oo
oo
oo
oo
oo
oo
oo
oo
oo
oo
oo
oo
oo
oo
oo
oo
oo
oo
oo
oo
oo
oo
oo
oo
oo
oo
oo
oo
oo
oo
oo
oo
oo
oo
oo
oo
oo
oo
oo
oo
oo
oo
oo
oo
oo
oo
oo
oo
oo
oo
oo
oo
oo
oo
oo
oo
oo
oo
oo
oo
oo
oo
oo
oo
oo
oo
oo
oo
oo
oo
oo
oo
oo
oo
oo
oo
oo
oo
oo
-------------------------------------------
| rollout/                |               |
|    ep_len_mean          | 321           |
|    ep_rew_mean          | 0.308         |
| time/                   |               |
|    fps                  | 50            |
|    iterations           | 6             |
|    time_elapsed         | 4398          |
|    total_timesteps      | 221184        |
| train/                  |               |
|    approx_kl            | 5.1398015e-06 |
|    clip_fraction        | 0             |
|    clip_range           | 0.2           |
|    d_learning_rate      | 0.00025       |
|    entropy_loss         | -8.27         |
|    explained_variance   | -0.00218      |
|    loss                 | -0.166        |
|    n_updates            | 100           |
|    policy_gradient_loss | -7.44e-05     |
|    u_learning_rate      | 5e-05         |
|    v_learning_rate      | 0.0005        |
|    value_loss           | 0.000586      |
-------------------------------------------
testing
testing
testing
testing
testing
testing
testing
testing
testing
testing
testing
testing
testing
oo
oo
oo
oo
oo
oo
oo
oo
oo
oo
oo
oo
oo
oo
oo
oo
oo
oo
oo
oo
oo
oo
oo
oo
oo
oo
oo
oo
oo
oo
oo
oo
oo
oo
oo
oo
oo
oo
oo
oo
oo
oo
oo
oo
oo
oo
oo
oo
oo
oo
oo
oo
oo
oo
oo
oo
oo
oo
oo
oo
oo
oo
oo
oo
oo
oo
oo
oo
oo
oo
oo
oo
oo
oo
oo
oo
oo
oo
oo
oo
oo
oo
oo
oo
oo
oo
oo
oo
oo
oo
oo
oo
oo
oo
oo
oo
oo
oo
oo
oo
oo
oo
oo
oo
oo
oo
oo
oo
oo
oo
oo
oo
oo
oo
oo
oo
oo
oo
oo
oo
oo
oo
oo
oo
oo
oo
oo
oo
oo
oo
oo
oo
oo
oo
oo
oo
oo
oo
oo
oo
oo
oo
oo
oo
oo
oo
oo
oo
oo
oo
oo
oo
oo
oo
oo
oo
oo
-------------------------------------------
| rollout/                |               |
|    ep_len_mean          | 337           |
|    ep_rew_mean          | 0.138         |
| time/                   |               |
|    fps                  | 50            |
|    iterations           | 6             |
|    time_elapsed         | 4398          |
|    total_timesteps      | 221184        |
| train/                  |               |
|    approx_kl            | 3.3850617e-06 |
|    clip_fraction        | 0             |
|    clip_range           | 0.2           |
|    d_learning_rate      | 0.00025       |
|    entropy_loss         | -8.27         |
|    explained_variance   | 0.00317       |
|    loss                 | -0.166        |
|    n_updates            | 100           |
|    policy_gradient_loss | -4.81e-05     |
|    u_learning_rate      | 5e-05         |
|    v_learning_rate      | 0.0005        |
|    value_loss           | 0.000405      |
-------------------------------------------
testing
testing
testing
testing
testing
testing
testing
testing
testing
testing
testing
testing
testing
oo
oo
oo
oo
oo
oo
oo
oo
oo
oo
oo
oo
oo
oo
oo
oo
oo
oo
oo
oo
oo
oo
oo
oo
oo
oo
oo
oo
oo
oo
oo
oo
oo
oo
oo
oo
oo
oo
oo
oo
oo
oo
oo
oo
oo
oo
oo
oo
oo
oo
oo
oo
oo
oo
oo
oo
oo
oo
oo
oo
oo
oo
oo
oo
oo
oo
oo
oo
oo
oo
oo
oo
oo
oo
oo
oo
oo
oo
oo
oo
oo
oo
oo
oo
oo
oo
oo
oo
oo
oo
oo
oo
oo
oo
oo
oo
oo
oo
oo
oo
oo
oo
oo
oo
oo
oo
oo
oo
oo
oo
oo
oo
oo
oo
oo
oo
oo
oo
oo
oo
oo
oo
oo
oo
oo
oo
oo
oo
oo
oo
oo
oo
oo
oo
oo
oo
oo
oo
oo
oo
oo
oo
oo
oo
oo
oo
oo
oo
oo
oo
oo
oo
oo
oo
oo
oo
oo
oo
oo
oo
oo
oo
oo
oo
oo
oo
oo
oo
oo
oo
oo
oo
oo
oo
oo
oo
oo
oo
oo
oo
oo
oo
oo
oo
oo
oo
oo
oo
oo
oo
oo
oo
oo
oo
oo
oo
oo
oo
oo
oo
oo
oo
oo
oo
oo
oo
oo
oo
oo
oo
oo
oo
oo
oo
oo
oo
oo
oo
oo
oo
oo
------------------------------------------
| rollout/                |              |
|    ep_len_mean          | 324          |
|    ep_rew_mean          | 0.23         |
| time/                   |              |
|    fps                  | 50           |
|    iterations           | 6            |
|    time_elapsed         | 4403         |
|    total_timesteps      | 221184       |
| train/                  |              |
|    approx_kl            | 4.708631e-06 |
|    clip_fraction        | 0            |
|    clip_range           | 0.2          |
|    d_learning_rate      | 0.00025      |
|    entropy_loss         | -8.27        |
|    explained_variance   | -0.000929    |
|    loss                 | -0.165       |
|    n_updates            | 100          |
|    policy_gradient_loss | -6.96e-05    |
|    u_learning_rate      | 5e-05        |
|    v_learning_rate      | 0.0005       |
|    value_loss           | 0.000538     |
------------------------------------------
testing
testing
testing
testing
testing
testing
testing
testing
testing
testing
testing
testing
testing
oo
oo
oo
oo
oo
oo
oo
oo
oo
oo
oo
oo
oo
oo
oo
oo
oo
oo
oo
oo
oo
oo
oo
oo
oo
oo
oo
oo
oo
oo
oo
oo
oo
oo
oo
oo
oo
oo
oo
oo
oo
oo
oo
oo
oo
oo
oo
oo
oo
oo
oo
oo
oo
oo
oo
oo
oo
oo
oo
oo
oo
oo
oo
oo
oo
oo
oo
oo
oo
oo
oo
oo
oo
oo
oo
oo
oo
oo
oo
oo
oo
oo
oo
oo
oo
oo
oo
oo
oo
oo
oo
oo
oo
oo
oo
oo
oo
oo
oo
oo
oo
oo
oo
oo
oo
oo
oo
oo
oo
oo
oo
oo
oo
oo
oo
oo
oo
oo
oo
oo
oo
oo
oo
oo
oo
oo
oo
oo
oo
oo
oo
oo
oo
oo
oo
oo
oo
oo
oo
oo
oo
oo
oo
oo
oo
oo
oo
oo
oo
oo
oo
oo
oo
oo
oo
oo
oo
oo
oo
oo
oo
oo
oo
oo
oo
oo
oo
oo
oo
oo
oo
oo
oo
oo
oo
oo
oo
oo
oo
oo
oo
oo
oo
oo
oo
oo
oo
oo
oo
oo
oo
oo
oo
oo
oo
oo
oo
oo
oo
oo
oo
oo
oo
oo
oo
oo
oo
oo
oo
oo
oo
oo
oo
oo
oo
oo
oo
oo
oo
oo
oo
oo
oo
oo
oo
oo
oo
-------------------------------------------
| rollout/                |               |
|    ep_len_mean          | 327           |
|    ep_rew_mean          | 0.282         |
| time/                   |               |
|    fps                  | 50            |
|    iterations           | 6             |
|    time_elapsed         | 4406          |
|    total_timesteps      | 221184        |
| train/                  |               |
|    approx_kl            | 6.3301236e-06 |
|    clip_fraction        | 0             |
|    clip_range           | 0.2           |
|    d_learning_rate      | 0.00025       |
|    entropy_loss         | -8.27         |
|    explained_variance   | 0.00346       |
|    loss                 | -0.166        |
|    n_updates            | 100           |
|    policy_gradient_loss | -9.44e-05     |
|    u_learning_rate      | 5e-05         |
|    v_learning_rate      | 0.0005        |
|    value_loss           | 0.00058       |
-------------------------------------------
testing
testing
testing
testing
testing
testing
testing
testing
testing
testing
testing
testing
testing
oo
oo
oo
oo
oo
oo
oo
oo
oo
oo
oo
oo
oo
oo
oo
oo
oo
oo
oo
oo
oo
oo
oo
oo
oo
oo
oo
oo
oo
oo
oo
oo
oo
oo
oo
oo
oo
oo
oo
oo
oo
oo
oo
oo
oo
oo
oo
oo
oo
oo
oo
oo
oo
oo
oo
oo
oo
oo
oo
oo
oo
oo
oo
oo
oo
oo
oo
oo
oo
oo
oo
oo
oo
oo
oo
oo
oo
oo
oo
oo
oo
oo
oo
oo
oo
oo
oo
oo
oo
oo
oo
oo
oo
oo
oo
oo
oo
oo
oo
oo
oo
oo
oo
oo
oo
oo
oo
oo
oo
oo
oo
oo
oo
oo
oo
oo
oo
oo
oo
oo
oo
oo
oo
oo
oo
oo
oo
oo
oo
oo
oo
oo
oo
oo
oo
oo
oo
oo
oo
oo
oo
oo
oo
oo
oo
oo
oo
oo
oo
oo
oo
oo
oo
oo
oo
oo
oo
oo
oo
oo
oo
oo
oo
oo
oo
oo
oo
oo
oo
oo
oo
oo
oo
oo
oo
oo
oo
oo
------------------------------------------
| rollout/                |              |
|    ep_len_mean          | 326          |
|    ep_rew_mean          | 0.21         |
| time/                   |              |
|    fps                  | 50           |
|    iterations           | 6            |
|    time_elapsed         | 4414         |
|    total_timesteps      | 221184       |
| train/                  |              |
|    approx_kl            | 3.511864e-06 |
|    clip_fraction        | 0            |
|    clip_range           | 0.2          |
|    d_learning_rate      | 0.00025      |
|    entropy_loss         | -8.27        |
|    explained_variance   | 0.00715      |
|    loss                 | -0.165       |
|    n_updates            | 100          |
|    policy_gradient_loss | -5.41e-05    |
|    u_learning_rate      | 5e-05        |
|    v_learning_rate      | 0.0005       |
|    value_loss           | 0.00045      |
------------------------------------------
testing
testing
testing
testing
testing
testing
testing
testing
testing
testing
testing
testing
testing
oo
oo
oo
oo
oo
oo
oo
oo
oo
oo
oo
oo
oo
oo
oo
oo
oo
oo
oo
oo
oo
oo
oo
oo
oo
oo
oo
oo
oo
oo
oo
oo
oo
oo
oo
oo
oo
oo
oo
oo
oo
oo
oo
oo
oo
oo
oo
oo
oo
oo
oo
oo
oo
oo
oo
oo
oo
oo
oo
oo
oo
oo
oo
oo
oo
oo
oo
oo
oo
oo
oo
oo
oo
oo
oo
oo
oo
oo
oo
oo
oo
oo
oo
oo
oo
oo
oo
oo
oo
oo
oo
oo
oo
oo
oo
oo
oo
oo
oo
oo
oo
oo
oo
oo
oo
oo
oo
oo
oo
oo
oo
oo
oo
oo
oo
oo
oo
oo
oo
oo
oo
oo
oo
oo
oo
oo
oo
oo
oo
oo
oo
oo
oo
oo
oo
oo
oo
oo
oo
oo
oo
oo
oo
oo
oo
oo
oo
oo
oo
oo
oo
oo
oo
oo
oo
oo
oo
oo
oo
oo
oo
oo
oo
oo
oo
oo
oo
oo
oo
oo
oo
oo
oo
oo
oo
oo
oo
oo
oo
oo
oo
oo
oo
oo
oo
oo
oo
oo
oo
oo
oo
oo
oo
oo
oo
oo
oo
oo
oo
oo
oo
oo
oo
oo
oo
oo
oo
oo
oo
oo
oo
oo
oo
oo
oo
oo
oo
oo
oo
oo
oo
oo
oo
oo
oo
oo
oo
oo
oo
oo
oo
oo
oo
oo
oo
oo
oo
oo
oo
-------------------------------------------
| rollout/                |               |
|    ep_len_mean          | 317           |
|    ep_rew_mean          | 0.338         |
| time/                   |               |
|    fps                  | 49            |
|    iterations           | 7             |
|    time_elapsed         | 5252          |
|    total_timesteps      | 258048        |
| train/                  |               |
|    approx_kl            | 4.3354507e-06 |
|    clip_fraction        | 0             |
|    clip_range           | 0.2           |
|    d_learning_rate      | 0.00025       |
|    entropy_loss         | -8.27         |
|    explained_variance   | 0.00514       |
|    loss                 | -0.165        |
|    n_updates            | 120           |
|    policy_gradient_loss | -6.5e-05      |
|    u_learning_rate      | 5e-05         |
|    v_learning_rate      | 0.0005        |
|    value_loss           | 0.000683      |
-------------------------------------------
testing
testing
testing
testing
testing
testing
testing
testing
testing
testing
testing
testing
testing
oo
oo
oo
oo
oo
oo
oo
oo
oo
oo
oo
oo
oo
oo
oo
oo
oo
oo
oo
oo
oo
oo
oo
oo
oo
oo
oo
oo
oo
oo
oo
oo
oo
oo
oo
oo
oo
oo
oo
oo
oo
oo
oo
oo
oo
oo
oo
oo
oo
oo
oo
oo
oo
oo
oo
oo
oo
oo
oo
oo
oo
oo
oo
oo
oo
oo
oo
oo
oo
oo
oo
oo
oo
oo
oo
oo
oo
oo
oo
oo
oo
oo
oo
oo
oo
oo
oo
oo
oo
oo
oo
oo
oo
oo
oo
oo
oo
oo
oo
oo
oo
oo
oo
oo
oo
oo
oo
oo
oo
oo
oo
oo
oo
oo
oo
oo
oo
oo
oo
oo
oo
oo
oo
oo
oo
oo
oo
oo
oo
oo
oo
oo
oo
oo
oo
oo
oo
oo
oo
oo
oo
oo
oo
oo
oo
oo
oo
oo
oo
oo
oo
oo
oo
oo
oo
oo
oo
oo
oo
oo
oo
oo
oo
oo
oo
oo
oo
oo
oo
oo
oo
-------------------------------------------
| rollout/                |               |
|    ep_len_mean          | 333           |
|    ep_rew_mean          | 0.147         |
| time/                   |               |
|    fps                  | 49            |
|    iterations           | 7             |
|    time_elapsed         | 5253          |
|    total_timesteps      | 258048        |
| train/                  |               |
|    approx_kl            | 3.9197766e-06 |
|    clip_fraction        | 0             |
|    clip_range           | 0.2           |
|    d_learning_rate      | 0.00025       |
|    entropy_loss         | -8.27         |
|    explained_variance   | 0.00689       |
|    loss                 | -0.166        |
|    n_updates            | 120           |
|    policy_gradient_loss | -5.45e-05     |
|    u_learning_rate      | 5e-05         |
|    v_learning_rate      | 0.0005        |
|    value_loss           | 0.00036       |
-------------------------------------------
testing
testing
testing
testing
testing
testing
testing
testing
testing
testing
testing
testing
testing
oo
oo
oo
oo
oo
oo
oo
oo
oo
oo
oo
oo
oo
oo
oo
oo
oo
oo
oo
oo
oo
oo
oo
oo
oo
oo
oo
oo
oo
oo
oo
oo
oo
oo
oo
oo
oo
oo
oo
oo
oo
oo
oo
oo
oo
oo
oo
oo
oo
oo
oo
oo
oo
oo
oo
oo
oo
oo
oo
oo
oo
oo
oo
oo
oo
oo
oo
oo
oo
oo
oo
oo
oo
oo
oo
oo
oo
oo
oo
oo
oo
oo
oo
oo
oo
oo
oo
oo
oo
oo
oo
oo
oo
oo
oo
oo
oo
oo
oo
oo
oo
oo
oo
oo
oo
oo
oo
oo
oo
oo
oo
oo
oo
oo
oo
oo
oo
oo
oo
oo
oo
oo
oo
oo
oo
oo
oo
oo
oo
oo
oo
oo
oo
oo
oo
oo
oo
oo
oo
oo
oo
oo
oo
oo
oo
oo
oo
oo
oo
oo
oo
oo
oo
oo
oo
oo
oo
oo
oo
oo
oo
oo
oo
oo
oo
oo
oo
oo
oo
oo
oo
oo
oo
oo
oo
oo
oo
oo
oo
oo
oo
oo
oo
oo
oo
oo
oo
oo
oo
oo
oo
oo
oo
oo
oo
oo
oo
oo
oo
oo
oo
oo
oo
oo
oo
-------------------------------------------
| rollout/                |               |
|    ep_len_mean          | 328           |
|    ep_rew_mean          | 0.232         |
| time/                   |               |
|    fps                  | 49            |
|    iterations           | 7             |
|    time_elapsed         | 5259          |
|    total_timesteps      | 258048        |
| train/                  |               |
|    approx_kl            | 3.3308236e-06 |
|    clip_fraction        | 0             |
|    clip_range           | 0.2           |
|    d_learning_rate      | 0.00025       |
|    entropy_loss         | -8.27         |
|    explained_variance   | 0.00694       |
|    loss                 | -0.165        |
|    n_updates            | 120           |
|    policy_gradient_loss | -4.94e-05     |
|    u_learning_rate      | 5e-05         |
|    v_learning_rate      | 0.0005        |
|    value_loss           | 0.000586      |
-------------------------------------------
testing
testing
testing
testing
testing
testing
testing
testing
testing
testing
testing
testing
testing
oo
oo
oo
oo
oo
oo
oo
oo
oo
oo
oo
oo
oo
oo
oo
oo
oo
oo
oo
oo
oo
oo
oo
oo
oo
oo
oo
oo
oo
oo
oo
oo
oo
oo
oo
oo
oo
oo
oo
oo
oo
oo
oo
oo
oo
oo
oo
oo
oo
oo
oo
oo
oo
oo
oo
oo
oo
oo
oo
oo
oo
oo
oo
oo
oo
oo
oo
oo
oo
oo
oo
oo
oo
oo
oo
oo
oo
oo
oo
oo
oo
oo
oo
oo
oo
oo
oo
oo
oo
oo
oo
oo
oo
oo
oo
oo
oo
oo
oo
oo
oo
oo
oo
oo
oo
oo
oo
oo
oo
oo
oo
oo
oo
oo
oo
oo
oo
oo
oo
oo
oo
oo
oo
oo
oo
oo
oo
oo
oo
oo
oo
oo
oo
oo
oo
oo
oo
oo
oo
oo
oo
oo
oo
oo
oo
oo
oo
oo
oo
oo
oo
oo
oo
oo
oo
oo
oo
oo
oo
oo
oo
oo
oo
oo
oo
oo
oo
oo
oo
oo
oo
oo
oo
oo
oo
oo
oo
oo
oo
oo
oo
oo
oo
oo
oo
oo
oo
oo
oo
oo
oo
oo
oo
oo
oo
oo
oo
oo
oo
oo
oo
oo
oo
oo
oo
oo
oo
oo
oo
oo
oo
oo
oo
------------------------------------------
| rollout/                |              |
|    ep_len_mean          | 324          |
|    ep_rew_mean          | 0.294        |
| time/                   |              |
|    fps                  | 49           |
|    iterations           | 7            |
|    time_elapsed         | 5262         |
|    total_timesteps      | 258048       |
| train/                  |              |
|    approx_kl            | 5.939455e-06 |
|    clip_fraction        | 0            |
|    clip_range           | 0.2          |
|    d_learning_rate      | 0.00025      |
|    entropy_loss         | -8.27        |
|    explained_variance   | 0.00639      |
|    loss                 | -0.165       |
|    n_updates            | 120          |
|    policy_gradient_loss | -8.48e-05    |
|    u_learning_rate      | 5e-05        |
|    v_learning_rate      | 0.0005       |
|    value_loss           | 0.000669     |
------------------------------------------
testing
testing
testing
testing
testing
testing
testing
testing
testing
testing
testing
testing
testing
oo
oo
oo
oo
oo
oo
oo
oo
oo
oo
oo
oo
oo
oo
oo
oo
oo
oo
oo
oo
oo
oo
oo
oo
oo
oo
oo
oo
oo
oo
oo
oo
oo
oo
oo
oo
oo
oo
oo
oo
oo
oo
oo
oo
oo
oo
oo
oo
oo
oo
oo
oo
oo
oo
oo
oo
oo
oo
oo
oo
oo
oo
oo
oo
oo
oo
oo
oo
oo
oo
oo
oo
oo
oo
oo
oo
oo
oo
oo
oo
oo
oo
oo
oo
oo
oo
oo
oo
oo
oo
oo
oo
oo
oo
oo
oo
oo
oo
oo
oo
oo
oo
oo
oo
oo
oo
oo
oo
oo
oo
oo
oo
oo
oo
oo
oo
oo
oo
oo
oo
oo
oo
oo
oo
oo
oo
oo
oo
oo
oo
oo
oo
oo
oo
oo
oo
oo
oo
oo
oo
oo
oo
oo
oo
oo
oo
oo
oo
oo
oo
oo
oo
oo
oo
oo
oo
oo
oo
oo
oo
oo
oo
oo
oo
oo
oo
oo
oo
oo
oo
oo
oo
oo
oo
oo
oo
oo
oo
oo
oo
oo
oo
oo
oo
oo
oo
oo
oo
oo
oo
oo
oo
oo
oo
oo
oo
oo
oo
oo
oo
------------------------------------------
| rollout/                |              |
|    ep_len_mean          | 334          |
|    ep_rew_mean          | 0.215        |
| time/                   |              |
|    fps                  | 48           |
|    iterations           | 7            |
|    time_elapsed         | 5268         |
|    total_timesteps      | 258048       |
| train/                  |              |
|    approx_kl            | 5.207843e-06 |
|    clip_fraction        | 0            |
|    clip_range           | 0.2          |
|    d_learning_rate      | 0.00025      |
|    entropy_loss         | -8.27        |
|    explained_variance   | 0.0153       |
|    loss                 | -0.165       |
|    n_updates            | 120          |
|    policy_gradient_loss | -6.74e-05    |
|    u_learning_rate      | 5e-05        |
|    v_learning_rate      | 0.0005       |
|    value_loss           | 0.000491     |
------------------------------------------
testing
testing
testing
testing
testing
testing
testing
testing
testing
testing
testing
testing
testing
oo
oo
oo
oo
oo
oo
oo
oo
oo
oo
oo
oo
oo
oo
oo
oo
oo
oo
oo
oo
oo
oo
oo
oo
oo
oo
oo
oo
oo
oo
oo
oo
oo
oo
oo
oo
oo
oo
oo
oo
oo
oo
oo
oo
oo
oo
oo
oo
oo
oo
oo
oo
oo
oo
oo
oo
oo
oo
oo
oo
oo
oo
oo
oo
oo
oo
oo
oo
oo
oo
oo
oo
oo
oo
oo
oo
oo
oo
oo
oo
oo
oo
oo
oo
oo
oo
oo
oo
oo
oo
oo
oo
oo
oo
oo
oo
oo
oo
oo
oo
oo
oo
oo
oo
oo
oo
oo
oo
oo
oo
oo
oo
oo
oo
oo
oo
oo
oo
oo
oo
oo
oo
oo
oo
oo
oo
oo
oo
oo
oo
oo
oo
oo
oo
oo
oo
oo
oo
oo
oo
oo
oo
oo
oo
oo
oo
oo
oo
oo
oo
oo
oo
oo
oo
oo
oo
oo
oo
oo
oo
oo
oo
oo
oo
oo
oo
oo
oo
oo
oo
oo
oo
oo
oo
oo
oo
oo
oo
oo
oo
oo
oo
oo
oo
oo
oo
oo
oo
oo
oo
oo
oo
oo
oo
oo
oo
oo
oo
oo
oo
oo
oo
oo
oo
oo
oo
oo
oo
oo
oo
oo
-----------------------------------------
| rollout/                |             |
|    ep_len_mean          | 313         |
|    ep_rew_mean          | 0.298       |
| time/                   |             |
|    fps                  | 48          |
|    iterations           | 8           |
|    time_elapsed         | 6106        |
|    total_timesteps      | 294912      |
| train/                  |             |
|    approx_kl            | 4.59539e-06 |
|    clip_fraction        | 0           |
|    clip_range           | 0.2         |
|    d_learning_rate      | 0.00025     |
|    entropy_loss         | -8.27       |
|    explained_variance   | 0.00807     |
|    loss                 | -0.165      |
|    n_updates            | 140         |
|    policy_gradient_loss | -6.44e-05   |
|    u_learning_rate      | 5e-05       |
|    v_learning_rate      | 0.0005      |
|    value_loss           | 0.000827    |
-----------------------------------------
testing
testing
testing
testing
testing
testing
testing
testing
testing
testing
testing
testing
testing
oo
oo
oo
oo
oo
oo
oo
oo
oo
oo
oo
oo
oo
oo
oo
oo
oo
oo
oo
oo
oo
oo
oo
oo
oo
oo
oo
oo
oo
oo
oo
oo
oo
oo
oo
oo
oo
oo
oo
oo
oo
oo
oo
oo
oo
oo
oo
oo
oo
oo
oo
oo
oo
oo
oo
oo
oo
oo
oo
oo
oo
oo
oo
oo
oo
oo
oo
oo
oo
oo
oo
oo
oo
oo
oo
oo
oo
oo
oo
oo
oo
oo
oo
oo
oo
oo
oo
oo
oo
oo
oo
oo
oo
oo
oo
oo
oo
oo
oo
oo
oo
oo
oo
oo
oo
oo
oo
oo
oo
oo
oo
oo
oo
oo
oo
oo
oo
oo
oo
oo
oo
oo
oo
oo
oo
oo
oo
oo
oo
oo
oo
oo
oo
oo
oo
oo
oo
oo
oo
oo
oo
oo
oo
oo
oo
oo
oo
oo
oo
oo
oo
oo
oo
oo
oo
oo
oo
oo
oo
oo
oo
oo
oo
oo
oo
oo
oo
oo
oo
oo
oo
oo
oo
oo
oo
oo
oo
oo
oo
oo
oo
oo
oo
oo
oo
oo
oo
oo
oo
oo
oo
oo
oo
oo
oo
oo
oo
oo
oo
oo
oo
oo
oo
oo
oo
oo
oo
oo
oo
oo
------------------------------------------
| rollout/                |              |
|    ep_len_mean          | 334          |
|    ep_rew_mean          | 0.154        |
| time/                   |              |
|    fps                  | 48           |
|    iterations           | 8            |
|    time_elapsed         | 6111         |
|    total_timesteps      | 294912       |
| train/                  |              |
|    approx_kl            | 4.706057e-06 |
|    clip_fraction        | 0            |
|    clip_range           | 0.2          |
|    d_learning_rate      | 0.00025      |
|    entropy_loss         | -8.27        |
|    explained_variance   | 0.000286     |
|    loss                 | -0.166       |
|    n_updates            | 140          |
|    policy_gradient_loss | -6.49e-05    |
|    u_learning_rate      | 5e-05        |
|    v_learning_rate      | 0.0005       |
|    value_loss           | 0.000357     |
------------------------------------------
testing
testing
testing
testing
testing
testing
testing
testing
testing
testing
testing
testing
testing
oo
oo
oo
oo
oo
oo
oo
oo
oo
oo
oo
oo
oo
oo
oo
oo
oo
oo
oo
oo
oo
oo
oo
oo
oo
oo
oo
oo
oo
oo
oo
oo
oo
oo
oo
oo
oo
oo
oo
oo
oo
oo
oo
oo
oo
oo
oo
oo
oo
oo
oo
oo
oo
oo
oo
oo
oo
oo
oo
oo
oo
oo
oo
oo
oo
oo
oo
oo
oo
oo
oo
oo
oo
oo
oo
oo
oo
oo
oo
oo
oo
oo
oo
oo
oo
oo
oo
oo
oo
oo
oo
oo
oo
oo
oo
oo
oo
oo
oo
oo
oo
oo
oo
oo
oo
oo
oo
oo
oo
oo
oo
oo
oo
oo
oo
oo
oo
oo
oo
oo
oo
oo
oo
oo
oo
oo
oo
oo
oo
oo
oo
oo
oo
oo
oo
oo
oo
oo
oo
oo
oo
oo
oo
oo
oo
oo
oo
oo
oo
oo
oo
oo
oo
oo
oo
oo
oo
oo
oo
oo
oo
oo
oo
oo
oo
oo
oo
oo
oo
oo
oo
oo
oo
oo
oo
oo
oo
oo
oo
oo
oo
oo
oo
oo
oo
oo
oo
oo
oo
oo
oo
oo
oo
oo
oo
oo
oo
oo
oo
oo
oo
oo
oo
oo
oo
oo
oo
oo
oo
oo
oo
oo
oo
oo
oo
oo
oo
oo
oo
oo
oo
oo
oo
oo
oo
oo
oo
oo
-------------------------------------------
| rollout/                |               |
|    ep_len_mean          | 327           |
|    ep_rew_mean          | 0.283         |
| time/                   |               |
|    fps                  | 48            |
|    iterations           | 8             |
|    time_elapsed         | 6112          |
|    total_timesteps      | 294912        |
| train/                  |               |
|    approx_kl            | 4.0009813e-06 |
|    clip_fraction        | 0             |
|    clip_range           | 0.2           |
|    d_learning_rate      | 0.00025       |
|    entropy_loss         | -8.27         |
|    explained_variance   | 0.0071        |
|    loss                 | -0.166        |
|    n_updates            | 140           |
|    policy_gradient_loss | -6.07e-05     |
|    u_learning_rate      | 5e-05         |
|    v_learning_rate      | 0.0005        |
|    value_loss           | 0.000521      |
-------------------------------------------
testing
testing
testing
testing
testing
testing
testing
testing
testing
testing
testing
testing
testing
oo
oo
oo
oo
oo
oo
oo
oo
oo
oo
oo
oo
oo
oo
oo
oo
oo
oo
oo
oo
oo
oo
oo
oo
oo
oo
oo
oo
oo
oo
oo
oo
oo
oo
oo
oo
oo
oo
oo
oo
oo
oo
oo
oo
oo
oo
oo
oo
oo
oo
oo
oo
oo
oo
oo
oo
oo
oo
oo
oo
oo
oo
oo
oo
oo
oo
oo
oo
oo
oo
oo
oo
oo
oo
oo
oo
oo
oo
oo
oo
oo
oo
oo
oo
oo
oo
oo
oo
oo
oo
oo
oo
oo
oo
oo
oo
oo
oo
oo
oo
oo
oo
oo
oo
oo
oo
oo
oo
oo
oo
oo
oo
oo
oo
oo
oo
oo
oo
oo
oo
oo
oo
oo
oo
oo
oo
oo
oo
oo
oo
oo
oo
oo
oo
oo
oo
oo
oo
oo
oo
oo
oo
oo
oo
oo
oo
oo
oo
oo
oo
oo
oo
oo
oo
oo
oo
oo
oo
oo
oo
oo
oo
oo
oo
oo
oo
oo
oo
oo
oo
oo
oo
oo
oo
oo
oo
oo
oo
oo
oo
oo
oo
oo
oo
oo
oo
oo
oo
oo
oo
oo
oo
oo
oo
oo
oo
oo
oo
oo
oo
oo
oo
oo
oo
oo
oo
oo
oo
oo
oo
oo
oo
oo
------------------------------------------
| rollout/                |              |
|    ep_len_mean          | 324          |
|    ep_rew_mean          | 0.278        |
| time/                   |              |
|    fps                  | 48           |
|    iterations           | 8            |
|    time_elapsed         | 6115         |
|    total_timesteps      | 294912       |
| train/                  |              |
|    approx_kl            | 4.780793e-06 |
|    clip_fraction        | 0            |
|    clip_range           | 0.2          |
|    d_learning_rate      | 0.00025      |
|    entropy_loss         | -8.27        |
|    explained_variance   | 0.00342      |
|    loss                 | -0.165       |
|    n_updates            | 140          |
|    policy_gradient_loss | -6.98e-05    |
|    u_learning_rate      | 5e-05        |
|    v_learning_rate      | 0.0005       |
|    value_loss           | 0.000695     |
------------------------------------------
testing
testing
testing
testing
testing
testing
testing
testing
testing
testing
testing
testing
testing
oo
oo
oo
oo
oo
oo
oo
oo
oo
oo
oo
oo
oo
oo
oo
oo
oo
oo
oo
oo
oo
oo
oo
oo
oo
oo
oo
oo
oo
oo
oo
oo
oo
oo
oo
oo
oo
oo
oo
oo
oo
oo
oo
oo
oo
oo
oo
oo
oo
oo
oo
oo
oo
oo
oo
oo
oo
oo
oo
oo
oo
oo
oo
oo
oo
oo
oo
oo
oo
oo
oo
oo
oo
oo
oo
oo
oo
oo
oo
oo
oo
oo
oo
oo
oo
oo
oo
oo
oo
oo
oo
oo
oo
oo
oo
oo
oo
oo
oo
oo
oo
oo
oo
oo
oo
oo
oo
oo
oo
oo
oo
oo
oo
oo
oo
oo
oo
oo
oo
oo
oo
oo
oo
oo
oo
oo
oo
oo
oo
oo
oo
oo
oo
oo
oo
oo
oo
oo
oo
oo
oo
oo
oo
oo
oo
oo
oo
oo
oo
oo
oo
oo
oo
oo
oo
oo
oo
oo
oo
oo
oo
oo
oo
oo
oo
oo
oo
oo
oo
oo
oo
oo
oo
oo
oo
oo
oo
oo
oo
oo
oo
oo
oo
oo
oo
oo
oo
oo
oo
oo
oo
oo
oo
oo
oo
oo
oo
oo
-------------------------------------------
| rollout/                |               |
|    ep_len_mean          | 329           |
|    ep_rew_mean          | 0.225         |
| time/                   |               |
|    fps                  | 48            |
|    iterations           | 8             |
|    time_elapsed         | 6116          |
|    total_timesteps      | 294912        |
| train/                  |               |
|    approx_kl            | 3.6834278e-06 |
|    clip_fraction        | 0             |
|    clip_range           | 0.2           |
|    d_learning_rate      | 0.00025       |
|    entropy_loss         | -8.27         |
|    explained_variance   | 0.0109        |
|    loss                 | -0.166        |
|    n_updates            | 140           |
|    policy_gradient_loss | -5.34e-05     |
|    u_learning_rate      | 5e-05         |
|    v_learning_rate      | 0.0005        |
|    value_loss           | 0.000482      |
-------------------------------------------
testing
testing
testing
testing
testing
testing
testing
testing
testing
testing
testing
testing
testing
oo
oo
oo
oo
oo
oo
oo
oo
oo
oo
oo
oo
oo
oo
oo
oo
oo
oo
oo
oo
oo
oo
oo
oo
oo
oo
oo
oo
oo
oo
oo
oo
oo
oo
oo
oo
oo
oo
oo
oo
oo
oo
oo
oo
oo
oo
oo
oo
oo
oo
oo
oo
oo
oo
oo
oo
oo
oo
oo
oo
oo
oo
oo
oo
oo
oo
oo
oo
oo
oo
oo
oo
oo
oo
oo
oo
oo
oo
oo
oo
oo
oo
oo
oo
oo
oo
oo
oo
oo
oo
oo
oo
oo
oo
oo
oo
oo
oo
oo
oo
oo
oo
oo
oo
oo
oo
oo
oo
oo
oo
oo
oo
oo
oo
oo
oo
oo
oo
oo
oo
oo
oo
oo
oo
oo
oo
oo
oo
oo
oo
oo
oo
oo
oo
oo
oo
oo
oo
oo
oo
oo
oo
oo
oo
oo
oo
oo
oo
oo
oo
oo
oo
oo
oo
oo
oo
oo
oo
oo
oo
oo
oo
oo
oo
oo
oo
oo
oo
oo
oo
oo
oo
oo
oo
oo
oo
oo
oo
oo
oo
oo
oo
oo
oo
oo
oo
oo
oo
oo
oo
oo
oo
oo
oo
oo
oo
oo
oo
oo
oo
oo
oo
oo
oo
oo
oo
oo
oo
oo
oo
oo
oo
oo
------------------------------------------
| rollout/                |              |
|    ep_len_mean          | 326          |
|    ep_rew_mean          | 0.269        |
| time/                   |              |
|    fps                  | 47           |
|    iterations           | 9            |
|    time_elapsed         | 6964         |
|    total_timesteps      | 331776       |
| train/                  |              |
|    approx_kl            | 3.582887e-06 |
|    clip_fraction        | 0            |
|    clip_range           | 0.2          |
|    d_learning_rate      | 0.00025      |
|    entropy_loss         | -8.27        |
|    explained_variance   | 0.00665      |
|    loss                 | -0.165       |
|    n_updates            | 160          |
|    policy_gradient_loss | -5.11e-05    |
|    u_learning_rate      | 5e-05        |
|    v_learning_rate      | 0.0005       |
|    value_loss           | 0.000654     |
------------------------------------------
testing
testing
testing
testing
testing
testing
testing
testing
testing
testing
testing
testing
testing
oo
oo
oo
oo
oo
oo
oo
oo
oo
oo
oo
oo
oo
oo
oo
oo
oo
oo
oo
oo
oo
oo
oo
oo
oo
oo
oo
oo
oo
oo
oo
oo
oo
oo
oo
oo
oo
oo
oo
oo
oo
oo
oo
oo
oo
oo
oo
oo
oo
oo
oo
oo
oo
oo
oo
oo
oo
oo
oo
oo
oo
oo
oo
oo
oo
oo
oo
oo
oo
oo
oo
oo
oo
oo
oo
oo
oo
oo
oo
oo
oo
oo
oo
oo
oo
oo
oo
oo
oo
oo
oo
oo
oo
oo
oo
oo
oo
oo
oo
oo
oo
oo
oo
oo
oo
oo
oo
oo
oo
oo
oo
oo
oo
oo
oo
oo
oo
oo
oo
oo
oo
oo
oo
oo
oo
oo
oo
oo
oo
oo
oo
oo
oo
oo
oo
oo
oo
oo
oo
oo
oo
oo
oo
oo
oo
oo
oo
oo
oo
oo
oo
oo
oo
oo
oo
oo
oo
oo
oo
oo
oo
oo
oo
oo
oo
oo
oo
oo
oo
oo
-------------------------------------------
| rollout/                |               |
|    ep_len_mean          | 337           |
|    ep_rew_mean          | 0.171         |
| time/                   |               |
|    fps                  | 47            |
|    iterations           | 9             |
|    time_elapsed         | 6969          |
|    total_timesteps      | 331776        |
| train/                  |               |
|    approx_kl            | 2.8915272e-06 |
|    clip_fraction        | 0             |
|    clip_range           | 0.2           |
|    d_learning_rate      | 0.00025       |
|    entropy_loss         | -8.27         |
|    explained_variance   | 0.00497       |
|    loss                 | -0.165        |
|    n_updates            | 160           |
|    policy_gradient_loss | -4.04e-05     |
|    u_learning_rate      | 5e-05         |
|    v_learning_rate      | 0.0005        |
|    value_loss           | 0.000457      |
-------------------------------------------
testing
testing
testing
testing
testing
testing
testing
testing
testing
testing
testing
testing
testing
oo
oo
oo
oo
oo
oo
oo
oo
oo
oo
oo
oo
oo
oo
oo
oo
oo
oo
oo
oo
oo
oo
oo
oo
oo
oo
oo
oo
oo
oo
oo
oo
oo
oo
oo
oo
oo
oo
oo
oo
oo
oo
oo
oo
oo
oo
oo
oo
oo
oo
oo
oo
oo
oo
oo
oo
oo
oo
oo
oo
oo
oo
oo
oo
oo
oo
oo
oo
oo
oo
oo
oo
oo
oo
oo
oo
oo
oo
oo
oo
oo
oo
oo
oo
oo
oo
oo
oo
oo
oo
oo
oo
oo
oo
oo
oo
oo
oo
oo
oo
oo
oo
oo
oo
oo
oo
oo
oo
oo
oo
oo
oo
oo
oo
oo
oo
oo
oo
oo
oo
oo
oo
oo
oo
oo
oo
oo
oo
oo
oo
oo
oo
oo
oo
oo
oo
oo
oo
oo
oo
oo
oo
oo
oo
oo
oo
oo
oo
oo
oo
oo
oo
oo
oo
oo
oo
oo
oo
oo
oo
oo
oo
oo
oo
oo
oo
oo
oo
oo
oo
oo
oo
oo
oo
oo
oo
oo
oo
oo
oo
oo
oo
oo
oo
oo
oo
oo
oo
oo
oo
oo
oo
oo
oo
oo
oo
oo
oo
oo
oo
oo
oo
oo
oo
oo
oo
oo
oo
oo
oo
oo
oo
oo
oo
oo
oo
oo
oo
oo
oo
oo
oo
oo
oo
oo
oo
oo
oo
oo
oo
oo
-------------------------------------------
| rollout/                |               |
|    ep_len_mean          | 315           |
|    ep_rew_mean          | 0.299         |
| time/                   |               |
|    fps                  | 47            |
|    iterations           | 9             |
|    time_elapsed         | 6971          |
|    total_timesteps      | 331776        |
| train/                  |               |
|    approx_kl            | 2.5427564e-06 |
|    clip_fraction        | 0             |
|    clip_range           | 0.2           |
|    d_learning_rate      | 0.00025       |
|    entropy_loss         | -8.27         |
|    explained_variance   | 0.00511       |
|    loss                 | -0.165        |
|    n_updates            | 160           |
|    policy_gradient_loss | -3.64e-05     |
|    u_learning_rate      | 5e-05         |
|    v_learning_rate      | 0.0005        |
|    value_loss           | 0.000634      |
-------------------------------------------
testing
testing
testing
testing
testing
testing
testing
testing
testing
testing
testing
testing
testing
oo
oo
oo
oo
oo
oo
oo
oo
oo
oo
oo
oo
oo
oo
oo
oo
oo
oo
oo
oo
oo
oo
oo
oo
oo
oo
oo
oo
oo
oo
oo
oo
oo
oo
oo
oo
oo
oo
oo
oo
oo
oo
oo
oo
oo
oo
oo
oo
oo
oo
oo
oo
oo
oo
oo
oo
oo
oo
oo
oo
oo
oo
oo
oo
oo
oo
oo
oo
oo
oo
oo
oo
oo
oo
oo
oo
oo
oo
oo
oo
oo
oo
oo
oo
oo
oo
oo
oo
oo
oo
oo
oo
oo
oo
oo
oo
oo
oo
oo
oo
oo
oo
oo
oo
oo
oo
oo
oo
oo
oo
oo
oo
oo
oo
oo
oo
oo
oo
oo
oo
oo
oo
oo
oo
oo
oo
oo
oo
oo
oo
oo
oo
oo
oo
oo
oo
oo
oo
oo
oo
oo
oo
oo
oo
oo
oo
oo
oo
oo
oo
oo
oo
oo
oo
oo
oo
oo
oo
oo
oo
oo
oo
oo
oo
oo
oo
oo
oo
oo
oo
oo
oo
oo
oo
oo
oo
oo
oo
oo
oo
oo
oo
oo
oo
oo
oo
oo
oo
oo
oo
oo
oo
oo
oo
oo
oo
oo
oo
oo
oo
oo
oo
oo
oo
oo
oo
oo
oo
oo
oo
oo
oo
oo
oo
oo
oo
oo
oo
oo
oo
oo
oo
-----------------------------------------
| rollout/                |             |
|    ep_len_mean          | 321         |
|    ep_rew_mean          | 0.262       |
| time/                   |             |
|    fps                  | 47          |
|    iterations           | 9           |
|    time_elapsed         | 6972        |
|    total_timesteps      | 331776      |
| train/                  |             |
|    approx_kl            | 4.36994e-06 |
|    clip_fraction        | 0           |
|    clip_range           | 0.2         |
|    d_learning_rate      | 0.00025     |
|    entropy_loss         | -8.27       |
|    explained_variance   | 0.000868    |
|    loss                 | -0.166      |
|    n_updates            | 160         |
|    policy_gradient_loss | -6.15e-05   |
|    u_learning_rate      | 5e-05       |
|    v_learning_rate      | 0.0005      |
|    value_loss           | 0.000571    |
-----------------------------------------
testing
testing
testing
testing
testing
testing
testing
testing
testing
testing
testing
testing
testing
oo
oo
oo
oo
oo
oo
oo
oo
oo
oo
oo
oo
oo
oo
oo
oo
oo
oo
oo
oo
oo
oo
oo
oo
oo
oo
oo
oo
oo
oo
oo
oo
oo
oo
oo
oo
oo
oo
oo
oo
oo
oo
oo
oo
oo
oo
oo
oo
oo
oo
oo
oo
oo
oo
oo
oo
oo
oo
oo
oo
oo
oo
oo
oo
oo
oo
oo
oo
oo
oo
oo
oo
oo
oo
oo
oo
oo
oo
oo
oo
oo
oo
oo
oo
oo
oo
oo
oo
oo
oo
oo
oo
oo
oo
oo
oo
oo
oo
oo
oo
oo
oo
oo
oo
oo
oo
oo
oo
oo
oo
oo
oo
oo
oo
oo
oo
oo
oo
oo
oo
oo
oo
oo
oo
oo
oo
oo
oo
oo
oo
oo
oo
oo
oo
oo
oo
oo
oo
oo
oo
oo
oo
oo
oo
oo
oo
oo
oo
oo
oo
oo
oo
oo
oo
oo
oo
oo
oo
oo
oo
oo
oo
oo
oo
oo
oo
oo
oo
oo
oo
oo
oo
oo
oo
oo
oo
oo
oo
oo
oo
oo
oo
oo
oo
oo
oo
oo
oo
oo
oo
-------------------------------------------
| rollout/                |               |
|    ep_len_mean          | 329           |
|    ep_rew_mean          | 0.211         |
| time/                   |               |
|    fps                  | 47            |
|    iterations           | 9             |
|    time_elapsed         | 6973          |
|    total_timesteps      | 331776        |
| train/                  |               |
|    approx_kl            | 4.3284012e-06 |
|    clip_fraction        | 0             |
|    clip_range           | 0.2           |
|    d_learning_rate      | 0.00025       |
|    entropy_loss         | -8.27         |
|    explained_variance   | 0.0169        |
|    loss                 | -0.166        |
|    n_updates            | 160           |
|    policy_gradient_loss | -6.04e-05     |
|    u_learning_rate      | 5e-05         |
|    v_learning_rate      | 0.0005        |
|    value_loss           | 0.000453      |
-------------------------------------------
testing
testing
testing
testing
testing
testing
testing
testing
testing
testing
testing
testing
testing
oo
oo
oo
oo
oo
oo
oo
oo
oo
oo
oo
oo
oo
oo
oo
oo
oo
oo
oo
oo
oo
oo
oo
oo
oo
oo
oo
oo
oo
oo
oo
oo
oo
oo
oo
oo
oo
oo
oo
oo
oo
oo
oo
oo
oo
oo
oo
oo
oo
oo
oo
oo
oo
oo
oo
oo
oo
oo
oo
oo
oo
oo
oo
oo
oo
oo
oo
oo
oo
oo
oo
oo
oo
oo
oo
oo
oo
oo
oo
oo
oo
oo
oo
oo
oo
oo
oo
oo
oo
oo
oo
oo
oo
oo
oo
oo
oo
oo
oo
oo
oo
oo
oo
oo
oo
oo
oo
oo
oo
oo
oo
oo
oo
oo
oo
oo
oo
oo
oo
oo
oo
oo
oo
oo
oo
oo
oo
oo
oo
oo
oo
oo
oo
oo
oo
oo
oo
oo
oo
oo
oo
oo
oo
oo
oo
oo
oo
oo
oo
oo
oo
oo
oo
oo
oo
oo
oo
oo
oo
oo
oo
oo
oo
oo
oo
oo
oo
oo
oo
oo
oo
oo
oo
oo
oo
oo
oo
oo
oo
oo
oo
oo
oo
oo
oo
oo
oo
oo
oo
oo
oo
oo
oo
oo
oo
oo
oo
oo
oo
oo
oo
oo
oo
oo
oo
oo
oo
oo
oo
oo
oo
oo
oo
oo
oo
oo
oo
oo
oo
oo
oo
oo
oo
oo
-------------------------------------------
| rollout/                |               |
|    ep_len_mean          | 322           |
|    ep_rew_mean          | 0.307         |
| time/                   |               |
|    fps                  | 47            |
|    iterations           | 10            |
|    time_elapsed         | 7835          |
|    total_timesteps      | 368640        |
| train/                  |               |
|    approx_kl            | 5.9215595e-06 |
|    clip_fraction        | 0             |
|    clip_range           | 0.2           |
|    d_learning_rate      | 0.00025       |
|    entropy_loss         | -8.27         |
|    explained_variance   | 0.00734       |
|    loss                 | -0.165        |
|    n_updates            | 180           |
|    policy_gradient_loss | -8.32e-05     |
|    u_learning_rate      | 5e-05         |
|    v_learning_rate      | 0.0005        |
|    value_loss           | 0.000596      |
-------------------------------------------
testing
testing
testing
testing
testing
testing
testing
testing
testing
testing
testing
testing
testing
oo
oo
oo
oo
oo
oo
oo
oo
oo
oo
oo
oo
oo
oo
oo
oo
oo
oo
oo
oo
oo
oo
oo
oo
oo
oo
oo
oo
oo
oo
oo
oo
oo
oo
oo
oo
oo
oo
oo
oo
oo
oo
oo
oo
oo
oo
oo
oo
oo
oo
oo
oo
oo
oo
oo
oo
oo
oo
oo
oo
oo
oo
oo
oo
oo
oo
oo
oo
oo
oo
oo
oo
oo
oo
oo
oo
oo
oo
oo
oo
oo
oo
oo
oo
oo
oo
oo
oo
oo
oo
oo
oo
oo
oo
oo
oo
oo
oo
oo
oo
oo
oo
oo
oo
oo
oo
oo
oo
oo
oo
oo
oo
oo
oo
oo
oo
oo
oo
oo
oo
oo
oo
oo
oo
oo
oo
oo
oo
oo
oo
oo
oo
oo
oo
oo
oo
oo
oo
oo
oo
oo
oo
oo
oo
oo
oo
oo
oo
oo
oo
oo
oo
oo
oo
oo
oo
oo
oo
oo
oo
oo
oo
oo
oo
oo
oo
oo
oo
oo
oo
oo
oo
oo
oo
oo
oo
oo
oo
oo
oo
oo
oo
oo
oo
oo
oo
oo
oo
oo
-------------------------------------------
| rollout/                |               |
|    ep_len_mean          | 332           |
|    ep_rew_mean          | 0.166         |
| time/                   |               |
|    fps                  | 47            |
|    iterations           | 10            |
|    time_elapsed         | 7841          |
|    total_timesteps      | 368640        |
| train/                  |               |
|    approx_kl            | 7.4277086e-06 |
|    clip_fraction        | 0             |
|    clip_range           | 0.2           |
|    d_learning_rate      | 0.00025       |
|    entropy_loss         | -8.27         |
|    explained_variance   | -0.00209      |
|    loss                 | -0.166        |
|    n_updates            | 180           |
|    policy_gradient_loss | -0.000107     |
|    u_learning_rate      | 5e-05         |
|    v_learning_rate      | 0.0005        |
|    value_loss           | 0.000395      |
-------------------------------------------
testing
testing
testing
testing
testing
testing
testing
testing
testing
testing
testing
testing
testing
oo
oo
oo
oo
oo
oo
oo
oo
oo
oo
oo
oo
oo
oo
oo
oo
oo
oo
oo
oo
oo
oo
oo
oo
oo
oo
oo
oo
oo
oo
oo
oo
oo
oo
oo
oo
oo
oo
oo
oo
oo
oo
oo
oo
oo
oo
oo
oo
oo
oo
oo
oo
oo
oo
oo
oo
oo
oo
oo
oo
oo
oo
oo
oo
oo
oo
oo
oo
oo
oo
oo
oo
oo
oo
oo
oo
oo
oo
oo
oo
oo
oo
oo
oo
oo
oo
oo
oo
oo
oo
oo
oo
oo
oo
oo
oo
oo
oo
oo
oo
oo
oo
oo
oo
oo
oo
oo
oo
oo
oo
oo
oo
oo
oo
oo
oo
oo
oo
oo
oo
oo
oo
oo
oo
oo
oo
oo
oo
oo
oo
oo
oo
oo
oo
oo
oo
oo
oo
oo
oo
oo
oo
oo
oo
oo
oo
oo
oo
oo
oo
oo
oo
oo
oo
oo
oo
oo
oo
oo
oo
oo
oo
oo
oo
oo
oo
oo
oo
oo
oo
oo
oo
oo
oo
oo
oo
oo
oo
oo
oo
oo
oo
oo
oo
oo
oo
oo
oo
oo
oo
oo
oo
oo
oo
oo
oo
oo
oo
oo
oo
oo
oo
oo
oo
oo
------------------------------------------
| rollout/                |              |
|    ep_len_mean          | 326          |
|    ep_rew_mean          | 0.261        |
| time/                   |              |
|    fps                  | 46           |
|    iterations           | 10           |
|    time_elapsed         | 7844         |
|    total_timesteps      | 368640       |
| train/                  |              |
|    approx_kl            | 3.401483e-06 |
|    clip_fraction        | 0            |
|    clip_range           | 0.2          |
|    d_learning_rate      | 0.00025      |
|    entropy_loss         | -8.27        |
|    explained_variance   | 0.00103      |
|    loss                 | -0.165       |
|    n_updates            | 180          |
|    policy_gradient_loss | -5.12e-05    |
|    u_learning_rate      | 5e-05        |
|    v_learning_rate      | 0.0005       |
|    value_loss           | 0.00065      |
------------------------------------------
testing
testing
testing
testing
testing
testing
testing
testing
testing
testing
testing
testing
testing
oo
oo
oo
oo
oo
oo
oo
oo
oo
oo
oo
oo
oo
oo
oo
oo
oo
oo
oo
oo
oo
oo
oo
oo
oo
oo
oo
oo
oo
oo
oo
oo
oo
oo
oo
oo
oo
oo
oo
oo
oo
oo
oo
oo
oo
oo
oo
oo
oo
oo
oo
oo
oo
oo
oo
oo
oo
oo
oo
oo
oo
oo
oo
oo
oo
oo
oo
oo
oo
oo
oo
oo
oo
oo
oo
oo
oo
oo
oo
oo
oo
oo
oo
oo
oo
oo
oo
oo
oo
oo
oo
oo
oo
oo
oo
oo
oo
oo
oo
oo
oo
oo
oo
oo
oo
oo
oo
oo
oo
oo
oo
oo
oo
oo
oo
oo
oo
oo
oo
oo
oo
oo
oo
oo
oo
oo
oo
oo
oo
oo
oo
oo
oo
oo
oo
oo
oo
oo
oo
oo
oo
oo
oo
oo
oo
oo
oo
oo
oo
oo
oo
oo
oo
oo
oo
oo
oo
oo
oo
oo
oo
oo
oo
oo
oo
oo
oo
oo
oo
oo
oo
oo
oo
oo
oo
oo
oo
oo
oo
oo
oo
oo
oo
oo
oo
oo
oo
oo
oo
oo
oo
oo
oo
oo
oo
oo
oo
oo
oo
oo
oo
oo
oo
oo
oo
oo
oo
oo
------------------------------------------
| rollout/                |              |
|    ep_len_mean          | 329          |
|    ep_rew_mean          | 0.228        |
| time/                   |              |
|    fps                  | 46           |
|    iterations           | 10           |
|    time_elapsed         | 7845         |
|    total_timesteps      | 368640       |
| train/                  |              |
|    approx_kl            | 5.099808e-06 |
|    clip_fraction        | 0            |
|    clip_range           | 0.2          |
|    d_learning_rate      | 0.00025      |
|    entropy_loss         | -8.27        |
|    explained_variance   | 0.00486      |
|    loss                 | -0.165       |
|    n_updates            | 180          |
|    policy_gradient_loss | -7.17e-05    |
|    u_learning_rate      | 5e-05        |
|    v_learning_rate      | 0.0005       |
|    value_loss           | 0.000448     |
------------------------------------------
testing
testing
testing
testing
testing
testing
testing
testing
testing
testing
testing
testing
testing
oo
oo
oo
oo
oo
oo
oo
oo
oo
oo
oo
oo
oo
oo
oo
oo
oo
oo
oo
oo
oo
oo
oo
oo
oo
oo
oo
oo
oo
oo
oo
oo
oo
oo
oo
oo
oo
oo
oo
oo
oo
oo
oo
oo
oo
oo
oo
oo
oo
oo
oo
oo
oo
oo
oo
oo
oo
oo
oo
oo
oo
oo
oo
oo
oo
oo
oo
oo
oo
oo
oo
oo
oo
oo
oo
oo
oo
oo
oo
oo
oo
oo
oo
oo
oo
oo
oo
oo
oo
oo
oo
oo
oo
oo
oo
oo
oo
oo
oo
oo
oo
oo
oo
oo
oo
oo
oo
oo
oo
oo
oo
oo
oo
oo
oo
oo
oo
oo
oo
oo
oo
oo
oo
oo
oo
oo
oo
oo
oo
oo
oo
oo
oo
oo
oo
oo
oo
oo
oo
oo
oo
oo
oo
oo
oo
oo
oo
oo
oo
oo
oo
oo
oo
oo
oo
oo
oo
oo
oo
oo
oo
oo
oo
oo
oo
oo
oo
oo
oo
oo
oo
oo
oo
oo
oo
oo
oo
oo
oo
oo
oo
oo
oo
oo
oo
oo
oo
oo
oo
oo
oo
oo
oo
oo
oo
oo
oo
oo
oo
oo
oo
oo
oo
oo
oo
oo
oo
oo
oo
oo
oo
oo
oo
oo
oo
oo
oo
oo
oo
oo
oo
oo
oo
oo
------------------------------------------
| rollout/                |              |
|    ep_len_mean          | 327          |
|    ep_rew_mean          | 0.297        |
| time/                   |              |
|    fps                  | 46           |
|    iterations           | 10           |
|    time_elapsed         | 7845         |
|    total_timesteps      | 368640       |
| train/                  |              |
|    approx_kl            | 5.275367e-06 |
|    clip_fraction        | 0            |
|    clip_range           | 0.2          |
|    d_learning_rate      | 0.00025      |
|    entropy_loss         | -8.27        |
|    explained_variance   | 0.00327      |
|    loss                 | -0.166       |
|    n_updates            | 180          |
|    policy_gradient_loss | -7.6e-05     |
|    u_learning_rate      | 5e-05        |
|    v_learning_rate      | 0.0005       |
|    value_loss           | 0.000586     |
------------------------------------------
testing
testing
testing
testing
testing
testing
testing
testing
testing
testing
testing
testing
testing
oo
oo
oo
oo
oo
oo
oo
oo
oo
oo
oo
oo
oo
oo
oo
oo
oo
oo
oo
oo
oo
oo
oo
oo
oo
oo
oo
oo
oo
oo
oo
oo
oo
oo
oo
oo
oo
oo
oo
oo
oo
oo
oo
oo
oo
oo
oo
oo
oo
oo
oo
oo
oo
oo
oo
oo
oo
oo
oo
oo
oo
oo
oo
oo
oo
oo
oo
oo
oo
oo
oo
oo
oo
oo
oo
oo
oo
oo
oo
oo
oo
oo
oo
oo
oo
oo
oo
oo
oo
oo
oo
oo
oo
oo
oo
oo
oo
oo
oo
oo
oo
oo
oo
oo
oo
oo
oo
oo
oo
oo
oo
oo
oo
oo
oo
oo
oo
oo
oo
oo
oo
oo
oo
oo
oo
oo
oo
oo
oo
oo
oo
oo
oo
oo
oo
oo
oo
oo
oo
oo
oo
oo
oo
oo
oo
oo
oo
oo
oo
oo
oo
oo
oo
oo
oo
oo
oo
oo
oo
oo
oo
oo
oo
oo
oo
oo
oo
oo
oo
oo
oo
oo
oo
oo
oo
oo
oo
oo
oo
oo
oo
oo
oo
oo
oo
oo
oo
oo
oo
oo
oo
oo
oo
oo
oo
oo
oo
oo
oo
oo
oo
oo
oo
oo
oo
oo
oo
oo
------------------------------------------
| rollout/                |              |
|    ep_len_mean          | 330          |
|    ep_rew_mean          | 0.267        |
| time/                   |              |
|    fps                  | 46           |
|    iterations           | 11           |
|    time_elapsed         | 8726         |
|    total_timesteps      | 405504       |
| train/                  |              |
|    approx_kl            | 4.280291e-06 |
|    clip_fraction        | 0            |
|    clip_range           | 0.2          |
|    d_learning_rate      | 0.00025      |
|    entropy_loss         | -8.27        |
|    explained_variance   | 0.00697      |
|    loss                 | -0.165       |
|    n_updates            | 200          |
|    policy_gradient_loss | -6.1e-05     |
|    u_learning_rate      | 5e-05        |
|    v_learning_rate      | 0.0005       |
|    value_loss           | 0.000674     |
------------------------------------------
testing
testing
testing
testing
testing
testing
testing
testing
testing
testing
testing
testing
testing
oo
oo
oo
oo
oo
oo
oo
oo
oo
oo
oo
oo
oo
oo
oo
oo
oo
oo
oo
oo
oo
oo
oo
oo
oo
oo
oo
oo
oo
oo
oo
oo
oo
oo
oo
oo
oo
oo
oo
oo
oo
oo
oo
oo
oo
oo
oo
oo
oo
oo
oo
oo
oo
oo
oo
oo
oo
oo
oo
oo
oo
oo
oo
oo
oo
oo
oo
oo
oo
oo
oo
oo
oo
oo
oo
oo
oo
oo
oo
oo
oo
oo
oo
oo
oo
oo
oo
oo
oo
oo
oo
oo
oo
oo
oo
oo
oo
oo
oo
oo
oo
oo
oo
oo
oo
oo
oo
oo
oo
oo
oo
oo
oo
oo
oo
oo
oo
oo
oo
oo
oo
oo
oo
oo
oo
oo
oo
oo
oo
oo
oo
oo
oo
oo
oo
oo
oo
oo
oo
oo
oo
oo
oo
oo
oo
oo
oo
oo
oo
oo
oo
oo
oo
oo
oo
oo
oo
oo
oo
oo
oo
oo
oo
oo
oo
oo
oo
oo
oo
oo
oo
oo
oo
oo
oo
oo
oo
oo
oo
oo
oo
oo
oo
oo
oo
oo
oo
oo
oo
oo
oo
oo
oo
oo
oo
oo
oo
oo
oo
oo
oo
oo
oo
oo
oo
oo
oo
oo
oo
oo
oo
oo
oo
oo
oo
oo
oo
oo
oo
-------------------------------------------
| rollout/                |               |
|    ep_len_mean          | 332           |
|    ep_rew_mean          | 0.165         |
| time/                   |               |
|    fps                  | 46            |
|    iterations           | 11            |
|    time_elapsed         | 8731          |
|    total_timesteps      | 405504        |
| train/                  |               |
|    approx_kl            | 4.3653795e-06 |
|    clip_fraction        | 0             |
|    clip_range           | 0.2           |
|    d_learning_rate      | 0.00025       |
|    entropy_loss         | -8.27         |
|    explained_variance   | 0.00611       |
|    loss                 | -0.165        |
|    n_updates            | 200           |
|    policy_gradient_loss | -6.41e-05     |
|    u_learning_rate      | 5e-05         |
|    v_learning_rate      | 0.0005        |
|    value_loss           | 0.000389      |
-------------------------------------------
testing
testing
testing
testing
testing
testing
testing
testing
testing
testing
testing
testing
testing
oo
oo
oo
oo
oo
oo
oo
oo
oo
oo
oo
oo
oo
oo
oo
oo
oo
oo
oo
oo
oo
oo
oo
oo
oo
oo
oo
oo
oo
oo
oo
oo
oo
oo
oo
oo
oo
oo
oo
oo
oo
oo
oo
oo
oo
oo
oo
oo
oo
oo
oo
oo
oo
oo
oo
oo
oo
oo
oo
oo
oo
oo
oo
oo
oo
oo
oo
oo
oo
oo
oo
oo
oo
oo
oo
oo
oo
oo
oo
oo
oo
oo
oo
oo
oo
oo
oo
oo
oo
oo
oo
oo
oo
oo
oo
oo
oo
oo
oo
oo
oo
oo
oo
oo
oo
oo
oo
oo
oo
oo
oo
oo
oo
oo
oo
oo
oo
oo
oo
oo
oo
oo
oo
oo
oo
oo
oo
oo
oo
oo
oo
oo
oo
oo
oo
oo
oo
oo
oo
oo
oo
oo
oo
oo
oo
oo
oo
oo
oo
oo
oo
oo
oo
oo
oo
oo
oo
oo
oo
oo
oo
oo
oo
oo
oo
oo
oo
oo
oo
oo
oo
oo
oo
oo
oo
oo
oo
oo
oo
oo
oo
oo
oo
oo
oo
oo
oo
oo
oo
oo
oo
oo
oo
oo
oo
oo
oo
oo
oo
oo
oo
oo
oo
oo
oo
oo
oo
oo
oo
oo
oo
oo
oo
oo
oo
oo
oo
oo
oo
oo
oo
oo
-------------------------------------------
| rollout/                |               |
|    ep_len_mean          | 320           |
|    ep_rew_mean          | 0.246         |
| time/                   |               |
|    fps                  | 46            |
|    iterations           | 11            |
|    time_elapsed         | 8737          |
|    total_timesteps      | 405504        |
| train/                  |               |
|    approx_kl            | 4.0756518e-06 |
|    clip_fraction        | 0             |
|    clip_range           | 0.2           |
|    d_learning_rate      | 0.00025       |
|    entropy_loss         | -8.27         |
|    explained_variance   | 0.00433       |
|    loss                 | -0.165        |
|    n_updates            | 200           |
|    policy_gradient_loss | -5.95e-05     |
|    u_learning_rate      | 5e-05         |
|    v_learning_rate      | 0.0005        |
|    value_loss           | 0.000552      |
-------------------------------------------
testing
testing
testing
testing
testing
testing
testing
testing
testing
testing
testing
testing
testing
oo
oo
oo
oo
oo
oo
oo
oo
oo
oo
oo
oo
oo
oo
oo
oo
oo
oo
oo
oo
oo
oo
oo
oo
oo
oo
oo
oo
oo
oo
oo
oo
oo
oo
oo
oo
oo
oo
oo
oo
oo
oo
oo
oo
oo
oo
oo
oo
oo
oo
oo
oo
oo
oo
oo
oo
oo
oo
oo
oo
oo
oo
oo
oo
oo
oo
oo
oo
oo
oo
oo
oo
oo
oo
oo
oo
oo
oo
oo
oo
oo
oo
oo
oo
oo
oo
oo
oo
oo
oo
oo
oo
oo
oo
oo
oo
oo
oo
oo
oo
oo
oo
oo
oo
oo
oo
oo
oo
oo
oo
oo
oo
oo
oo
oo
oo
oo
oo
oo
oo
oo
oo
oo
oo
oo
oo
oo
oo
oo
oo
oo
oo
oo
oo
oo
oo
oo
oo
oo
oo
oo
oo
oo
oo
oo
oo
oo
oo
oo
oo
oo
oo
oo
oo
oo
oo
oo
oo
oo
oo
oo
oo
oo
oo
oo
oo
oo
oo
oo
oo
oo
oo
oo
oo
oo
oo
oo
oo
oo
oo
oo
oo
oo
oo
oo
oo
oo
oo
oo
oo
oo
oo
oo
oo
oo
oo
oo
oo
oo
oo
oo
oo
oo
oo
oo
oo
oo
oo
oo
oo
oo
oo
oo
oo
oo
oo
oo
oo
oo
oo
oo
-----------------------------------------
| rollout/                |             |
|    ep_len_mean          | 321         |
|    ep_rew_mean          | 0.286       |
| time/                   |             |
|    fps                  | 46          |
|    iterations           | 11          |
|    time_elapsed         | 8740        |
|    total_timesteps      | 405504      |
| train/                  |             |
|    approx_kl            | 7.09446e-06 |
|    clip_fraction        | 0           |
|    clip_range           | 0.2         |
|    d_learning_rate      | 0.00025     |
|    entropy_loss         | -8.27       |
|    explained_variance   | 0.0023      |
|    loss                 | -0.165      |
|    n_updates            | 200         |
|    policy_gradient_loss | -9.34e-05   |
|    u_learning_rate      | 5e-05       |
|    v_learning_rate      | 0.0005      |
|    value_loss           | 0.000614    |
-----------------------------------------
testing
testing
testing
testing
testing
testing
testing
testing
testing
testing
testing
testing
testing
oo
oo
oo
oo
oo
oo
oo
oo
oo
oo
oo
oo
oo
oo
oo
oo
oo
oo
oo
oo
oo
oo
oo
oo
oo
oo
oo
oo
oo
oo
oo
oo
oo
oo
oo
oo
oo
oo
oo
oo
oo
oo
oo
oo
oo
oo
oo
oo
oo
oo
oo
oo
oo
oo
oo
oo
oo
oo
oo
oo
oo
oo
oo
oo
oo
oo
oo
oo
oo
oo
oo
oo
oo
oo
oo
oo
oo
oo
oo
oo
oo
oo
oo
oo
oo
oo
oo
oo
oo
oo
oo
oo
oo
oo
oo
oo
oo
oo
oo
oo
oo
oo
oo
oo
oo
oo
oo
oo
oo
oo
oo
oo
oo
oo
oo
oo
oo
oo
oo
oo
oo
oo
oo
oo
oo
oo
oo
oo
oo
oo
oo
oo
oo
oo
oo
oo
oo
oo
oo
oo
oo
oo
oo
oo
oo
oo
oo
oo
oo
oo
oo
oo
oo
oo
oo
oo
oo
oo
oo
oo
oo
oo
oo
oo
oo
oo
oo
oo
oo
oo
oo
oo
oo
oo
oo
oo
oo
oo
oo
oo
oo
oo
oo
oo
oo
oo
oo
oo
oo
oo
oo
oo
oo
oo
oo
oo
oo
oo
oo
oo
oo
oo
oo
oo
oo
oo
oo
oo
oo
oo
oo
oo
-------------------------------------------
| rollout/                |               |
|    ep_len_mean          | 329           |
|    ep_rew_mean          | 0.212         |
| time/                   |               |
|    fps                  | 46            |
|    iterations           | 11            |
|    time_elapsed         | 8740          |
|    total_timesteps      | 405504        |
| train/                  |               |
|    approx_kl            | 4.2879888e-06 |
|    clip_fraction        | 0             |
|    clip_range           | 0.2           |
|    d_learning_rate      | 0.00025       |
|    entropy_loss         | -8.27         |
|    explained_variance   | 0.0012        |
|    loss                 | -0.165        |
|    n_updates            | 200           |
|    policy_gradient_loss | -6.55e-05     |
|    u_learning_rate      | 5e-05         |
|    v_learning_rate      | 0.0005        |
|    value_loss           | 0.000582      |
-------------------------------------------
testing
testing
testing
testing
testing
testing
testing
testing
testing
testing
testing
testing
testing
oo
oo
oo
oo
oo
oo
oo
oo
oo
oo
oo
oo
oo
oo
oo
oo
oo
oo
oo
oo
oo
oo
oo
oo
oo
oo
oo
oo
oo
oo
oo
oo
oo
oo
oo
oo
oo
oo
oo
oo
oo
oo
oo
oo
oo
oo
oo
oo
oo
oo
oo
oo
oo
oo
oo
oo
oo
oo
oo
oo
oo
oo
oo
oo
oo
oo
oo
oo
oo
oo
oo
oo
oo
oo
oo
oo
oo
oo
oo
oo
oo
oo
oo
oo
oo
oo
oo
oo
oo
oo
oo
oo
oo
oo
oo
oo
oo
oo
oo
oo
oo
oo
oo
oo
oo
oo
oo
oo
oo
oo
oo
oo
oo
oo
oo
oo
oo
oo
oo
oo
oo
oo
oo
oo
oo
oo
oo
oo
oo
oo
oo
oo
oo
oo
oo
oo
oo
oo
oo
oo
oo
oo
oo
oo
oo
oo
oo
oo
oo
oo
oo
oo
oo
oo
oo
oo
oo
oo
oo
oo
oo
oo
oo
oo
oo
oo
oo
oo
oo
oo
oo
oo
oo
oo
oo
oo
oo
oo
oo
oo
oo
oo
oo
oo
oo
oo
oo
oo
oo
oo
oo
oo
oo
oo
oo
oo
oo
oo
oo
oo
oo
oo
oo
oo
oo
oo
oo
oo
oo
oo
oo
oo
oo
oo
-----------------------------------------
| rollout/                |             |
|    ep_len_mean          | 323         |
|    ep_rew_mean          | 0.302       |
| time/                   |             |
|    fps                  | 46          |
|    iterations           | 12          |
|    time_elapsed         | 9583        |
|    total_timesteps      | 442368      |
| train/                  |             |
|    approx_kl            | 4.04313e-06 |
|    clip_fraction        | 0           |
|    clip_range           | 0.2         |
|    d_learning_rate      | 0.00025     |
|    entropy_loss         | -8.27       |
|    explained_variance   | 0.00987     |
|    loss                 | -0.166      |
|    n_updates            | 220         |
|    policy_gradient_loss | -6.05e-05   |
|    u_learning_rate      | 5e-05       |
|    v_learning_rate      | 0.0005      |
|    value_loss           | 0.00058     |
-----------------------------------------
testing
testing
testing
testing
testing
testing
testing
testing
testing
testing
testing
testing
testing
oo
oo
oo
oo
oo
oo
oo
oo
oo
oo
oo
oo
oo
oo
oo
oo
oo
oo
oo
oo
oo
oo
oo
oo
oo
oo
oo
oo
oo
oo
oo
oo
oo
oo
oo
oo
oo
oo
oo
oo
oo
oo
oo
oo
oo
oo
oo
oo
oo
oo
oo
oo
oo
oo
oo
oo
oo
oo
oo
oo
oo
oo
oo
oo
oo
oo
oo
oo
oo
oo
oo
oo
oo
oo
oo
oo
oo
oo
oo
oo
oo
oo
oo
oo
oo
oo
oo
oo
oo
oo
oo
oo
oo
oo
oo
oo
oo
oo
oo
oo
oo
oo
oo
oo
oo
oo
oo
oo
oo
oo
oo
oo
oo
oo
oo
oo
oo
oo
oo
oo
oo
oo
oo
oo
oo
oo
oo
oo
oo
oo
oo
oo
oo
oo
oo
oo
oo
oo
oo
oo
oo
oo
oo
oo
oo
oo
oo
oo
oo
oo
oo
oo
oo
oo
oo
oo
oo
oo
oo
oo
oo
oo
oo
oo
oo
oo
oo
oo
oo
oo
oo
oo
oo
oo
oo
oo
oo
oo
oo
oo
oo
oo
oo
oo
oo
oo
oo
oo
oo
oo
oo
oo
oo
oo
oo
oo
oo
oo
oo
oo
-------------------------------------------
| rollout/                |               |
|    ep_len_mean          | 333           |
|    ep_rew_mean          | 0.151         |
| time/                   |               |
|    fps                  | 46            |
|    iterations           | 12            |
|    time_elapsed         | 9590          |
|    total_timesteps      | 442368        |
| train/                  |               |
|    approx_kl            | 4.4261674e-06 |
|    clip_fraction        | 0             |
|    clip_range           | 0.2           |
|    d_learning_rate      | 0.00025       |
|    entropy_loss         | -8.27         |
|    explained_variance   | 0.00614       |
|    loss                 | -0.166        |
|    n_updates            | 220           |
|    policy_gradient_loss | -6.34e-05     |
|    u_learning_rate      | 5e-05         |
|    v_learning_rate      | 0.0005        |
|    value_loss           | 0.000477      |
-------------------------------------------
testing
testing
testing
testing
testing
testing
testing
testing
testing
testing
testing
testing
testing
oo
oo
oo
oo
oo
oo
oo
oo
oo
oo
oo
oo
oo
oo
oo
oo
oo
oo
oo
oo
oo
oo
oo
oo
oo
oo
oo
oo
oo
oo
oo
oo
oo
oo
oo
oo
oo
oo
oo
oo
oo
oo
oo
oo
oo
oo
oo
oo
oo
oo
oo
oo
oo
oo
oo
oo
oo
oo
oo
oo
oo
oo
oo
oo
oo
oo
oo
oo
oo
oo
oo
oo
oo
oo
oo
oo
oo
oo
oo
oo
oo
oo
oo
oo
oo
oo
oo
oo
oo
oo
oo
oo
oo
oo
oo
oo
oo
oo
oo
oo
oo
oo
oo
oo
oo
oo
oo
oo
oo
oo
oo
oo
oo
oo
oo
oo
oo
oo
oo
oo
oo
oo
oo
oo
oo
oo
oo
oo
oo
oo
oo
oo
oo
oo
oo
oo
oo
oo
oo
oo
oo
oo
oo
oo
oo
oo
oo
oo
oo
oo
oo
oo
oo
oo
oo
oo
oo
oo
oo
oo
oo
oo
oo
oo
oo
oo
oo
oo
oo
oo
oo
oo
oo
oo
oo
oo
oo
oo
oo
oo
oo
oo
oo
oo
oo
oo
oo
oo
oo
oo
oo
oo
oo
oo
oo
oo
oo
oo
oo
oo
oo
oo
oo
oo
oo
oo
oo
oo
oo
oo
oo
oo
oo
oo
oo
oo
oo
oo
oo
oo
oo
oo
oo
-------------------------------------------
| rollout/                |               |
|    ep_len_mean          | 326           |
|    ep_rew_mean          | 0.255         |
| time/                   |               |
|    fps                  | 46            |
|    iterations           | 12            |
|    time_elapsed         | 9597          |
|    total_timesteps      | 442368        |
| train/                  |               |
|    approx_kl            | 5.8724854e-06 |
|    clip_fraction        | 0             |
|    clip_range           | 0.2           |
|    d_learning_rate      | 0.00025       |
|    entropy_loss         | -8.27         |
|    explained_variance   | 0.0125        |
|    loss                 | -0.166        |
|    n_updates            | 220           |
|    policy_gradient_loss | -8.8e-05      |
|    u_learning_rate      | 5e-05         |
|    v_learning_rate      | 0.0005        |
|    value_loss           | 0.00059       |
-------------------------------------------
testing
testing
testing
testing
testing
testing
testing
testing
testing
testing
testing
testing
testing
oo
oo
oo
oo
oo
oo
oo
oo
oo
oo
oo
oo
oo
oo
oo
oo
oo
oo
oo
oo
oo
oo
oo
oo
oo
oo
oo
oo
oo
oo
oo
oo
oo
oo
oo
oo
oo
oo
oo
oo
oo
oo
oo
oo
oo
oo
oo
oo
oo
oo
oo
oo
oo
oo
oo
oo
oo
oo
oo
oo
oo
oo
oo
oo
oo
oo
oo
oo
oo
oo
oo
oo
oo
oo
oo
oo
oo
oo
oo
oo
oo
oo
oo
oo
oo
oo
oo
oo
oo
oo
oo
oo
oo
oo
oo
oo
oo
oo
oo
oo
oo
oo
oo
oo
oo
oo
oo
oo
oo
oo
oo
oo
oo
oo
oo
oo
oo
oo
oo
oo
oo
oo
oo
oo
oo
oo
oo
oo
oo
oo
oo
oo
oo
oo
oo
oo
oo
oo
oo
oo
oo
oo
oo
oo
oo
oo
oo
oo
oo
oo
oo
oo
oo
oo
oo
oo
oo
oo
oo
oo
oo
oo
oo
oo
oo
oo
oo
oo
oo
oo
oo
oo
oo
oo
oo
oo
oo
oo
oo
oo
oo
oo
oo
oo
oo
oo
oo
oo
oo
oo
------------------------------------------
| rollout/                |              |
|    ep_len_mean          | 333          |
|    ep_rew_mean          | 0.196        |
| time/                   |              |
|    fps                  | 46           |
|    iterations           | 12           |
|    time_elapsed         | 9598         |
|    total_timesteps      | 442368       |
| train/                  |              |
|    approx_kl            | 4.508667e-06 |
|    clip_fraction        | 0            |
|    clip_range           | 0.2          |
|    d_learning_rate      | 0.00025      |
|    entropy_loss         | -8.27        |
|    explained_variance   | 0.00578      |
|    loss                 | -0.166       |
|    n_updates            | 220          |
|    policy_gradient_loss | -7.11e-05    |
|    u_learning_rate      | 5e-05        |
|    v_learning_rate      | 0.0005       |
|    value_loss           | 0.000477     |
------------------------------------------
testing
testing
testing
testing
testing
testing
testing
testing
testing
testing
testing
testing
testing
oo
oo
oo
oo
oo
oo
oo
oo
oo
oo
oo
oo
oo
oo
oo
oo
oo
oo
oo
oo
oo
oo
oo
oo
oo
oo
oo
oo
oo
oo
oo
oo
oo
oo
oo
oo
oo
oo
oo
oo
oo
oo
oo
oo
oo
oo
oo
oo
oo
oo
oo
oo
oo
oo
oo
oo
oo
oo
oo
oo
oo
oo
oo
oo
oo
oo
oo
oo
oo
oo
oo
oo
oo
oo
oo
oo
oo
oo
oo
oo
oo
oo
oo
oo
oo
oo
oo
oo
oo
oo
oo
oo
oo
oo
oo
oo
oo
oo
oo
oo
oo
oo
oo
oo
oo
oo
oo
oo
oo
oo
oo
oo
oo
oo
oo
oo
oo
oo
oo
oo
oo
oo
oo
oo
oo
oo
oo
oo
oo
oo
oo
oo
oo
oo
oo
oo
oo
oo
oo
oo
oo
oo
oo
oo
oo
oo
oo
oo
oo
oo
oo
oo
oo
oo
oo
oo
oo
oo
oo
oo
oo
oo
oo
oo
oo
oo
oo
oo
oo
oo
oo
oo
oo
oo
oo
oo
oo
oo
oo
oo
oo
oo
oo
oo
oo
oo
oo
oo
oo
oo
oo
oo
oo
oo
oo
oo
oo
oo
oo
oo
oo
oo
oo
oo
oo
oo
oo
oo
oo
oo
oo
oo
oo
oo
oo
oo
oo
oo
oo
oo
oo
oo
oo
oo
oo
oo
oo
oo
oo
oo
oo
------------------------------------------
| rollout/                |              |
|    ep_len_mean          | 328          |
|    ep_rew_mean          | 0.335        |
| time/                   |              |
|    fps                  | 46           |
|    iterations           | 12           |
|    time_elapsed         | 9600         |
|    total_timesteps      | 442368       |
| train/                  |              |
|    approx_kl            | 4.257703e-06 |
|    clip_fraction        | 0            |
|    clip_range           | 0.2          |
|    d_learning_rate      | 0.00025      |
|    entropy_loss         | -8.27        |
|    explained_variance   | 0.00514      |
|    loss                 | -0.165       |
|    n_updates            | 220          |
|    policy_gradient_loss | -6.26e-05    |
|    u_learning_rate      | 5e-05        |
|    v_learning_rate      | 0.0005       |
|    value_loss           | 0.000685     |
------------------------------------------
testing
testing
testing
testing
testing
testing
testing
testing
testing
testing
testing
testing
testing
oo
oo
oo
oo
oo
oo
oo
oo
oo
oo
oo
oo
oo
oo
oo
oo
oo
oo
oo
oo
oo
oo
oo
oo
oo
oo
oo
oo
oo
oo
oo
oo
oo
oo
oo
oo
oo
oo
oo
oo
oo
oo
oo
oo
oo
oo
oo
oo
oo
oo
oo
oo
oo
oo
oo
oo
oo
oo
oo
oo
oo
oo
oo
oo
oo
oo
oo
oo
oo
oo
oo
oo
oo
oo
oo
oo
oo
oo
oo
oo
oo
oo
oo
oo
oo
oo
oo
oo
oo
oo
oo
oo
oo
oo
oo
oo
oo
oo
oo
oo
oo
oo
oo
oo
oo
oo
oo
oo
oo
oo
oo
oo
oo
oo
oo
oo
oo
oo
oo
oo
oo
oo
oo
oo
oo
oo
oo
oo
oo
oo
oo
oo
oo
oo
oo
oo
oo
oo
oo
oo
oo
oo
oo
oo
oo
oo
oo
oo
oo
oo
oo
oo
oo
oo
oo
oo
oo
oo
oo
oo
oo
oo
oo
oo
oo
oo
oo
oo
oo
oo
oo
oo
oo
oo
oo
oo
oo
oo
oo
oo
oo
oo
oo
oo
oo
oo
oo
oo
oo
oo
oo
oo
oo
oo
oo
oo
oo
oo
oo
oo
oo
oo
oo
oo
oo
oo
oo
oo
oo
oo
oo
oo
oo
oo
oo
oo
oo
oo
oo
oo
oo
oo
oo
oo
oo
------------------------------------------
| rollout/                |              |
|    ep_len_mean          | 321          |
|    ep_rew_mean          | 0.316        |
| time/                   |              |
|    fps                  | 45           |
|    iterations           | 13           |
|    time_elapsed         | 10457        |
|    total_timesteps      | 479232       |
| train/                  |              |
|    approx_kl            | 4.893793e-06 |
|    clip_fraction        | 0            |
|    clip_range           | 0.2          |
|    d_learning_rate      | 0.00025      |
|    entropy_loss         | -8.27        |
|    explained_variance   | 0.00182      |
|    loss                 | -0.165       |
|    n_updates            | 240          |
|    policy_gradient_loss | -7.06e-05    |
|    u_learning_rate      | 5e-05        |
|    v_learning_rate      | 0.0005       |
|    value_loss           | 0.000623     |
------------------------------------------
testing
testing
testing
testing
testing
testing
testing
testing
testing
testing
testing
testing
testing
oo
oo
oo
oo
oo
oo
oo
oo
oo
oo
oo
oo
oo
oo
oo
oo
oo
oo
oo
oo
oo
oo
oo
oo
oo
oo
oo
oo
oo
oo
oo
oo
oo
oo
oo
oo
oo
oo
oo
oo
oo
oo
oo
oo
oo
oo
oo
oo
oo
oo
oo
oo
oo
oo
oo
oo
oo
oo
oo
oo
oo
oo
oo
oo
oo
oo
oo
oo
oo
oo
oo
oo
oo
oo
oo
oo
oo
oo
oo
oo
oo
oo
oo
oo
oo
oo
oo
oo
oo
oo
oo
oo
oo
oo
oo
oo
oo
oo
oo
oo
oo
oo
oo
oo
oo
oo
oo
oo
oo
oo
oo
oo
oo
oo
oo
oo
oo
oo
oo
oo
oo
oo
oo
oo
oo
oo
oo
oo
oo
oo
oo
oo
oo
oo
oo
oo
oo
oo
oo
oo
oo
oo
oo
oo
oo
oo
oo
oo
oo
oo
oo
oo
oo
oo
oo
oo
oo
oo
oo
oo
oo
oo
oo
oo
oo
oo
oo
oo
oo
oo
oo
oo
oo
oo
oo
oo
oo
oo
oo
oo
oo
oo
oo
oo
oo
oo
oo
-------------------------------------------
| rollout/                |               |
|    ep_len_mean          | 333           |
|    ep_rew_mean          | 0.178         |
| time/                   |               |
|    fps                  | 45            |
|    iterations           | 13            |
|    time_elapsed         | 10461         |
|    total_timesteps      | 479232        |
| train/                  |               |
|    approx_kl            | 5.0211743e-06 |
|    clip_fraction        | 0             |
|    clip_range           | 0.2           |
|    d_learning_rate      | 0.00025       |
|    entropy_loss         | -8.27         |
|    explained_variance   | 0.00613       |
|    loss                 | -0.166        |
|    n_updates            | 240           |
|    policy_gradient_loss | -7.34e-05     |
|    u_learning_rate      | 5e-05         |
|    v_learning_rate      | 0.0005        |
|    value_loss           | 0.000422      |
-------------------------------------------
testing
testing
testing
testing
testing
testing
testing
testing
testing
testing
testing
testing
testing
oo
oo
oo
oo
oo
oo
oo
oo
oo
oo
oo
oo
oo
oo
oo
oo
oo
oo
oo
oo
oo
oo
oo
oo
oo
oo
oo
oo
oo
oo
oo
oo
oo
oo
oo
oo
oo
oo
oo
oo
oo
oo
oo
oo
oo
oo
oo
oo
oo
oo
oo
oo
oo
oo
oo
oo
oo
oo
oo
oo
oo
oo
oo
oo
oo
oo
oo
oo
oo
oo
oo
oo
oo
oo
oo
oo
oo
oo
oo
oo
oo
oo
oo
oo
oo
oo
oo
oo
oo
oo
oo
oo
oo
oo
oo
oo
oo
oo
oo
oo
oo
oo
oo
oo
oo
oo
oo
oo
oo
oo
oo
oo
oo
oo
oo
oo
oo
oo
oo
oo
oo
oo
oo
oo
oo
oo
oo
oo
oo
oo
oo
oo
oo
oo
oo
oo
oo
oo
oo
oo
oo
oo
oo
oo
oo
oo
oo
oo
oo
oo
oo
oo
oo
oo
oo
oo
oo
oo
oo
oo
oo
oo
oo
oo
oo
oo
oo
oo
oo
oo
oo
oo
oo
oo
oo
oo
oo
oo
oo
oo
oo
oo
oo
oo
oo
oo
oo
oo
oo
oo
oo
oo
oo
oo
oo
oo
oo
oo
oo
oo
oo
oo
oo
oo
oo
oo
oo
oo
oo
oo
oo
oo
oo
oo
oo
oo
-------------------------------------------
| rollout/                |               |
|    ep_len_mean          | 324           |
|    ep_rew_mean          | 0.257         |
| time/                   |               |
|    fps                  | 45            |
|    iterations           | 13            |
|    time_elapsed         | 10466         |
|    total_timesteps      | 479232        |
| train/                  |               |
|    approx_kl            | 4.8813267e-06 |
|    clip_fraction        | 0             |
|    clip_range           | 0.2           |
|    d_learning_rate      | 0.00025       |
|    entropy_loss         | -8.27         |
|    explained_variance   | -0.000668     |
|    loss                 | -0.166        |
|    n_updates            | 240           |
|    policy_gradient_loss | -7.4e-05      |
|    u_learning_rate      | 5e-05         |
|    v_learning_rate      | 0.0005        |
|    value_loss           | 0.000551      |
-------------------------------------------
testing
testing
testing
testing
testing
testing
testing
testing
testing
testing
testing
testing
testing
oo
oo
oo
oo
oo
oo
oo
oo
oo
oo
oo
oo
oo
oo
oo
oo
oo
oo
oo
oo
oo
oo
oo
oo
oo
oo
oo
oo
oo
oo
oo
oo
oo
oo
oo
oo
oo
oo
oo
oo
oo
oo
oo
oo
oo
oo
oo
oo
oo
oo
oo
oo
oo
oo
oo
oo
oo
oo
oo
oo
oo
oo
oo
oo
oo
oo
oo
oo
oo
oo
oo
oo
oo
oo
oo
oo
oo
oo
oo
oo
oo
oo
oo
oo
oo
oo
oo
oo
oo
oo
oo
oo
oo
oo
oo
oo
oo
oo
oo
oo
oo
oo
oo
oo
oo
oo
oo
oo
oo
oo
oo
oo
oo
oo
oo
oo
oo
oo
oo
oo
oo
oo
oo
oo
oo
oo
oo
oo
oo
oo
oo
oo
oo
oo
oo
oo
oo
oo
oo
oo
oo
oo
oo
oo
oo
oo
oo
oo
oo
oo
oo
oo
oo
oo
oo
oo
oo
oo
oo
oo
oo
oo
oo
oo
oo
oo
oo
oo
oo
oo
oo
oo
oo
oo
oo
oo
oo
oo
oo
oo
oo
oo
oo
oo
oo
oo
oo
oo
oo
oo
oo
oo
oo
oo
oo
oo
oo
oo
oo
oo
oo
oo
oo
oo
oo
------------------------------------------
| rollout/                |              |
|    ep_len_mean          | 334          |
|    ep_rew_mean          | 0.201        |
| time/                   |              |
|    fps                  | 45           |
|    iterations           | 13           |
|    time_elapsed         | 10467        |
|    total_timesteps      | 479232       |
| train/                  |              |
|    approx_kl            | 4.596748e-06 |
|    clip_fraction        | 0            |
|    clip_range           | 0.2          |
|    d_learning_rate      | 0.00025      |
|    entropy_loss         | -8.27        |
|    explained_variance   | 0.00444      |
|    loss                 | -0.166       |
|    n_updates            | 240          |
|    policy_gradient_loss | -6.94e-05    |
|    u_learning_rate      | 5e-05        |
|    v_learning_rate      | 0.0005       |
|    value_loss           | 0.000458     |
------------------------------------------
testing
testing
testing
testing
testing
testing
testing
testing
testing
testing
testing
testing
testing
oo
oo
oo
oo
oo
oo
oo
oo
oo
oo
oo
oo
oo
oo
oo
oo
oo
oo
oo
oo
oo
oo
oo
oo
oo
oo
oo
oo
oo
oo
oo
oo
oo
oo
oo
oo
oo
oo
oo
oo
oo
oo
oo
oo
oo
oo
oo
oo
oo
oo
oo
oo
oo
oo
oo
oo
oo
oo
oo
oo
oo
oo
oo
oo
oo
oo
oo
oo
oo
oo
oo
oo
oo
oo
oo
oo
oo
oo
oo
oo
oo
oo
oo
oo
oo
oo
oo
oo
oo
oo
oo
oo
oo
oo
oo
oo
oo
oo
oo
oo
oo
oo
oo
oo
oo
oo
oo
oo
oo
oo
oo
oo
oo
oo
oo
oo
oo
oo
oo
oo
oo
oo
oo
oo
oo
oo
oo
oo
oo
oo
oo
oo
oo
oo
oo
oo
oo
oo
oo
oo
oo
oo
oo
oo
oo
oo
oo
oo
oo
oo
oo
oo
oo
oo
oo
oo
oo
oo
oo
oo
oo
oo
oo
oo
oo
oo
oo
oo
oo
oo
oo
oo
oo
oo
oo
oo
oo
oo
oo
oo
oo
oo
oo
oo
oo
oo
oo
oo
oo
oo
oo
oo
oo
oo
oo
oo
oo
oo
oo
oo
oo
oo
oo
oo
oo
oo
oo
oo
oo
oo
oo
oo
oo
oo
oo
-------------------------------------------
| rollout/                |               |
|    ep_len_mean          | 317           |
|    ep_rew_mean          | 0.32          |
| time/                   |               |
|    fps                  | 45            |
|    iterations           | 13            |
|    time_elapsed         | 10470         |
|    total_timesteps      | 479232        |
| train/                  |               |
|    approx_kl            | 5.7555076e-06 |
|    clip_fraction        | 0             |
|    clip_range           | 0.2           |
|    d_learning_rate      | 0.00025       |
|    entropy_loss         | -8.27         |
|    explained_variance   | -0.00154      |
|    loss                 | -0.166        |
|    n_updates            | 240           |
|    policy_gradient_loss | -8.13e-05     |
|    u_learning_rate      | 5e-05         |
|    v_learning_rate      | 0.0005        |
|    value_loss           | 0.000691      |
-------------------------------------------
